175	232	0.037538
171	277	0.71165
171	275	0.71165
164	54	0.067328
101	227	0.26704
42	310	0.56634
172	267	0.27282
174	257	0.34927
103	217	0.2968
181	133	0.20203
171	293	0.71165
104	209	0.082745
172	275	0.1105
177	211	0.38146
172	270	0.1105
178	207	0.82066
42	302	0.22927
172	277	0.1105
177	219	0.25668
161	79	0.51928
166	19	0.027508
44	314	0.30043
160	84	0.25973
166	26	0.021966
171	270	0.71165
44	305	0.71165
180	128	0.23133
44	303	0.36944
180	121	0.34561
162	79	0.43617
170	283	0.062415
163	62	0.025029
175	225	0.040049
253	8	1.0
164	48	0.076408
160	90	0.13143
101	214	0.14794
46	311	0.24963
176	260	0.29908
51	217	0.37195
175	271	0.03798
168	50	0.19894
177	250	0.091075
186	107	0.028068
181	160	0.10067
104	238	0.098973
100	281	0.19112
164	96	0.044487
242	307	0.018997
183	130	0.32247
100	275	0.1902
100	277	0.1902
106	203	0.29319
174	281	0.19112
111	108	0.020174
179	221	0.10124
185	124	0.06652
167	75	0.23049
46	302	0.24037
176	270	0.29517
185	127	0.13726
180	180	1.0
180	182	1.0
100	293	0.18831
259	3	0.17521
176	277	0.29517
187	102	0.13861
186	119	0.02326
101	280	0.26881
186	112	0.042661
176	275	0.29517
165	90	0.25743
41	10	0.21566
106	218	0.29319
111	111	1.0
243	300	0.26229
107	207	0.22006
183	149	0.50948
174	293	0.18831
102	268	0.3878
102	269	0.38797
175	253	0.042643
256	8	0.019894
167	49	0.25724
168	38	0.21582
42	38	0.56634
100	257	0.34927
41	41	1.0
164	73	0.13555
165	62	0.031549
165	61	0.28794
182	121	0.34561
172	281	0.12718
171	298	0.48342
183	116	0.50948
179	201	0.062277
182	128	0.23133
178	213	0.34045
183	113	0.50948
167	53	0.25116
167	52	0.25605
104	223	0.084078
174	275	0.1902
257	3	0.21618
174	277	0.1902
167	59	0.22542
168	42	0.21582
181	152	0.14758
168	46	0.23766
110	110	1.0
100	270	0.1902
101	252	0.14794
164	82	0.064714
41	33	0.22643
41	36	0.21928
174	270	0.1902
40	40	1.0
178	225	0.42123
166	62	0.027508
105	260	0.36461
246	305	0.10442
108	228	0.024802
104	272	0.098973
114	114	1.0
177	295	0.41699
169	82	0.086655
240	30	0.13626
42	57	0.28222
251	206	0.10563
43	43	1.0
43	45	0.34399
240	25	0.080285
112	132	0.080273
169	78	0.060837
49	313	0.43498
54	218	0.37579
42	50	0.3825
189	106	0.31022
179	266	0.13473
108	225	0.18512
245	313	0.12841
41	60	0.22668
105	270	0.36198
251	212	0.075784
251	215	0.15196
44	23	0.71165
186	151	0.033021
106	263	0.32557
169	93	0.094072
42	46	0.56634
115	115	1.0
105	275	0.36198
247	304	0.021776
111	160	0.019314
105	277	0.36198
41	52	0.21638
54	203	0.37579
41	51	0.21774
184	171	0.22851
49	307	0.4243
182	197	1.0
49	308	0.43875
42	42	1.0
183	183	1.0
106	258	0.38496
185	160	0.077944
113	130	0.32247
112	148	0.08117
181	181	1.0
180	197	1.0
56	218	0.27324
179	249	0.094287
168	71	0.22369
177	271	0.5032
168	76	0.22991
106	231	0.32557
42	71	0.27838
112	112	1.0
55	221	0.061278
54	237	0.37579
103	261	0.31985
54	231	0.37287
112	114	0.043845
167	80	0.18431
184	142	0.2376
103	260	0.71701
114	104	0.10113
109	205	0.35058
245	308	0.1299
43	58	0.34399
245	307	0.12452
44	44	1.0
113	116	0.50948
182	182	1.0
51	260	0.52875
55	215	0.27741
51	261	0.33829
182	180	1.0
56	203	0.27324
106	237	0.29319
240	15	0.079975
179	255	0.079283
113	113	1.0
107	225	0.12202
188	109	0.056339
102	287	0.27214
186	186	1.0
44	74	0.48052
116	130	0.32247
244	24	0.025209
63	113	0.50948
52	287	0.32532
61	133	0.061063
56	231	0.27182
60	147	0.26658
56	237	0.27324
117	117	1.0
241	54	0.050237
54	258	0.37742
249	305	0.24762
114	153	0.25606
46	42	0.56634
45	58	0.51928
112	179	0.046742
250	250	1.0
53	269	0.42398
189	147	0.57969
118	106	0.17763
47	30	0.1564
46	46	1.0
53	268	0.70583
43	79	0.34399
119	107	0.037584
119	108	0.042196
58	203	0.51928
114	169	0.1103
50	297	0.38362
47	28	0.25885
116	149	0.50948
188	171	0.059967
187	187	1.0
112	186	0.042661
108	271	0.025016
46	38	0.56634
253	228	0.037793
47	27	0.25885
55	233	0.45334
260	105	0.36461
45	45	1.0
251	251	1.0
62	108	0.033068
52	268	0.52083
255	207	0.25835
52	269	0.43276
189	158	0.34274
45	48	0.43617
260	103	0.71701
118	118	1.0
114	137	0.11108
63	130	0.32247
58	231	0.51497
113	149	0.50948
46	71	0.21587
243	14	1.0
116	113	0.50948
253	200	0.035629
48	45	0.43617
248	303	0.023608
61	152	0.23181
48	48	1.0
116	116	1.0
111	175	0.024363
243	19	0.020741
252	214	0.50948
56	258	0.27691
112	153	0.15068
65	103	0.37921
183	198	0.50948
179	283	0.10392
112	151	0.057494
65	105	0.31866
53	287	0.33815
104	290	0.090671
114	132	0.13219
250	233	0.081248
242	26	0.019497
45	79	0.51928
184	184	1.0
185	170	0.13726
114	148	0.13424
243	26	0.019586
186	175	0.030649
105	293	0.36009
186	177	0.025726
242	39	0.02066
251	233	0.25247
243	24	0.019487
188	150	0.43058
244	19	0.024938
253	213	0.032122
60	158	0.26656
244	17	0.34271
117	107	0.04061
55	250	0.086734
55	251	0.23473
240	54	0.053204
47	47	1.0
248	304	0.025586
248	306	0.023398
63	116	0.50948
184	199	0.2423
58	218	0.51928
46	50	0.38139
185	185	1.0
108	253	0.033068
189	136	0.3459
46	57	0.3129
54	263	0.37287
247	253	0.019603
53	192	0.36983
312	312	1.0
248	248	1.0
313	308	0.43875
254	130	0.62669
313	307	0.4243
174	7	0.18831
254	125	0.19596
254	128	0.26552
250	170	0.086734
107	195	0.15283
250	177	0.091075
109	171	0.71165
246	277	0.10442
257	100	0.34927
58	126	0.51322
56	145	0.27325
57	130	0.30836
47	290	0.10245
248	253	0.029476
52	192	0.37853
313	313	1.0
39	83	0.25749
175	8	0.042643
55	153	0.058164
49	268	0.42398
49	269	0.43498
100	7	0.18831
56	140	0.27324
59	102	0.34154
54	161	0.37579
246	275	0.10442
251	170	0.23473
250	185	0.12436
246	270	0.10442
237	79	0.51928
252	130	0.32247
172	9	0.16667
246	246	1.0
248	225	0.024142
107	178	0.22013
310	310	1.0
55	185	0.13726
107	173	0.15629
106	189	0.31022
237	48	0.43617
233	91	0.060064
251	141	0.13518
311	302	0.23683
237	45	0.51928
238	30	0.1564
238	47	0.30701
58	145	0.51322
247	240	0.079975
252	149	0.50948
247	247	1.0
58	140	0.51928
250	160	0.087532
108	175	0.034162
245	260	0.13104
236	62	0.026404
56	161	0.27324
237	58	0.51928
311	311	1.0
245	269	0.12841
245	268	0.12423
108	177	0.030865
55	170	0.50724
49	287	0.29409
248	282	0.027429
252	198	0.50948
257	136	0.35948
249	275	0.24762
258	126	0.70623
249	270	0.24762
310	38	0.56634
253	186	0.034503
255	153	0.27969
177	1	0.029753
255	155	0.21405
238	92	0.25885
249	266	0.34144
254	168	0.2308
177	8	0.029239
248	294	0.027258
310	42	0.56634
163	304	0.019642
58	161	0.51928
58	162	0.43617
259	122	0.17893
256	150	0.024528
249	277	0.24762
249	279	0.34218
257	141	0.21169
59	147	0.34932
314	314	1.0
253	165	0.031549
249	249	1.0
314	305	0.30043
101	5	0.26704
251	185	0.075922
310	21	0.29277
252	183	0.50948
57	197	0.25153
253	175	0.042643
256	134	0.021151
255	146	0.21405
246	293	0.10207
258	161	0.52143
165	304	0.03192
312	47	0.04243
257	174	0.34927
310	71	0.34089
256	188	0.022531
314	23	0.29853
311	71	0.3862
59	192	0.36932
160	37	0.083261
170	221	0.061278
311	76	1.0
170	215	0.27741
314	36	0.30322
59	189	0.32733
313	49	0.43498
258	145	0.70623
310	57	0.25153
258	140	0.52143
310	50	0.38362
259	136	0.44907
312	30	0.050212
311	46	0.24963
311	42	0.18209
249	293	0.34372
255	178	0.21405
255	173	0.15047
160	11	0.16985
259	141	0.27529
311	57	0.30135
105	7	0.36009
256	172	0.021982
256	175	0.021746
256	177	0.02101
259	193	0.43058
173	213	0.30107
313	80	0.30709
161	58	0.51928
312	93	0.14843
170	250	0.086734
162	45	0.43617
170	251	0.23473
313	75	0.38797
168	310	0.19398
168	311	0.22991
160	61	0.10391
173	225	0.28976
169	312	0.12384
175	200	0.037825
162	58	0.43617
252	5	0.26404
162	48	0.39412
164	29	0.19125
108	8	0.033068
167	308	0.2595
170	233	0.45334
257	190	0.20248
313	52	0.43276
313	53	0.42398
167	307	0.25186
313	59	0.37982
314	44	0.30043
257	193	0.28038
173	207	0.55481
109	7	1.0
161	48	0.43617
161	45	0.51928
163	15	0.11146
163	19	0.025029
167	313	0.25724
172	44	0.1105
104	312	0.11451
50	302	0.15891
183	214	0.50948
179	301	0.063534
269	192	0.37982
190	100	0.56206
100	24	1.0
101	13	0.14794
190	109	0.15989
101	16	0.14794
181	250	0.029621
180	267	0.34507
174	24	1.0
64	8	0.0264
105	305	0.36198
175	19	0.042643
64	6	0.029127
172	24	0.17209
181	219	0.14758
181	215	0.060664
102	313	0.38797
267	197	0.34507
171	44	0.71165
103	314	0.30322
181	233	0.025166
66	7	0.29471
50	310	0.38362
182	212	0.34564
173	17	0.37627
178	306	0.82066
268	192	0.36983
170	55	0.50724
173	72	0.37676
185	233	0.13498
178	17	0.55179
180	297	1.0
181	283	0.024665
182	267	0.34507
53	307	0.70583
183	252	0.50948
192	102	0.34154
53	308	0.33003
264	8	0.025815
108	303	0.10476
52	313	0.43276
112	212	0.071666
111	228	0.019263
176	36	0.29908
109	305	0.71165
109	303	0.36849
103	33	0.31604
102	49	0.38797
173	89	0.55512
114	209	0.1014
181	295	0.099602
112	221	0.061689
111	232	0.019723
176	44	0.29517
113	214	0.50948
265	8	0.016398
52	307	0.51897
52	308	0.40279
101	20	0.26704
185	215	0.10276
172	66	0.12271
190	118	0.28798
176	10	0.29431
171	74	0.48052
100	44	0.1902
101	35	0.26704
264	4	1.0
186	212	0.026844
173	68	0.55512
103	10	0.43605
174	44	0.1902
111	216	0.019455
170	91	0.050939
107	306	0.22006
69	8	0.019395
53	313	0.42398
185	279	0.085534
120	120	1.0
62	200	0.035629
190	174	0.56206
61	219	0.23181
115	228	0.024177
188	240	0.21903
116	214	0.50948
107	17	0.15283
102	75	0.38236
103	66	0.29731
103	65	0.37921
61	211	0.3472
50	39	0.15634
193	136	0.27846
112	255	0.04908
104	47	0.098973
192	147	0.34932
177	61	0.38146
194	129	0.28883
184	284	0.22122
50	38	0.3825
177	62	0.029239
105	36	0.36461
115	232	0.023777
102	80	0.28324
191	174	0.016305
191	175	0.019315
178	68	0.82066
114	245	0.10555
187	268	0.15145
111	285	0.019433
121	121	1.0
120	137	0.11069
122	103	0.26726
117	204	0.067553
253	307	0.03263
122	105	0.22644
112	266	0.081375
193	141	0.16428
194	139	0.43605
105	44	0.36198
184	293	0.22061
113	252	0.50948
51	10	0.43706
101	63	0.14794
102	52	0.39015
62	228	0.037793
191	148	0.016427
173	97	0.55512
102	53	0.3878
102	59	0.34154
120	104	0.10058
175	62	0.042643
103	36	0.71701
176	51	0.29674
187	226	0.31035
194	105	0.35457
104	28	0.085511
185	250	0.12436
104	27	0.085511
185	251	0.075922
50	57	0.19332
193	118	0.26177
194	103	0.43605
62	213	0.032122
186	253	0.034503
57	311	0.30135
114	221	0.098591
50	50	1.0
185	266	0.055306
103	51	0.52875
57	310	0.25153
115	216	0.023515
183	285	0.26642
184	270	0.22851
51	36	0.52875
111	253	0.029382
183	280	0.50948
182	297	1.0
193	122	0.15045
184	275	0.22851
112	249	0.058904
105	23	0.36009
50	42	0.3825
184	277	0.22851
50	46	0.38139
51	33	0.31573
178	97	0.82066
192	192	1.0
256	304	0.020288
52	59	0.37853
116	252	0.50948
104	92	0.085511
53	49	0.42398
113	280	0.50948
52	52	1.0
123	123	1.0
122	139	0.26726
52	53	0.52083
188	275	0.059967
198	116	0.50948
61	250	0.07496
188	277	0.059967
251	12	0.23473
117	236	0.21371
195	155	0.55179
195	156	0.36788
124	114	0.072487
260	217	0.2968
119	216	0.043245
113	285	0.26642
199	109	0.27248
59	313	0.37982
51	66	0.29264
51	65	0.38661
179	91	0.080999
261	217	0.36093
106	79	0.29319
262	203	0.37474
119	228	0.042381
55	12	0.50724
50	71	0.19085
115	273	0.071136
107	68	0.22013
188	293	0.056339
52	49	0.43276
193	193	1.0
121	168	0.12601
198	130	0.32247
193	190	0.29183
109	44	0.71165
59	308	0.38364
123	133	0.027864
118	234	0.12356
194	176	0.29431
59	307	0.37131
250	37	0.12581
119	224	0.070291
114	283	0.10083
124	124	1.0
119	225	0.051552
51	51	1.0
124	126	0.068842
63	214	0.50948
252	13	0.50948
252	16	0.50948
54	58	0.37579
63	252	0.50948
120	143	0.24883
178	72	0.55229
250	12	0.086734
111	296	0.018912
54	54	1.0
115	248	0.024129
60	284	0.27247
108	19	0.033068
70	122	0.18213
52	75	0.39015
187	269	0.15465
60	287	0.27284
61	271	0.37583
190	193	0.29183
106	45	0.29319
190	190	1.0
115	253	0.025622
196	137	0.066338
197	121	0.34561
106	58	0.29319
54	48	0.33975
191	191	1.0
178	89	0.82066
114	266	0.13241
55	37	0.083337
250	22	0.089181
197	128	0.23133
198	113	0.50948
192	189	0.32733
53	59	0.36983
109	23	1.0
62	253	1.0
54	45	0.37579
188	270	0.059967
64	228	0.026738
177	90	0.41699
65	217	0.36957
122	122	1.0
117	224	0.3449
112	283	0.062887
254	311	0.19596
53	53	1.0
53	52	0.52083
124	103	0.066696
195	146	0.55179
255	306	0.25835
64	225	0.025249
49	59	0.37982
245	52	0.12827
248	19	0.029476
244	62	0.024938
58	258	0.52143
49	52	0.43276
61	177	0.38146
189	192	0.32733
246	44	0.10442
49	53	0.42398
258	203	0.52143
245	53	0.12423
62	165	0.031549
60	184	0.29004
241	98	0.033631
55	283	0.062415
189	189	1.0
247	25	0.16987
65	129	0.28996
60	189	0.37042
241	96	0.034285
261	122	0.24677
63	149	0.50948
119	138	0.043751
109	298	0.4835
260	139	0.71701
247	26	0.018984
109	293	1.0
119	134	0.042314
64	135	0.025138
250	295	0.084565
252	285	0.26642
49	49	1.0
116	183	0.50948
262	126	0.37132
252	280	0.50948
261	139	0.31985
258	218	0.52143
61	165	0.28794
48	58	0.43617
57	254	0.30209
253	274	0.031897
66	109	0.29471
189	199	0.27689
254	254	1.0
66	103	0.29731
56	263	0.27182
61	160	0.10391
58	237	0.51928
248	22	0.02758
46	76	0.24963
256	232	0.020366
252	252	1.0
119	119	1.0
261	103	0.31985
261	105	0.28172
66	139	0.29731
188	184	0.056665
245	36	0.13104
240	96	0.045939
49	75	0.38797
62	186	0.034503
67	126	0.26509
108	283	0.12633
113	183	0.50948
242	61	0.018796
57	280	0.31464
109	275	0.71165
47	92	0.25885
109	277	0.71165
109	270	0.71165
242	63	0.01879
250	271	0.076
57	278	0.30135
58	263	0.51497
115	173	0.022707
115	175	0.033837
48	79	0.43617
245	49	0.12841
62	175	0.042643
253	253	1.0
255	221	0.27318
246	23	0.10207
240	98	0.049545
60	199	0.27641
188	188	1.0
246	24	0.086378
118	131	0.085032
61	181	0.079195
65	139	0.37921
247	19	0.019603
243	62	0.020741
247	15	0.2909
113	198	0.50948
184	7	0.22061
257	259	0.45058
245	93	0.11991
263	140	0.51497
257	257	1.0
63	198	0.50948
67	145	0.26509
118	193	0.26177
263	145	0.59353
118	190	0.28798
260	176	0.29908
247	62	0.019603
266	106	0.13616
249	44	0.24762
64	175	0.028021
63	183	0.50948
258	258	1.0
57	297	0.25153
248	62	0.029476
264	138	0.50579
49	80	0.30709
255	283	0.19306
266	118	0.25884
262	161	0.37474
261	176	0.23692
59	268	0.36983
59	269	0.37982
117	180	0.038327
253	281	0.036229
245	75	0.11832
68	155	0.82066
117	182	0.038327
116	198	0.50948
68	156	0.41986
263	126	0.59353
264	108	0.016979
255	255	1.0
249	23	0.34372
66	171	0.29765
69	132	0.50452
258	231	0.58733
68	146	0.82066
262	145	0.37132
264	123	0.016865
117	197	0.038327
258	237	0.52143
254	280	0.25338
254	278	0.19596
256	256	1.0
59	287	0.31261
262	140	0.37474
183	5	0.26404
256	253	0.019894
68	173	0.55512
264	177	0.018079
68	178	0.82066
264	175	0.020931
267	134	0.19016
172	305	0.1105
171	314	0.30043
113	5	0.26404
266	148	0.25728
173	306	0.55481
259	289	0.44907
265	175	0.019315
265	174	0.016305
69	151	0.25737
266	153	0.50438
188	7	0.056339
266	151	0.14553
65	194	0.39031
263	162	0.43288
258	263	0.58733
268	102	0.3878
263	161	0.51497
259	257	0.45058
68	195	0.55179
60	3	0.23461
259	259	1.0
186	8	0.034503
260	194	0.43605
111	8	0.029382
269	102	0.38797
259	261	0.154
69	175	0.019461
257	289	0.35948
265	148	0.016427
266	132	0.25709
171	303	0.36944
256	296	0.020459
261	194	0.34624
171	305	0.71165
267	121	0.12829
249	74	0.27914
62	8	1.0
117	1	0.055646
180	212	0.34564
267	172	0.27282
171	23	0.71165
102	307	0.38437
102	308	0.38688
170	37	0.083337
181	211	0.079195
267	182	0.34507
267	180	0.34507
176	305	0.29517
269	135	0.29856
268	147	0.42953
174	305	0.1902
115	8	0.025622
63	5	0.26404
189	3	0.38806
175	304	0.037828
265	191	1.0
116	5	0.26404
100	305	0.1902
170	12	0.50724
266	179	0.13473
98	36	0.24025
169	104	0.069588
164	164	1.0
230	210	1.0
293	44	0.71165
34	218	0.18168
163	175	0.024753
164	162	0.076408
21	63	0.15709
148	94	0.10357
165	152	0.16141
93	93	1.0
98	33	0.24189
148	91	0.14786
5	16	0.26404
157	282	0.027391
9	313	0.068582
295	11	0.16889
96	58	0.263
25	15	0.16987
95	60	0.29141
99	19	0.025815
94	77	0.073923
157	284	0.027242
291	62	0.016398
32	232	0.020089
24	24	1.0
5	13	0.26404
299	313	0.26213
164	175	0.025898
158	287	0.28677
169	114	0.1103
92	92	1.0
222	19	0.027303
96	48	0.23497
33	217	0.29921
9	308	0.070476
29	304	0.02541
165	165	1.0
32	224	0.020625
96	45	0.263
231	203	0.51497
20	63	0.26404
23	23	1.0
296	19	0.030817
292	62	0.019814
168	125	0.22991
167	135	0.203
4	19	0.025815
0	62	0.02201
163	159	0.13797
35	227	0.50824
159	240	0.056882
224	300	0.41356
6	29	0.17996
97	68	0.82066
34	231	0.20181
26	26	1.0
98	51	0.24293
146	97	0.82066
293	23	1.0
34	237	0.18168
3	60	0.23461
159	247	0.18792
298	303	0.25575
160	185	0.077944
96	79	0.263
26	21	0.11406
41	103	0.21928
32	253	0.02436
24	44	0.1902
167	102	0.23049
162	161	0.43617
298	305	0.48342
162	162	1.0
5	35	0.50824
35	214	0.26404
158	269	0.22283
94	91	0.10509
30	272	0.1564
224	310	0.086089
94	94	1.0
220	19	0.027374
225	306	0.51053
21	71	0.19676
2	62	0.026582
294	24	0.024226
164	157	0.36678
230	202	1.0
294	19	0.024006
1	71	0.068392
25	25	1.0
25	24	0.1071
149	63	0.50948
23	44	0.71165
299	307	0.27015
5	20	0.50824
31	253	0.021124
163	163	1.0
299	10	0.2747
3	87	0.2614
3	88	0.2614
230	253	0.019395
223	30	0.13179
297	38	0.56634
298	23	0.4835
28	28	1.0
28	27	0.24599
295	61	0.33708
27	30	0.13343
97	89	0.82066
2	97	0.025096
34	259	0.20321
99	62	0.025815
34	258	0.23927
96	96	1.0
220	62	0.027374
167	167	1.0
231	237	0.51497
223	28	0.21727
166	177	0.024633
32	271	0.020699
234	203	0.37301
220	63	0.024632
33	260	0.31604
233	215	0.28906
27	27	1.0
27	28	0.24599
8	19	1.0
4	62	0.025815
23	74	0.48036
234	218	0.37301
223	47	0.25726
98	60	0.2481
3	70	0.27795
98	65	0.22686
30	290	0.062923
233	221	0.073743
25	44	0.074889
232	232	1.0
97	72	0.55229
2	81	0.047381
7	23	1.0
36	217	0.2968
168	168	1.0
95	95	1.0
297	42	0.56634
225	17	0.28749
230	230	1.0
28	47	0.25885
159	283	0.055601
292	77	0.23205
4	99	1.0
165	177	0.38391
98	98	1.0
165	175	0.037123
296	21	0.025133
231	218	0.51497
43	126	0.34201
290	92	0.088522
290	93	0.09017
39	212	0.1384
29	24	0.025109
41	147	0.21746
29	29	1.0
168	130	0.23543
6	64	0.029127
293	74	0.48036
169	137	0.077366
9	24	0.099414
169	134	0.076105
223	27	0.21727
44	105	0.36198
39	206	0.1983
166	175	0.03002
294	62	0.024006
231	231	1.0
35	252	0.26404
27	47	0.25885
3	95	0.19119
44	109	0.71165
28	30	0.13343
232	216	0.074875
25	67	0.079884
166	165	0.020812
34	263	0.20181
166	166	1.0
232	212	0.067883
97	97	1.0
7	44	0.71165
41	139	0.21928
5	63	0.26404
228	303	0.029565
228	302	0.075254
38	212	0.20018
297	21	0.29277
228	304	0.029958
299	51	0.27227
240	131	0.043761
235	232	0.020388
47	104	0.098973
299	52	0.26798
235	235	1.0
299	53	0.26829
236	224	0.025868
9	52	0.070382
228	19	0.037793
45	126	0.51322
297	71	0.34089
233	255	0.058465
43	145	0.34201
7	74	0.48036
314	7	0.29853
35	280	0.50824
233	251	0.25247
232	267	0.085546
233	250	0.081248
8	62	1.0
227	20	0.50824
43	140	0.34399
29	48	0.025592
169	187	0.098228
221	91	0.27506
221	94	0.13261
299	65	0.27379
236	232	0.02532
241	133	0.055443
99	99	1.0
227	35	0.50824
9	49	0.068582
37	250	0.12581
241	138	0.13568
236	236	1.0
36	260	0.71701
36	261	0.31985
243	100	0.019487
237	218	0.51928
300	300	1.0
298	74	0.32788
234	258	0.37645
238	209	0.093271
6	73	0.024526
42	180	0.56634
230	276	1.0
41	194	0.21566
47	120	0.29691
29	73	0.031582
298	44	0.48342
221	77	0.1867
222	62	0.027303
42	182	0.56634
47	124	0.057656
169	169	1.0
45	145	0.51322
295	84	0.25812
224	42	0.071673
46	130	0.24057
167	192	0.22542
9	75	0.071118
231	263	0.58034
224	38	0.071673
297	50	0.38362
233	233	1.0
39	253	0.02826
27	92	0.24599
231	258	0.58733
296	62	0.030817
45	140	0.51928
43	161	0.34399
297	57	0.25153
37	279	0.091699
39	251	0.21555
38	267	0.20045
9	66	0.068264
46	125	0.24963
227	13	0.26404
41	189	0.22118
234	237	0.37301
227	16	0.26404
241	119	0.030869
237	203	0.51928
295	90	0.39274
299	49	0.26213
236	216	0.024241
234	234	1.0
42	168	0.21582
234	231	0.3705
226	24	0.017592
169	172	0.10515
47	143	0.2578
302	311	0.23683
302	310	0.21817
246	100	0.086378
303	303	1.0
237	258	0.52143
246	109	0.10207
164	6	0.26791
238	238	1.0
225	89	0.42123
45	161	0.51928
45	162	0.43617
42	197	0.56634
44	171	0.71165
226	78	0.16234
48	126	0.43158
227	63	0.26404
241	175	0.02937
47	137	0.10189
240	188	0.21903
303	314	0.16144
28	92	0.24599
237	263	0.51497
242	165	0.020889
8	91	0.26397
303	305	0.36944
225	97	0.42123
226	82	0.30893
228	62	0.037793
49	102	0.38797
239	239	1.0
235	282	0.01904
235	258	0.019349
240	159	0.056882
301	301	1.0
299	75	0.26505
223	92	0.21727
237	237	1.0
225	72	0.28719
237	231	0.51497
225	68	0.42123
244	100	0.025209
240	150	0.27964
300	310	0.053795
235	253	0.019495
48	145	0.43158
243	119	0.065638
234	263	0.3705
49	135	0.29856
241	152	0.064052
236	253	0.026404
46	168	0.23766
48	140	0.43617
163	8	0.025029
302	302	1.0
226	62	0.017387
238	223	0.25726
232	297	0.16222
233	283	0.075392
245	103	0.13104
38	297	0.56634
301	249	0.080171
31	8	0.021124
31	2	0.073568
301	255	0.066794
151	202	0.25737
146	306	0.82066
38	197	0.56634
301	221	0.084052
238	143	0.2578
228	298	0.029377
92	304	0.10025
238	137	0.10189
235	175	0.026486
237	161	0.51928
237	162	0.43617
236	173	0.024653
235	188	0.019715
236	175	0.027342
32	8	0.02436
300	243	0.26229
144	13	0.21529
313	102	0.38797
302	278	0.23683
143	28	0.21789
35	5	0.50824
143	27	0.21789
311	128	0.26121
312	114	0.36853
144	16	0.21529
93	313	0.13295
93	312	0.14843
94	301	0.31563
308	205	0.32001
150	240	0.27964
306	225	0.51053
301	283	0.086629
142	36	0.26276
311	125	1.0
301	282	0.41396
300	297	0.053795
151	230	0.25737
303	270	0.36944
93	308	0.13406
153	221	0.36982
312	124	0.068678
314	103	0.30322
290	312	0.12656
303	275	0.36944
93	307	0.13021
140	79	0.51928
303	277	0.36944
312	120	0.088944
143	30	0.13207
144	21	0.12527
311	130	0.21513
91	19	0.26397
306	207	1.0
301	266	0.1123
147	307	0.57969
147	308	0.29585
140	45	0.51928
142	10	0.25365
151	210	0.25737
1	300	0.079263
147	313	0.29173
312	104	0.11451
95	305	0.28271
152	211	0.23181
230	8	0.019395
148	301	0.11174
140	58	0.51928
153	201	0.20837
152	219	0.26667
310	121	0.34561
140	48	0.43617
141	39	0.25559
90	11	0.16889
310	128	0.23133
306	213	0.34065
300	288	0.21895
151	221	0.19102
0	304	0.020209
157	209	0.063211
23	305	0.71165
92	27	0.24599
145	45	0.51322
92	28	0.24599
304	296	0.030741
304	298	0.18825
145	48	0.43158
310	180	1.0
23	303	0.36849
153	255	0.27969
97	306	0.82066
305	277	0.71165
160	124	0.040008
155	225	0.42123
141	88	0.30782
141	87	0.30782
154	236	0.020176
305	275	0.71165
311	168	0.22991
293	303	0.36849
151	276	0.25737
293	305	0.71165
156	213	0.27971
294	306	0.023936
235	8	0.019495
307	268	0.70583
312	169	0.12384
307	269	0.4243
305	293	0.71165
145	58	0.51322
153	266	0.50438
147	33	0.28008
154	253	0.019814
21	310	0.29277
314	139	0.30322
2	304	0.092641
310	182	1.0
2	306	0.026016
160	133	0.075013
150	293	0.059923
161	126	0.51322
152	271	0.20722
1	310	0.091605
151	283	0.19263
144	63	0.21529
312	137	0.12609
302	297	0.21817
92	47	0.25885
141	70	0.16316
20	13	0.26404
0	19	0.02201
20	16	0.26404
304	271	0.032637
90	61	0.33708
142	52	0.25231
142	51	0.25755
141	67	0.11612
98	314	0.22579
314	109	0.29853
142	59	0.25088
151	255	0.14638
155	207	0.82066
143	47	0.2578
303	293	0.36849
313	135	0.29856
309	220	0.021397
24	305	0.1902
39	8	0.02826
3	314	0.19283
153	249	0.34071
305	270	0.71165
92	30	0.13343
309	224	0.021016
303	298	0.25575
141	83	0.16099
155	213	0.34045
150	275	0.064223
146	17	0.55179
150	270	0.064223
142	65	0.25247
156	207	0.42
151	266	0.14553
152	250	0.073448
292	304	0.025659
150	277	0.064223
314	171	0.30043
93	53	0.1299
93	52	0.13249
30	223	0.13179
2	19	0.026582
309	271	0.02092
146	72	0.55229
163	134	0.020012
91	77	0.1448
20	35	0.50824
21	21	1.0
164	123	0.36645
159	225	0.079901
292	19	0.019814
147	59	0.34932
95	23	0.28321
90	84	0.25812
149	35	0.26404
222	304	0.023168
162	145	0.43158
291	24	0.016305
93	49	0.13295
31	204	0.02036
162	140	0.43617
154	292	1.0
164	133	0.073593
292	22	0.018864
297	310	1.0
160	181	0.10067
146	89	0.82066
154	296	0.020712
161	162	0.43617
91	62	0.26397
20	20	1.0
0	26	0.019488
161	161	1.0
25	305	0.074889
313	192	0.37982
290	47	0.10245
30	240	0.13626
93	75	0.1196
309	253	0.024023
308	269	0.43875
308	268	0.33003
159	201	0.12168
162	126	0.43158
22	37	0.11105
236	8	0.026404
28	304	0.10025
1	46	0.062131
2	31	0.073568
98	10	0.24322
21	42	0.19928
310	197	1.0
305	298	0.48342
91	91	1.0
31	228	0.023108
8	307	0.03263
1	42	0.076868
91	94	0.10509
149	13	0.50948
30	238	0.1564
31	225	0.020434
149	16	0.50948
95	44	0.28271
291	19	0.016398
22	22	1.0
21	38	0.19928
145	73	0.47861
22	24	0.028637
145	79	0.51322
153	283	0.36988
296	304	0.030741
160	160	1.0
32	209	0.0205
1	38	0.076868
296	302	0.024943
97	17	0.55179
147	53	0.42953
147	52	0.3403
146	68	0.82066
161	140	0.51928
221	301	0.084052
27	304	0.10025
156	244	0.26393
160	152	0.11667
147	49	0.29173
143	92	0.21789
93	59	0.11737
290	27	0.088522
290	28	0.088522
26	310	0.050414
307	287	0.33673
152	295	0.27277
90	90	1.0
7	303	0.36849
161	145	0.51322
7	305	0.71165
157	232	0.02675
164	284	0.050713
169	226	0.11616
155	89	0.82066
170	170	1.0
165	271	0.37845
156	72	0.28607
163	296	0.021123
32	19	0.02436
176	103	0.29908
158	52	0.23592
30	30	1.0
101	101	1.0
166	253	0.027508
158	49	0.22283
31	19	0.021124
157	73	0.044914
156	89	0.41986
30	27	0.13343
171	171	1.0
158	60	0.26656
30	28	0.13343
170	185	0.13726
158	59	0.24681
248	8	0.029476
176	105	0.29459
232	310	0.16222
102	102	1.0
173	146	0.55512
155	97	0.82066
155	68	0.82066
246	7	0.10207
174	100	1.0
170	153	0.058164
32	32	1.0
165	250	0.06267
157	48	0.031018
153	91	0.28127
308	80	0.30943
169	209	0.070512
165	253	0.031549
43	203	0.34399
38	302	0.22927
308	75	0.38688
166	232	0.022331
309	62	0.024023
154	77	0.23205
159	15	0.18792
42	212	0.20018
33	10	0.31499
32	26	0.020412
156	68	0.41986
247	8	0.019603
157	54	0.028743
153	94	0.19189
159	25	0.11334
100	100	1.0
31	31	1.0
30	47	0.1564
155	72	0.55229
163	282	0.020007
36	314	0.30322
172	134	0.52878
236	300	0.023811
105	103	0.36461
105	105	1.0
172	190	0.13636
104	114	0.10113
45	203	0.51928
35	16	0.26404
31	62	0.021124
31	64	0.031061
176	139	0.29908
168	278	0.22991
173	178	0.55512
173	173	1.0
35	13	0.26404
101	149	0.14794
103	139	0.71701
33	33	1.0
175	165	0.037123
104	120	0.10058
33	36	0.31604
100	174	1.0
39	304	0.024743
100	171	0.1902
168	280	0.24006
43	218	0.34399
105	109	0.36009
174	171	0.1902
102	147	0.27009
179	114	0.07094
174	174	1.0
38	310	0.56634
156	97	0.41986
103	105	0.36461
33	65	0.30911
52	102	0.39015
169	245	0.082387
103	103	1.0
50	121	0.16215
37	12	0.083337
166	285	0.021458
158	70	0.25191
175	134	0.036577
165	295	0.25743
249	7	0.34372
31	81	0.36086
34	45	0.18168
173	155	0.55512
173	156	0.36955
30	92	0.13343
177	108	0.030865
167	268	0.25116
35	35	1.0
167	269	0.25724
168	254	0.2308
240	201	0.058195
51	103	0.52875
41	260	0.21928
235	304	0.023464
45	218	0.51928
51	105	0.3583
32	62	0.02436
166	296	0.023051
104	104	1.0
33	51	0.31573
36	10	0.43605
172	174	0.17209
43	234	0.29364
43	237	0.34399
101	130	0.17262
172	172	1.0
34	34	1.0
230	19	0.019395
35	20	0.50824
43	231	0.34139
241	241	1.0
241	240	0.064329
51	139	0.52875
41	299	0.21567
108	108	1.0
47	223	0.25726
37	37	1.0
177	175	0.043404
233	37	0.059634
178	155	0.82066
178	156	0.41986
105	139	0.36461
177	165	0.38391
101	183	0.14794
230	62	0.019395
106	126	0.38391
34	67	0.19253
231	58	0.51497
232	42	0.099828
179	148	0.13573
230	69	1.0
53	102	0.3878
48	203	0.43617
43	263	0.34139
109	109	1.0
176	194	0.29431
108	119	0.042196
51	129	0.29007
241	250	0.029491
109	105	0.36009
41	287	0.21698
45	231	0.51497
45	237	0.51928
242	242	1.0
106	140	0.29319
101	198	0.14794
43	258	0.34734
235	19	0.019495
36	33	0.31604
179	151	0.079461
36	36	1.0
177	177	1.0
37	22	0.11105
244	216	0.18297
34	58	0.18168
103	176	0.29908
244	213	0.21563
230	79	0.017873
179	153	0.2586
42	267	0.20045
232	50	0.074127
47	209	0.093271
175	175	1.0
233	12	0.45334
175	177	0.043404
48	231	0.43288
39	39	1.0
242	211	0.018796
100	184	0.18858
177	152	0.25668
38	42	0.56634
46	254	0.2265
104	137	0.090162
175	179	0.26208
50	168	0.19894
38	46	0.56634
36	65	0.37921
106	106	1.0
44	275	0.71165
36	66	0.29731
241	219	0.064052
45	263	0.51497
37	55	0.083337
44	277	0.71165
34	88	0.22677
174	184	0.18858
47	238	0.30701
42	297	0.56634
44	270	0.71165
173	195	0.37627
168	297	0.19398
104	143	0.084329
38	38	1.0
232	38	0.099828
176	171	0.29517
240	247	0.079975
240	241	0.064329
34	87	0.22677
175	184	0.038508
100	190	0.56206
45	258	0.52143
176	176	1.0
48	218	0.43617
242	214	0.01879
231	45	0.51497
39	19	0.02826
240	240	1.0
231	48	0.43288
35	63	0.26404
34	79	0.18168
178	146	0.82066
169	290	0.076381
230	58	0.017873
174	190	0.56206
179	132	0.13427
107	107	1.0
36	51	0.52875
251	127	0.23473
242	271	0.020623
46	278	0.24963
251	121	0.084361
252	116	0.50948
55	127	0.50724
252	113	0.50948
51	176	0.29674
39	50	0.15634
242	274	0.019375
107	155	0.22013
107	156	0.12178
50	180	0.38362
244	244	1.0
55	124	0.055201
243	253	0.020741
44	298	0.48342
178	195	0.55179
50	182	0.38362
44	293	0.71165
53	147	0.42953
238	28	0.25885
238	27	0.25885
234	79	0.37301
37	68	0.078452
242	285	0.019478
235	62	0.019495
38	57	0.28222
244	253	0.024938
253	108	0.033068
54	126	0.37157
38	50	0.3825
245	245	1.0
108	159	0.060466
241	290	0.025879
52	147	0.3403
171	7	0.71165
48	237	0.43617
233	55	0.45334
57	125	0.30135
232	66	0.096225
240	274	0.068315
51	194	0.43706
234	48	0.31437
242	252	0.01879
234	45	0.37301
102	192	0.34154
230	86	1.0
178	178	1.0
106	145	0.38391
243	232	0.020042
37	97	0.078452
178	173	0.55512
236	19	0.026404
231	79	0.51497
105	171	0.36198
241	274	0.066781
241	273	0.054013
247	201	0.18463
48	263	0.43288
250	127	0.086734
234	58	0.37301
37	89	0.078452
50	197	0.38362
39	62	0.02826
47	272	0.30701
106	161	0.29319
56	126	0.27325
243	246	0.021091
107	146	0.22013
54	145	0.37157
243	243	1.0
46	280	0.25465
236	21	0.023953
38	71	0.27838
54	140	0.37579
179	179	1.0
236	26	0.026498
179	175	0.26208
108	134	0.13065
48	258	0.43804
103	194	0.43605
306	306	1.0
247	131	0.031025
311	206	0.50586
242	198	0.01879
248	123	0.026347
305	314	0.30043
249	109	0.34372
310	212	0.34564
48	161	0.43617
238	290	0.10245
307	307	1.0
48	162	0.39412
307	308	0.42851
153	301	0.20964
312	209	0.11469
244	175	0.024976
244	174	0.025209
236	288	0.31728
245	139	0.13104
300	14	0.26229
242	175	0.024454
304	304	1.0
165	8	0.031549
244	144	0.21331
235	294	0.021834
150	305	0.064223
243	175	0.02274
248	115	0.024129
243	174	0.019487
238	272	0.30701
244	156	0.26393
166	8	0.027508
305	303	0.36944
305	305	1.0
304	28	0.10025
312	238	0.04243
246	189	0.094954
247	175	0.022696
304	27	0.10025
249	153	0.34071
302	50	0.15891
150	23	0.059923
302	46	0.24037
309	309	1.0
302	42	0.22927
155	306	0.82066
305	23	0.71165
49	192	0.37982
312	245	0.1181
150	30	0.2915
306	17	0.55229
248	175	0.0248
160	211	0.10391
161	203	0.51928
160	219	0.11667
156	306	0.42
304	34	0.093762
310	267	0.34507
303	44	0.36944
311	254	0.19596
307	313	0.4243
308	308	1.0
308	307	0.42851
247	159	0.18792
308	313	0.43875
247	163	0.11146
309	304	0.024058
154	304	0.025659
244	195	0.34271
246	174	0.086378
302	38	0.22927
303	23	0.36849
246	171	0.10442
158	313	0.22283
154	19	0.019814
160	250	0.087532
313	269	0.43498
313	268	0.42398
159	303	0.049895
310	297	1.0
311	280	0.2343
303	74	0.25305
161	231	0.51497
312	272	0.04243
161	237	0.51928
304	67	0.10602
314	260	0.30322
163	225	0.020441
155	17	0.55179
162	237	0.43617
44	7	0.71165
151	69	0.25737
164	209	0.046981
162	231	0.43288
154	22	0.018864
309	19	0.024023
161	218	0.51928
150	44	0.064223
162	203	0.43617
302	71	0.16731
249	171	0.24762
152	11	0.26299
162	218	0.43617
301	91	0.068485
305	44	0.71165
158	307	0.25665
301	94	0.31563
158	308	0.23671
302	76	0.23683
311	278	1.0
314	293	0.29853
163	253	0.025029
151	91	0.14798
306	89	0.82066
152	84	0.30531
33	307	0.28558
307	75	0.38437
308	59	0.38364
166	216	0.020727
308	53	0.33003
170	124	0.055201
170	127	0.50724
244	8	0.024938
172	100	0.17209
162	263	0.43288
306	97	0.82066
32	309	0.3574
152	90	0.27277
157	29	0.50833
160	295	0.13143
154	62	0.019814
32	304	0.023298
166	228	0.021369
313	287	0.29409
314	270	0.30043
305	74	0.48052
163	232	0.020925
156	17	0.36788
165	211	0.28794
314	275	0.30043
314	277	0.30043
307	52	0.51897
306	68	0.82066
307	53	0.70583
152	61	0.23181
307	49	0.4243
161	258	0.52143
312	290	0.12656
309	26	0.020979
163	247	0.11146
162	258	0.43804
306	72	0.55276
307	65	0.35874
151	86	0.25737
308	52	0.40279
165	219	0.16141
309	32	0.3574
161	263	0.51497
308	49	0.43875
304	92	0.10025
166	205	0.13847
307	59	0.37131
171	109	0.71165
243	8	0.020741
171	105	0.36198
304	95	0.07374
285	285	1.0
149	183	0.50948
96	161	0.263
20	183	0.26404
285	280	0.26594
277	74	0.48052
201	91	0.06753
205	49	0.26766
95	171	0.28271
291	175	0.019315
202	86	1.0
4	138	0.50579
206	39	0.1983
291	174	0.016305
215	233	0.28906
216	216	1.0
221	114	0.098591
211	271	0.37583
286	269	0.22911
202	79	0.017873
3	147	0.26098
292	154	1.0
216	213	0.056551
99	123	0.016865
98	139	0.24025
212	267	0.12711
276	86	1.0
205	44	0.28216
97	146	0.82066
278	71	0.3862
0	173	0.01901
206	46	0.13101
19	228	0.037793
0	175	0.025225
0	177	0.024284
214	252	0.50948
141	3	0.11432
295	133	0.074883
4	123	0.016865
216	232	0.074875
18	237	0.43592
149	198	0.50948
278	76	1.0
286	286	1.0
94	179	0.058649
287	269	0.29409
287	268	0.33815
208	19	0.027303
17	244	0.34271
203	79	0.51928
22	145	0.025868
88	289	0.50476
18	231	0.43241
3	136	0.30362
218	203	0.51928
16	252	0.50948
217	217	1.0
6	134	0.02072
95	199	0.25077
6	133	0.069122
5	149	0.26404
148	179	0.13573
97	173	0.55512
147	189	0.57969
1	197	0.091605
276	69	1.0
278	46	0.24963
19	253	1.0
215	215	1.0
278	42	0.18209
202	62	0.019395
22	174	0.028637
203	45	0.51928
22	175	0.028364
146	195	0.55179
18	263	0.43241
8	108	0.033068
273	99	0.17554
202	58	0.017873
28	104	0.085511
291	148	0.016427
211	250	0.07496
20	198	0.26404
21	182	0.29277
276	62	0.019395
16	285	0.26642
204	38	0.099633
2	173	0.026334
205	23	0.35058
288	224	0.51391
283	283	1.0
275	74	0.48052
203	48	0.43617
2	175	0.029925
1	180	0.091605
6	123	0.036951
1	182	0.091605
95	189	0.29965
213	244	0.21563
21	180	0.29277
276	79	0.017873
16	280	0.50948
284	287	0.24808
278	57	0.30135
18	258	0.438
286	268	0.17523
207	17	0.55229
5	130	0.32055
292	150	0.020137
99	138	0.50579
95	184	0.25153
215	221	0.0838
27	104	0.085511
7	109	1.0
204	42	0.099633
203	58	0.51928
210	276	1.0
202	69	1.0
3	158	0.22358
279	37	0.091699
97	155	0.82066
97	156	0.41986
284	284	1.0
7	105	0.36009
147	192	0.34932
22	160	0.03184
288	236	0.31728
295	165	0.25743
97	195	0.55179
6	157	0.34414
214	285	0.26642
206	76	0.50586
24	171	0.1902
4	177	0.018079
220	177	0.026111
24	174	1.0
19	274	0.031897
207	68	0.82066
226	100	0.017592
220	175	0.02682
27	137	0.087908
28	120	0.24949
288	288	1.0
3	189	0.38806
4	175	0.020931
295	160	0.13143
206	71	0.2009
22	190	0.027056
223	137	0.086428
218	237	0.51928
214	280	0.50948
218	231	0.51497
294	175	0.032854
294	174	0.024226
220	183	0.024632
215	283	0.08462
25	159	0.11334
207	72	0.55276
295	177	0.41699
216	273	0.060145
217	260	0.2968
208	62	0.027303
22	185	0.10396
9	100	0.099414
288	297	0.054756
209	47	0.093271
23	171	0.71165
9	102	0.071118
289	289	1.0
26	133	0.072057
97	178	0.82066
206	83	0.12619
27	120	0.24949
21	197	0.29277
223	143	0.21629
6	175	0.024792
206	57	0.15836
224	107	0.092801
215	251	0.15196
291	191	1.0
215	250	0.069632
218	218	1.0
26	173	0.12994
289	259	0.44907
279	74	0.34551
5	183	0.26404
297	121	0.34561
28	143	0.21789
9	134	0.11882
298	105	0.25023
24	190	0.56206
292	175	0.024868
221	132	0.18949
29	133	0.098799
211	295	0.33708
204	71	0.092688
98	194	0.24322
289	257	0.35948
98	199	0.23464
298	109	0.4835
25	174	0.1071
6	164	0.26791
219	219	1.0
224	117	0.3449
225	108	0.18512
221	151	0.19102
29	123	0.05032
221	153	0.36982
24	184	0.18858
215	266	0.070256
221	148	0.19095
99	175	0.020931
98	189	0.24558
209	27	0.081059
287	287	1.0
216	244	0.18297
99	177	0.018079
28	137	0.087908
19	281	0.036229
297	128	0.23133
293	171	0.71165
26	156	0.10273
295	152	0.27277
219	211	0.23181
223	120	0.24846
209	28	0.081059
27	143	0.21789
299	102	0.26505
212	297	0.34564
225	155	0.42123
297	180	1.0
297	182	1.0
225	156	0.22233
26	197	0.050414
29	157	0.50833
131	314	0.2068
227	130	0.32055
226	143	0.05943
298	171	0.48342
228	119	0.042381
8	165	0.031549
7	171	0.71165
26	180	0.050414
26	182	0.050414
209	93	0.083727
25	190	0.080299
5	198	0.26404
209	92	0.081059
6	184	0.021226
297	197	1.0
217	299	0.28368
91	8	0.26397
298	176	0.24613
219	271	0.20722
296	175	0.032661
296	177	0.025721
0	0	1.0
207	89	0.82066
220	198	0.024632
222	165	0.023541
29	175	0.027703
29	174	0.025109
227	101	0.26704
217	261	0.36093
221	179	0.10124
218	258	0.52143
8	186	0.034503
9	172	0.16667
295	181	0.099602
9	174	0.099414
207	97	0.82066
225	146	0.42123
226	137	0.026123
222	175	0.02795
29	162	0.025592
218	263	0.51497
222	177	0.025628
29	164	0.19125
8	175	0.042643
219	250	0.073448
135	307	0.2918
135	308	0.30086
225	195	0.28749
140	203	0.51928
226	187	0.31035
130	13	0.32247
291	8	0.016398
80	308	0.30943
299	194	0.2747
130	16	0.32247
80	307	0.30995
9	190	0.082013
1	1	1.0
140	218	0.51928
95	7	0.28321
300	107	0.068605
141	206	0.12398
227	183	0.26404
131	10	0.20708
0	8	0.02201
135	313	0.29856
292	8	0.019814
20	5	0.50824
225	178	0.42123
225	173	0.28976
226	169	0.11616
149	5	0.26404
23	7	1.0
227	149	0.26404
3	3	1.0
223	191	0.17373
224	180	0.086089
224	182	0.086089
226	174	0.017592
226	175	0.022501
80	313	0.30709
81	303	0.013165
81	304	0.013242
2	8	0.026582
224	197	0.086089
219	295	0.27277
2	2	1.0
134	303	0.13436
199	44	0.27298
140	126	0.51322
124	51	0.0687
195	97	0.55179
132	266	0.25709
137	209	0.088728
214	5	0.26404
142	103	0.26276
125	42	0.18209
72	17	0.37286
288	1	0.08004
76	311	1.0
127	12	0.50724
130	280	0.62669
123	73	0.34738
132	276	0.50452
76	302	0.23683
125	46	0.24963
197	71	0.34089
289	3	0.30362
198	63	0.50948
75	313	0.38797
70	67	0.16345
199	23	0.27248
195	72	0.37286
71	57	0.2924
82	226	0.30893
123	48	0.18387
70	60	0.19689
196	62	0.024975
124	36	0.066696
81	232	0.013244
197	42	0.56634
271	304	0.032637
129	313	0.28777
270	314	0.30043
198	35	0.26404
122	51	0.26817
199	36	0.27181
78	307	0.20227
19	8	1.0
71	42	0.27838
131	260	0.20709
123	54	0.15954
81	228	0.013107
120	92	0.24949
195	89	0.55179
197	50	0.38362
132	249	0.17528
197	57	0.25153
122	65	0.24496
134	225	0.18274
142	142	1.0
136	259	0.44907
70	88	0.38336
129	36	0.28863
71	76	0.3862
136	257	0.35948
133	295	0.074883
142	147	0.25138
71	71	1.0
70	87	0.38336
73	45	0.3545
144	116	0.21529
139	217	0.2968
80	269	0.30709
73	48	0.35332
275	314	0.30043
138	228	0.021524
10	217	0.40736
144	113	0.21529
280	214	0.50948
135	268	0.29174
127	55	0.50724
135	269	0.29856
84	219	0.30531
140	161	0.51928
140	162	0.43617
80	268	0.30502
128	57	0.19911
84	211	0.1974
270	44	0.71165
70	70	1.0
144	130	0.13967
129	49	0.28777
138	241	0.13568
143	143	1.0
280	227	0.50824
80	258	0.29315
126	73	0.47861
143	137	0.09581
134	281	0.09434
74	23	0.48036
126	79	0.51322
134	283	0.12619
277	305	0.71165
277	303	0.36944
141	136	0.21121
129	10	0.28883
77	24	0.18044
90	133	0.074883
78	10	0.19783
142	129	0.25211
132	283	0.19023
274	313	0.18297
12	215	0.27741
75	49	0.38797
82	262	0.087649
125	57	0.30135
143	104	0.084329
274	308	0.14487
274	307	0.29726
126	45	0.51322
92	104	0.085511
86	210	1.0
199	60	0.27641
140	145	0.51322
126	48	0.43158
123	82	0.15392
140	140	1.0
127	37	0.083337
123	96	0.09479
84	232	0.018832
72	72	1.0
270	23	0.71165
142	139	0.26276
82	259	0.081731
125	71	0.3862
82	257	0.085482
11	219	0.26299
125	76	1.0
143	120	0.24883
137	238	0.10189
216	8	0.030211
73	58	0.3545
11	211	0.1308
126	58	0.51322
275	303	0.36944
74	44	0.48052
275	305	0.71165
141	141	1.0
134	267	0.19016
72	68	0.55229
86	202	1.0
76	57	0.30135
138	273	0.095534
89	207	0.82066
283	225	0.17888
271	61	0.37583
90	152	0.27277
271	62	0.030988
290	104	0.090671
83	275	0.29624
201	15	0.18463
82	289	0.084196
12	233	0.45334
93	114	0.13239
148	114	0.13424
142	189	0.25501
139	260	0.71701
83	277	0.29624
139	261	0.31985
74	74	1.0
210	202	1.0
127	91	0.050939
145	145	1.0
205	305	0.28216
145	140	0.51322
83	270	0.29624
141	193	0.16428
283	221	0.25297
91	132	0.14649
72	97	0.55229
86	230	1.0
270	74	0.48052
205	308	0.32001
282	232	0.058454
92	120	0.24949
200	33	0.16804
76	46	0.24963
13	214	0.50948
142	194	0.25365
12	221	0.061278
149	113	0.50948
290	114	0.11172
201	25	0.11618
93	102	0.1196
149	116	0.50948
276	19	0.019395
75	59	0.34154
76	42	0.18209
285	214	0.26642
84	250	0.056553
73	79	0.3545
210	210	1.0
205	313	0.26766
75	53	0.3878
75	52	0.39015
282	248	0.027429
275	23	0.71165
146	146	1.0
137	290	0.097352
72	89	0.55229
73	73	1.0
206	302	0.12736
81	285	0.013646
14	232	0.020042
129	52	0.29084
78	52	0.18954
90	177	0.41699
78	51	0.19757
78	53	0.19735
204	300	0.094459
83	298	0.20617
76	71	0.3862
76	76	1.0
138	253	0.027441
272	30	0.1564
89	225	0.42123
75	80	0.28324
92	143	0.21789
12	250	0.086734
83	293	0.29578
272	27	0.25885
272	28	0.25885
12	251	0.23473
91	153	0.28127
278	302	0.23683
91	151	0.14798
95	109	0.28321
86	253	0.019395
129	51	0.29007
145	126	1.0
277	314	0.30043
135	287	0.20468
279	303	0.020253
200	10	0.22923
129	65	0.28996
90	160	0.13143
90	165	0.25743
137	272	0.10189
136	289	0.45181
280	252	0.50948
272	47	0.30701
138	264	0.50579
204	310	0.11728
89	213	0.34045
11	250	0.040771
144	149	0.21529
91	148	0.14786
144	144	1.0
75	75	1.0
92	137	0.087908
278	311	1.0
20	101	0.26704
10	261	0.34624
282	228	0.024609
78	36	0.19399
15	201	0.18463
10	260	0.43605
128	71	0.25803
128	76	0.26121
200	65	0.21072
272	92	0.25885
200	66	0.1518
23	109	1.0
14	253	0.020741
15	240	0.079975
293	109	1.0
148	151	0.14698
213	213	1.0
148	153	0.505
18	203	0.43592
149	149	1.0
88	259	0.66558
290	143	0.087166
94	148	0.10357
23	105	0.36009
79	58	0.51928
146	173	0.55512
17	213	0.29884
144	198	0.21529
88	257	0.50644
2	119	0.030583
146	178	0.82066
293	105	0.36009
86	276	1.0
87	261	0.14022
283	266	0.19219
288	204	0.097804
21	121	0.19242
285	252	0.26642
284	268	0.25386
277	44	0.71165
14	243	1.0
90	181	0.099602
77	77	1.0
209	312	0.11469
20	130	0.32055
78	65	0.19872
14	246	0.021091
276	58	0.017873
94	132	0.10123
17	207	0.55229
214	214	1.0
13	252	0.50948
84	295	0.25812
16	214	0.50948
274	75	0.16856
87	257	0.50644
79	48	0.43617
22	100	0.028637
210	253	0.019395
282	282	1.0
87	259	0.66558
292	121	0.020293
294	100	0.024226
204	26	0.089102
79	45	0.51928
148	132	0.25923
25	100	0.1071
290	120	0.11102
280	280	1.0
96	140	0.263
207	306	1.0
96	145	0.26939
283	249	0.13404
147	147	1.0
212	206	0.19532
144	183	0.21529
281	270	0.13276
210	230	1.0
13	285	0.26642
19	213	0.032122
99	108	0.016979
5	101	0.26704
3	122	0.22498
211	211	1.0
206	311	0.50586
202	19	0.019395
87	289	0.50476
145	161	0.51322
13	280	0.50948
286	205	0.16916
146	156	0.41986
211	219	0.23181
79	79	1.0
146	155	0.82066
274	49	0.18297
4	108	0.016979
208	304	0.023168
277	23	0.71165
149	130	0.32247
200	51	0.22744
15	253	0.019603
147	158	0.2997
290	137	0.097352
281	281	1.0
22	126	0.025868
77	91	0.1448
94	153	0.19189
19	200	0.035629
148	148	1.0
213	207	0.34065
18	218	0.43592
24	100	1.0
11	295	0.16889
274	53	0.29726
98	103	0.24025
281	277	0.13276
292	104	0.028032
88	261	0.14022
12	283	0.062415
94	151	0.10273
22	124	0.048875
281	275	0.13276
274	52	0.22223
212	212	1.0
78	78	1.0
271	90	0.33471
283	255	0.19306
96	126	0.26939
21	130	0.19912
15	247	0.2909
20	149	0.26404
274	59	0.16107
275	44	0.71165
224	204	0.17233
24	257	0.34927
25	240	0.080285
12	91	0.050939
296	232	0.02581
291	291	1.0
6	232	0.02093
286	49	0.22911
30	143	0.13207
25	247	0.16987
282	94	0.34874
210	69	1.0
158	158	1.0
33	105	0.27325
95	293	0.28321
155	195	0.55179
291	296	0.018454
212	42	0.20018
87	87	1.0
88	70	0.38336
28	209	0.081059
288	26	0.049708
220	253	0.027374
220	252	0.024632
87	88	0.74772
222	220	0.2641
222	222	1.0
214	13	0.50948
157	162	0.031018
156	178	0.41986
212	39	0.1384
33	103	0.31604
4	253	0.025815
156	173	0.36955
210	62	0.019395
30	137	0.062615
21	280	0.29418
294	253	0.024006
26	224	0.069563
1	288	0.08004
18	18	1.0
8	200	0.035629
214	16	0.50948
157	164	0.36678
14	62	0.020741
283	91	0.19486
212	50	0.14755
0	294	0.020052
287	49	0.29409
1	280	0.0641
283	94	0.13508
211	61	0.3472
88	67	0.26224
210	79	0.017873
225	207	0.51053
292	292	1.0
11	90	0.16889
159	159	1.0
16	35	0.26404
31	117	0.060085
221	249	0.13175
293	275	0.71165
222	232	0.022565
31	119	0.02469
87	70	0.38336
86	86	1.0
27	209	0.081059
3	257	0.21618
293	270	0.71165
285	63	0.26642
223	223	1.0
26	213	0.088375
13	63	0.50948
295	250	0.084565
286	59	0.20166
7	205	0.35058
293	277	0.71165
286	52	0.21159
157	175	0.027414
286	53	0.17523
215	12	0.27741
309	173	0.020991
309	175	0.030829
18	45	0.43592
149	280	0.50948
16	63	0.50948
24	270	0.1902
155	173	0.55512
33	129	0.26311
284	52	0.22319
284	53	0.25386
24	275	0.1902
149	285	0.26642
212	21	0.10908
309	177	0.020983
35	101	0.26704
24	277	0.1902
99	264	1.0
27	238	0.25885
8	228	0.037793
307	192	0.37131
3	287	0.19679
156	155	0.41986
156	156	1.0
4	273	0.17554
3	289	0.30362
28	223	0.21727
296	208	0.025413
292	253	0.019814
294	232	0.023911
222	208	0.26428
285	35	0.14235
29	209	0.038622
30	150	0.2915
89	72	0.55229
88	88	1.0
159	134	0.059601
88	87	0.74772
290	290	1.0
210	58	0.017873
159	131	0.026622
158	147	0.2997
294	248	0.027258
283	77	0.13316
23	275	0.71165
5	252	0.26404
212	38	0.20018
23	277	0.71165
297	212	0.34564
296	228	0.025816
296	222	0.025413
284	60	0.27247
213	17	0.29884
99	253	0.025815
284	59	0.21642
23	270	0.71165
19	19	1.0
15	62	0.019603
221	221	1.0
4	264	1.0
155	178	0.82066
98	260	0.24025
1	297	0.091605
308	192	0.38364
157	157	1.0
89	68	0.82066
27	223	0.21727
8	213	0.032122
21	297	0.29277
300	1	0.079263
230	132	0.50452
30	188	0.22004
221	283	0.25297
24	293	0.18831
226	226	1.0
297	267	0.34507
25	281	0.31983
17	72	0.37286
213	72	0.23372
304	2	0.092641
213	68	0.34045
33	147	0.28008
5	280	0.50824
4	296	0.016685
211	90	0.33708
18	58	0.43592
36	105	0.36461
294	294	1.0
158	192	0.24681
150	7	0.059923
296	285	0.024673
217	36	0.2968
17	68	0.55179
224	254	0.072141
25	277	0.074889
217	33	0.29921
89	97	0.82066
36	103	0.71701
23	298	0.4835
219	11	0.26299
28	238	0.25885
24	281	0.19112
33	139	0.31604
34	126	0.24215
289	67	0.19755
99	273	0.17554
222	271	0.022334
231	126	0.59353
214	63	0.50948
23	293	1.0
227	214	0.26404
89	89	1.0
295	295	1.0
18	48	0.36666
215	55	0.27741
223	265	0.17373
305	7	0.71165
216	17	0.074659
287	59	0.31261
35	149	0.26404
296	253	0.030817
223	238	0.25726
224	224	1.0
26	297	0.050414
159	163	0.13797
284	95	0.22635
17	97	0.55179
214	35	0.26404
292	296	0.020712
156	195	0.36788
221	255	0.27318
27	272	0.25885
26	288	0.049708
299	217	0.28368
18	79	0.43592
7	277	0.71165
287	52	0.32532
210	86	1.0
287	53	0.33815
32	175	0.029005
32	177	0.021607
212	71	0.12337
7	270	0.71165
220	281	0.024739
17	89	0.55179
211	84	0.1974
158	189	0.34274
217	10	0.40736
19	62	1.0
7	275	0.71165
159	175	0.027637
35	130	0.32055
34	145	0.24215
29	246	0.025429
225	225	1.0
6	282	0.020813
222	253	0.027303
99	296	0.016685
303	7	0.36849
293	293	1.0
221	266	0.18972
295	271	0.33471
31	175	0.026655
8	253	1.0
293	298	0.4835
286	75	0.20305
287	60	0.27284
32	165	0.020659
230	175	0.019461
231	161	0.51497
226	262	0.11592
19	91	0.26397
229	229	1.0
224	288	0.51391
217	65	0.36957
227	252	0.26404
298	293	0.4835
231	162	0.43288
218	58	0.51928
228	232	0.028041
223	291	0.17373
33	189	0.27457
223	290	0.086966
234	126	0.37071
235	126	0.021272
7	293	1.0
27	290	0.088522
7	298	0.4835
8	281	0.036229
309	8	0.024023
236	117	0.21371
154	8	0.019814
9	269	0.068582
298	298	1.0
36	139	0.71701
224	297	0.086089
8	274	0.031897
37	127	0.083337
28	272	0.25885
296	296	1.0
37	160	0.083261
36	176	0.29908
230	151	0.25737
289	70	0.33584
231	145	0.59353
35	183	0.26404
213	97	0.34045
231	140	0.51497
298	270	0.48342
227	227	1.0
222	285	0.024357
223	272	0.25726
213	89	0.34045
232	121	0.069031
37	155	0.078452
218	48	0.43617
226	253	0.017387
218	45	0.51928
289	87	0.50476
297	297	1.0
289	88	0.50476
39	121	0.15405
222	296	0.025413
298	275	0.48342
298	277	0.48342
217	51	0.37195
28	290	0.088522
299	268	0.26829
228	225	0.028321
233	127	0.45334
228	228	1.0
216	62	0.030211
33	194	0.31499
299	269	0.26213
157	6	0.34414
37	185	0.14848
238	120	0.29691
232	197	0.16222
219	84	0.30531
36	194	0.43605
234	161	0.37301
37	178	0.078452
300	213	0.06954
235	150	0.020943
38	168	0.21582
219	90	0.27277
37	170	0.083337
158	3	0.22358
237	140	0.51928
35	198	0.26404
237	145	0.51322
238	124	0.057656
142	308	0.2535
233	185	0.13498
228	286	0.077107
228	285	0.034916
300	224	0.41356
39	141	0.25559
232	172	0.066693
219	61	0.23181
218	79	0.51928
233	153	0.06913
39	175	0.028166
234	140	0.37301
299	299	1.0
228	253	0.037793
234	145	0.37071
235	145	0.021272
38	180	0.56634
300	204	0.094459
38	182	0.56634
233	170	0.45334
237	126	0.51322
232	180	0.16222
227	280	0.50824
232	182	0.16222
39	168	0.12035
238	104	0.098973
5	5	1.0
133	29	0.098799
133	26	0.072057
99	8	0.025815
303	105	0.19288
130	63	0.32247
143	209	0.0796
99	4	1.0
220	8	0.027374
83	305	0.29624
134	24	0.12263
24	7	0.18831
140	258	0.52143
130	71	0.39825
143	223	0.21629
296	8	0.030817
4	4	1.0
302	125	0.23683
4	8	0.025815
131	51	0.20834
303	109	0.36849
301	132	0.11017
300	117	0.14818
300	119	0.053925
227	198	0.26404
228	175	0.035234
26	1	0.05753
6	9	0.023255
293	7	1.0
294	8	0.024006
133	11	0.29181
301	114	0.059967
140	237	0.51928
6	6	1.0
137	312	0.12609
131	33	0.21363
140	231	0.51497
131	36	0.20709
80	49	0.30709
224	1	0.13903
142	260	0.26276
92	209	0.081059
135	49	0.29856
81	31	0.36086
8	8	1.0
298	7	0.4835
146	213	0.34045
141	289	0.21121
138	19	0.027441
148	201	0.11082
135	52	0.29744
307	102	0.38437
134	66	0.089731
301	179	0.063534
144	252	0.21529
135	53	0.29174
135	59	0.26163
284	307	0.24915
300	182	0.053795
145	231	0.59353
90	219	0.27277
144	244	0.21331
137	28	0.087908
90	211	0.33708
137	27	0.087908
132	86	0.50452
146	225	0.42123
7	7	1.0
145	237	0.51322
90	250	0.084565
301	148	0.11174
141	257	0.21169
89	306	0.82066
141	259	0.27529
150	109	0.059923
10	10	1.0
139	314	0.30322
92	223	0.21727
144	214	0.21529
131	60	0.21176
143	226	0.05943
222	8	0.027303
83	23	0.29578
141	251	0.13518
84	11	0.63693
145	203	0.51322
140	263	0.51497
281	305	0.13276
14	300	0.26229
282	307	0.025062
134	44	0.082173
146	207	0.82066
80	53	0.30502
80	52	0.30839
9	9	1.0
29	6	0.17996
80	59	0.28107
143	238	0.2578
305	109	0.71165
301	151	0.066601
145	218	0.51322
301	153	0.20964
282	304	0.024968
305	105	0.36198
132	69	0.50452
91	221	0.27506
282	301	0.41396
90	271	0.33471
86	19	0.019395
10	36	0.43605
143	290	0.087166
281	24	0.19112
135	80	0.21312
281	25	0.31983
153	132	0.50452
139	36	0.71701
302	197	0.21817
304	175	0.037828
94	221	0.13261
304	176	0.085251
136	70	0.33584
144	280	0.21532
10	33	0.31499
154	121	0.020293
145	263	0.59353
286	307	0.22371
80	80	1.0
136	67	0.19755
286	308	0.26322
304	168	0.082039
227	5	0.50824
91	253	0.26397
83	44	0.29624
0	216	0.019038
280	35	0.50824
151	151	1.0
139	33	0.31604
306	146	0.82066
91	255	0.20997
20	214	0.26404
1	204	0.11225
151	153	0.27992
308	135	0.30086
11	11	1.0
307	147	0.57969
80	75	0.28324
290	238	0.10245
305	171	0.71165
136	88	0.50476
213	306	0.34065
136	87	0.50476
81	64	0.018514
153	148	0.505
148	249	0.17598
282	26	0.025425
83	39	0.25749
92	238	0.25885
286	313	0.22911
150	171	0.064223
212	310	0.34564
152	152	1.0
306	155	0.82066
287	308	0.27893
228	8	0.037793
15	304	0.021776
306	156	0.42
287	307	0.33673
308	102	0.38688
94	249	0.074924
82	88	0.11831
82	87	0.11831
90	295	0.39274
83	74	0.20265
280	16	0.50948
10	51	0.43706
143	272	0.2578
82	82	1.0
23	205	0.35058
153	114	0.25606
97	207	0.82066
132	91	0.14649
13	16	0.50948
151	132	0.26864
280	13	0.50948
300	197	0.053795
1	224	0.13903
13	13	1.0
139	10	0.43605
138	26	0.032147
96	218	0.263
133	84	0.23784
303	171	0.36944
148	221	0.19095
0	232	0.021174
151	148	0.14698
152	133	0.13871
82	78	0.12084
81	81	1.0
93	245	0.11991
149	214	0.50948
291	200	0.017948
17	306	0.55229
304	165	0.03192
135	75	0.26709
82	70	0.084891
20	227	0.50824
21	214	0.15709
154	104	0.028032
137	47	0.10189
133	90	0.074883
226	8	0.017387
290	209	0.089257
2	207	0.026016
150	150	1.0
12	12	1.0
302	180	0.21817
0	228	0.019002
302	182	0.21817
96	203	0.263
145	258	0.70623
91	266	0.14619
211	11	0.1308
25	201	0.11618
147	287	0.36172
88	34	0.22677
281	67	0.16119
291	253	0.016398
159	108	0.060466
15	15	1.0
86	58	0.017873
153	179	0.2586
94	266	0.10363
15	19	0.019603
11	61	0.1308
220	208	0.2641
292	236	0.020176
98	217	0.24708
14	24	0.019487
14	26	0.019586
155	146	0.82066
96	237	0.263
157	123	0.084579
20	252	0.26404
97	225	0.42123
285	13	0.26642
13	35	0.26404
89	17	0.55179
152	181	0.14758
285	16	0.26642
290	272	0.10245
294	228	0.02543
0	253	0.02201
309	165	0.021041
83	83	1.0
19	307	0.03263
294	225	0.024652
148	283	0.19203
96	231	0.26255
295	211	0.33708
220	222	0.2641
93	269	0.13295
159	119	0.02636
93	268	0.1299
14	19	0.020741
291	265	1.0
10	65	0.39031
220	220	1.0
94	255	0.10295
87	34	0.22677
154	175	0.024868
295	219	0.27277
10	66	0.29097
306	195	0.55229
2	225	0.025647
14	14	1.0
220	214	0.024632
155	155	1.0
284	33	0.22142
155	156	0.41986
91	283	0.19486
138	99	0.50579
84	61	0.1974
156	146	0.41986
12	37	0.083337
97	213	0.34045
92	272	0.25885
157	133	0.18061
147	269	0.29173
96	263	0.26255
153	153	1.0
30	120	0.50652
20	280	0.50824
5	227	0.50824
148	255	0.14637
95	277	0.28271
152	165	0.16141
17	17	1.0
281	44	0.13276
153	151	0.27992
147	268	0.42953
95	270	0.28271
99	228	0.020091
86	79	0.017873
95	275	0.28271
87	67	0.26224
11	84	0.63693
85	85	1.0
150	184	0.059062
287	313	0.29409
22	250	0.089181
94	282	0.34874
291	224	0.016675
94	283	0.13508
291	223	0.17373
138	62	0.027441
152	160	0.11667
139	51	0.52875
96	258	0.26924
293	205	0.35058
26	204	0.089102
2	253	0.026582
150	188	0.43058
6	209	0.049039
288	300	0.21895
31	104	0.040326
16	16	1.0
5	214	0.26404
294	207	0.023936
148	266	0.25728
154	150	0.020137
152	177	0.25668
84	90	0.25812
22	248	0.02758
15	26	0.018984
15	25	0.16987
210	19	0.019395
149	252	0.50948
86	69	1.0
137	93	0.08964
4	228	0.020091
0	271	0.019459
137	92	0.087908
16	13	0.50948
154	154	1.0
306	173	0.55481
288	310	0.054756
86	62	0.019395
22	246	0.028361
12	55	0.50724
84	84	1.0
92	290	0.088522
21	252	0.15709
139	66	0.29731
139	65	0.37921
280	63	0.50948
306	178	0.82066
209	104	0.082745
186	304	0.02807
191	200	0.017948
111	304	0.019755
180	21	0.29277
277	171	0.71165
278	168	0.22991
181	11	0.43042
209	114	0.1014
180	38	0.56634
184	305	0.22851
274	192	0.16107
276	175	0.019461
199	7	0.27248
203	162	0.43617
203	161	0.51928
206	125	0.50586
200	194	0.22923
202	175	0.019461
206	128	0.1384
190	257	0.20248
182	42	0.56634
114	312	0.36853
209	143	0.0796
183	35	0.26404
184	23	0.22061
115	304	0.03066
271	8	0.030988
195	207	0.55229
182	57	0.25153
111	19	0.029382
191	253	0.016398
207	173	0.55481
185	12	0.13726
180	71	0.34089
120	209	0.10077
208	165	0.023541
74	7	0.48036
194	217	0.40736
181	61	0.079195
182	50	0.38362
189	314	0.28879
207	178	0.82066
204	182	0.11728
190	234	0.18693
182	21	0.29277
209	120	0.10077
204	180	0.11728
191	224	0.016675
183	13	0.50948
205	171	0.28216
191	223	0.17373
183	16	0.50948
187	307	0.19954
187	308	0.17174
180	42	0.56634
279	175	0.022474
207	146	0.82066
209	137	0.088728
182	38	0.56634
60	314	0.25996
204	197	0.11728
180	50	0.38362
206	168	0.13083
187	313	0.15465
279	185	0.085534
180	57	0.25153
188	305	0.059967
207	155	0.82066
270	7	0.71165
207	156	0.42
196	225	0.021631
184	60	0.29004
193	261	0.14389
197	212	0.34564
193	257	0.28038
117	310	0.038327
192	268	0.36983
192	269	0.37982
181	90	0.099602
190	293	0.15989
193	259	0.43058
122	217	0.25477
188	23	0.056339
191	296	0.018454
191	291	1.0
192	287	0.31261
113	35	0.26404
185	55	0.13726
275	7	0.71165
195	244	0.34271
119	303	0.038116
62	307	0.03263
119	300	0.053925
273	4	0.17554
195	213	0.29884
111	26	0.019648
121	212	0.13032
65	307	0.35874
191	265	1.0
120	223	0.24846
196	207	0.023419
184	44	0.22851
185	22	0.10396
208	175	0.02795
208	177	0.025628
186	19	0.034503
196	213	0.021826
183	63	0.50948
120	238	0.29691
113	16	0.50948
113	13	0.50948
207	195	0.55229
186	22	0.025091
117	300	0.14818
185	37	0.14848
181	84	0.34889
64	303	0.026669
182	71	0.34089
72	207	0.55276
60	41	0.22668
113	63	0.50948
122	260	0.26726
126	218	0.51322
122	261	0.24677
204	1	0.11225
186	72	0.052525
62	19	1.0
60	33	0.25356
66	305	0.29765
189	59	0.32733
127	215	0.27741
197	267	0.34507
198	252	0.50948
116	35	0.26404
196	271	0.021957
187	75	0.13861
130	130	1.0
120	290	0.11102
61	11	0.1308
187	78	0.18901
64	19	0.0264
187	49	0.15465
125	206	0.50586
202	8	0.019395
124	217	0.066916
72	225	0.28719
60	60	1.0
194	261	0.34624
198	214	0.50948
194	260	0.43605
260	314	0.30322
276	8	0.019395
188	30	0.22004
115	19	0.025622
111	62	0.029382
130	113	0.32247
188	44	0.059967
130	116	0.32247
68	306	0.82066
196	253	0.024975
73	203	0.3545
120	272	0.29691
131	105	0.20693
63	16	0.50948
121	267	0.12829
184	95	0.25153
72	213	0.23372
126	203	0.51322
131	103	0.20709
193	289	0.27846
186	62	0.034503
63	13	0.50948
116	13	0.50948
277	7	0.71165
187	53	0.15145
187	52	0.16759
115	26	0.023428
187	59	0.13674
116	16	0.50948
54	79	0.37579
107	97	0.22013
262	237	0.37474
68	213	0.34045
262	231	0.3717
69	202	1.0
127	124	0.055201
62	281	0.036229
109	74	0.48036
61	295	0.33708
127	127	1.0
121	197	0.34561
123	164	0.36645
53	80	0.30502
118	266	0.25884
71	130	0.39825
118	268	0.082185
57	38	0.28222
251	55	0.23473
123	162	0.18387
70	147	0.16595
64	254	0.025684
56	45	0.27324
64	253	0.0264
195	195	1.0
254	38	0.17387
126	145	1.0
55	55	1.0
263	231	0.58034
68	207	0.82066
197	182	1.0
126	140	0.51322
56	43	0.25709
122	194	0.26835
263	237	0.51497
117	297	0.038327
71	125	0.3862
62	274	0.031897
123	175	0.029863
260	261	0.31985
129	103	0.28863
118	279	0.50633
117	288	0.34483
60	299	0.21946
122	189	0.22524
260	260	1.0
70	136	0.33584
53	75	0.3878
265	200	0.017948
270	109	0.71165
196	196	1.0
197	180	1.0
270	105	0.36198
52	80	0.30839
125	128	0.26121
124	139	0.066696
125	125	1.0
108	62	0.033068
253	19	1.0
250	55	0.086734
263	203	0.51497
262	218	0.37474
72	146	0.55229
189	287	0.3867
58	45	0.51928
251	39	0.21555
189	284	0.27513
58	48	0.43617
65	260	0.37921
65	261	0.31149
195	178	0.55179
189	289	0.3459
114	290	0.11172
195	173	0.37627
107	72	0.15601
118	249	0.19744
75	102	0.38236
57	57	1.0
121	180	0.34561
68	225	0.42123
115	298	0.023278
69	210	1.0
63	285	0.26642
121	182	0.34561
250	61	0.07496
196	175	0.02404
196	177	0.022674
73	126	0.47861
116	280	0.50948
107	89	0.22013
64	271	0.025602
251	50	0.084478
263	218	0.51497
67	231	0.22241
116	285	0.26642
67	237	0.19977
63	280	0.50948
126	126	1.0
198	149	0.50948
70	158	0.25191
194	194	1.0
124	145	0.068842
56	56	1.0
125	130	0.21513
57	42	0.28222
56	58	0.27324
123	157	0.084579
252	35	0.26404
74	109	0.48036
119	243	0.065638
57	46	0.3129
263	263	1.0
59	59	1.0
273	107	0.048165
264	253	0.025815
70	189	0.2408
66	275	0.29765
124	194	0.069249
266	221	0.18972
59	53	0.36983
257	24	0.34927
67	263	0.22241
59	52	0.37853
199	189	0.27689
77	100	0.18044
66	277	0.29765
267	212	0.12711
254	63	0.13547
66	270	0.29765
57	76	0.30135
129	139	0.28863
273	115	0.071136
255	68	0.21405
73	145	0.47861
69	230	1.0
259	18	0.15549
57	71	0.2924
127	170	0.50724
72	155	0.55229
55	91	0.050939
274	102	0.16856
67	259	0.23568
59	49	0.37982
264	264	1.0
73	140	0.3545
72	156	0.28607
67	257	0.20531
273	119	0.040571
67	258	0.26347
191	8	0.016398
58	58	1.0
199	199	1.0
272	124	0.057656
64	285	0.025017
261	299	0.23494
254	76	0.19596
56	79	0.27324
66	260	0.29731
272	120	0.29691
254	71	0.39265
197	197	1.0
198	183	0.50948
262	258	0.37651
125	168	0.22991
254	46	0.2265
250	90	0.084565
128	130	0.2698
256	24	0.019878
251	83	0.13618
199	171	0.27298
128	128	1.0
119	273	0.040571
59	75	0.34154
128	125	0.26121
264	228	0.020091
256	19	0.019894
71	197	0.34089
252	63	0.50948
254	42	0.17387
261	261	1.0
261	260	0.31985
66	293	0.29471
76	130	0.21513
75	147	0.27009
69	253	0.019395
126	161	0.51322
272	104	0.098973
262	263	0.3717
254	57	0.30209
190	7	0.15989
73	161	0.3545
127	153	0.058164
263	258	0.58733
78	103	0.19399
72	178	0.55229
198	198	1.0
76	125	1.0
265	224	0.016675
71	182	0.34089
253	62	1.0
72	173	0.37676
58	79	0.51928
265	223	0.17373
76	128	0.26121
262	262	1.0
124	185	0.06652
71	180	0.34089
119	288	0.046843
129	129	1.0
79	126	0.51322
255	97	0.21405
128	197	0.23133
77	148	0.10146
257	70	0.28668
78	139	0.19399
264	296	0.016685
271	165	0.37845
266	266	1.0
258	58	0.52143
200	122	0.14497
257	67	0.20531
200	129	0.15741
255	91	0.20997
69	276	1.0
265	296	0.018454
257	87	0.50644
129	194	0.28883
257	88	0.50644
74	171	0.48052
274	147	0.18537
265	291	1.0
271	175	0.03798
72	195	0.37286
267	267	1.0
277	109	0.71165
273	152	0.046913
266	279	0.50438
271	177	0.5032
200	135	0.16092
277	105	0.36198
75	192	0.34154
256	62	0.019894
127	185	0.13726
272	137	0.10189
255	72	0.14722
79	140	0.51928
264	273	0.17554
79	145	0.51322
265	253	0.016398
253	91	0.26397
266	249	0.34144
200	105	0.18264
273	138	0.095534
255	89	0.21405
128	180	0.23133
273	133	0.040967
270	171	0.71165
128	182	0.23133
275	109	0.71165
271	152	0.20722
77	153	0.19017
258	45	0.52143
77	154	0.23205
266	255	0.14494
77	151	0.1015
76	168	0.22991
275	105	0.36198
265	265	1.0
272	143	0.2578
258	48	0.43804
259	34	0.20321
279	118	0.50633
278	128	0.26121
268	287	0.33815
276	151	0.25737
79	162	0.43617
79	161	0.51928
201	151	0.065726
123	6	0.036951
201	159	0.12168
278	125	1.0
259	87	0.66558
201	153	0.20837
123	9	0.026456
259	88	0.66558
205	109	0.35058
267	297	0.34507
269	287	0.29409
275	171	0.71165
203	145	0.51322
203	140	0.51928
279	124	0.040078
182	310	1.0
200	176	0.15647
198	5	0.26404
77	174	0.18044
202	151	0.25737
278	130	0.21513
268	269	0.42398
268	268	1.0
196	9	0.022559
196	8	0.024975
180	310	1.0
258	79	0.52143
70	3	0.27795
258	73	0.47784
78	194	0.19783
266	283	0.19219
259	67	0.23568
201	132	0.10962
279	106	0.26061
273	175	0.025303
78	187	0.18901
269	269	1.0
203	126	0.51322
279	108	0.02069
269	268	0.42398
122	3	0.22498
276	132	0.50452
259	70	0.2552
77	190	0.10803
202	132	0.50452
201	148	0.11082
14	175	0.02274
14	174	0.019487
15	163	0.11146
279	279	1.0
204	280	0.094185
13	183	0.50948
18	126	0.43128
210	175	0.019461
205	275	0.28216
205	270	0.28216
204	288	0.097804
278	280	0.2343
16	149	0.50948
192	307	0.37131
277	298	0.48342
277	293	0.71165
133	6	0.069122
211	152	0.23181
205	269	0.26766
208	232	0.022565
192	308	0.38364
15	159	0.18792
19	108	0.033068
284	189	0.27513
214	130	0.32247
213	146	0.34045
89	156	0.41986
215	127	0.27741
89	155	0.82066
209	238	0.093271
204	297	0.11728
211	165	0.28794
287	147	0.36172
216	107	0.030234
216	101	0.063972
211	160	0.10391
205	277	0.28216
192	313	0.37982
12	185	0.13726
16	130	0.32247
284	184	0.22122
134	9	0.11882
289	122	0.20905
284	158	0.22151
268	80	0.30502
210	151	0.25737
209	209	1.0
18	145	0.43128
285	149	0.26642
286	135	0.18779
281	190	0.13826
277	275	0.71165
282	173	0.025145
17	156	0.36788
18	140	0.43592
277	277	1.0
17	155	0.55179
282	175	0.030832
211	133	0.061063
277	270	0.71165
288	107	0.057424
207	225	0.51053
279	250	0.072806
88	193	0.3846
282	177	0.0254
212	121	0.13032
214	113	0.50948
279	266	0.50438
15	175	0.022696
269	80	0.30709
89	178	0.82066
13	198	0.50948
214	116	0.50948
282	184	0.029461
17	146	0.55179
269	75	0.38797
89	173	0.55512
278	278	1.0
208	220	0.2641
288	117	0.34483
208	222	0.26428
288	119	0.046843
87	193	0.3846
286	192	0.20166
191	19	0.016398
213	178	0.34045
121	310	0.34561
216	144	0.056633
196	304	0.022621
215	153	0.12963
196	306	0.023419
212	182	0.34564
17	178	0.55179
18	161	0.43592
121	302	0.14001
190	24	0.56206
212	180	0.34564
190	23	0.15989
16	183	0.50948
213	173	0.30107
289	158	0.19595
208	271	0.022334
217	129	0.27549
17	173	0.37627
288	180	0.054756
138	4	0.50579
287	192	0.31261
81	2	0.047381
287	189	0.3867
89	195	0.55179
218	126	0.51322
191	24	0.016305
208	285	0.024357
209	272	0.093271
212	197	0.34564
217	139	0.2968
213	156	0.27971
213	155	0.34045
284	199	0.22167
285	183	0.26642
206	280	0.12497
211	181	0.079195
19	175	0.042643
215	132	0.069586
214	149	0.50948
205	293	0.35058
287	158	0.28677
217	103	0.2968
216	119	0.043245
211	177	0.38146
206	278	0.50586
208	253	0.027303
289	136	0.45181
217	105	0.32804
17	195	0.48209
83	7	0.29578
195	306	0.55229
136	3	0.30362
285	198	0.26642
19	165	0.031549
215	148	0.070888
120	312	0.088944
289	147	0.2051
16	198	0.50948
289	141	0.21121
193	34	0.14576
125	302	0.23683
192	49	0.37982
289	193	0.27846
124	312	0.068678
199	305	0.27298
192	59	0.36932
130	214	0.32247
194	33	0.31499
125	311	1.0
194	36	0.43605
19	186	0.034503
216	195	0.074659
218	162	0.43617
195	17	0.48209
218	161	0.51928
190	75	0.15655
217	176	0.27706
191	62	0.016398
192	53	0.36983
120	27	0.24949
192	52	0.37853
282	1	0.027351
219	152	0.26667
120	28	0.24949
72	306	0.55276
13	5	0.26404
214	183	0.50948
215	170	0.27741
71	311	0.3862
197	310	1.0
87	3	0.2614
138	8	0.027441
190	41	0.16198
288	182	0.054756
216	156	0.063934
71	310	0.34089
213	195	0.29884
208	296	0.025413
214	198	0.50948
215	185	0.10276
194	10	0.43828
216	175	0.034902
218	140	0.51928
86	8	0.019395
288	197	0.054756
190	52	0.15697
280	5	0.50824
289	189	0.3459
219	133	0.13871
209	290	0.089257
218	145	0.51322
122	36	0.26726
198	16	0.50948
122	33	0.22447
194	66	0.29097
194	65	0.39031
132	221	0.18949
124	10	0.069249
123	29	0.05032
285	5	0.14235
219	181	0.14758
197	21	0.29277
193	70	0.16162
121	42	0.19979
14	8	0.020741
210	8	0.019395
198	13	0.50948
193	88	0.3846
193	87	0.3846
130	252	0.32247
130	254	0.62669
195	68	0.55179
132	230	0.50452
128	310	0.23133
128	311	0.26121
121	50	0.16215
88	3	0.2614
197	38	0.56634
129	307	0.29448
129	308	0.29076
270	303	0.36944
133	219	0.13871
270	305	0.71165
131	217	0.20862
217	194	0.40736
132	202	0.50452
16	5	0.26404
120	30	0.50652
75	307	0.38437
75	308	0.38688
219	165	0.16141
121	21	0.19242
196	19	0.024975
122	10	0.26835
219	160	0.11667
194	51	0.43706
193	67	0.16528
121	39	0.15405
121	38	0.19979
132	210	0.50452
192	75	0.34154
74	303	0.25305
120	47	0.29691
219	177	0.25668
15	8	0.019603
74	305	0.48052
198	280	0.50948
197	297	1.0
118	41	0.091063
260	33	0.31604
73	237	0.3545
114	93	0.13239
126	258	0.70623
73	231	0.39903
198	285	0.26642
260	36	0.71701
199	270	0.27298
71	254	0.39265
116	63	0.50948
64	31	0.031061
123	284	0.10861
135	102	0.26709
80	102	0.28324
208	8	0.027303
189	95	0.29965
127	250	0.086734
118	53	0.082185
272	209	0.093271
127	251	0.23473
118	52	0.075238
271	219	0.20722
61	61	1.0
125	278	1.0
126	263	0.59353
261	33	0.25379
261	36	0.31985
132	151	0.26864
65	10	0.39031
132	153	0.50452
199	275	0.27298
132	148	0.25923
70	259	0.2552
133	133	1.0
199	277	0.27298
70	257	0.28668
63	35	0.26404
73	218	0.3545
271	211	0.37583
126	231	0.59353
61	90	0.33708
131	131	1.0
260	10	0.43605
130	149	0.32247
73	258	0.47784
66	36	0.29731
119	14	0.065638
131	139	0.20709
71	278	0.3862
81	119	0.015943
126	237	0.51322
127	221	0.061278
121	297	0.34561
63	63	1.0
205	7	0.35058
70	289	0.33584
80	126	0.29332
70	287	0.20462
81	117	0.21282
187	82	0.22591
124	258	0.068075
189	60	0.37042
112	91	0.051062
67	18	0.20128
117	31	0.060085
118	33	0.076313
65	36	0.37921
60	95	0.29141
125	254	0.19596
66	23	0.29471
60	98	0.2481
61	84	0.1974
199	260	0.27181
132	132	1.0
127	233	0.45334
261	10	0.34624
65	33	0.30911
134	100	0.12263
124	260	0.066696
115	62	0.025622
76	206	0.50586
81	104	0.012777
134	108	0.13065
62	62	1.0
79	203	0.51928
127	283	0.062415
78	217	0.18943
131	199	0.20953
131	194	0.20708
272	238	0.30701
136	136	1.0
137	120	0.11069
133	173	0.071354
129	260	0.28863
69	19	0.019395
269	313	0.43498
265	19	0.016398
65	65	1.0
261	65	0.31149
81	134	0.01276
262	48	0.31536
200	200	1.0
82	123	0.15392
262	45	0.37474
77	221	0.1867
71	297	0.34089
80	145	0.29332
66	44	0.29765
265	24	0.016305
83	109	0.29578
62	91	0.26397
136	147	0.2051
270	270	1.0
65	51	0.38661
128	280	0.27407
73	263	0.39903
137	137	1.0
65	53	0.2873
133	181	0.20203
139	105	0.36461
262	58	0.37474
271	250	0.076
271	253	0.030988
68	17	0.55179
263	45	0.51497
64	62	0.0264
128	278	0.26121
139	103	0.71701
138	119	0.043751
64	64	1.0
200	217	0.27118
201	201	1.0
136	141	0.21121
74	249	0.27914
129	269	0.28777
71	280	0.40386
263	48	0.43288
260	51	0.52875
199	293	0.27248
133	152	0.13871
128	254	0.26552
268	307	0.70583
137	104	0.090162
268	308	0.33003
134	134	1.0
130	183	0.32247
267	310	0.34507
74	279	0.34551
67	58	0.19977
75	269	0.38797
125	280	0.2343
76	254	0.19596
75	268	0.3878
268	313	0.42398
260	65	0.37921
66	66	1.0
118	74	0.21217
260	66	0.29731
136	122	0.20905
79	218	0.51928
74	277	0.48052
130	198	0.32247
74	275	0.48052
264	19	0.025815
269	308	0.43875
133	164	0.073593
269	307	0.4243
82	136	0.084196
137	114	0.11108
131	189	0.20678
261	51	0.33829
273	216	0.060145
74	270	0.48052
273	219	0.046913
133	160	0.075013
10	103	0.43605
117	81	0.21282
10	105	0.35457
133	157	0.18061
67	45	0.19977
135	135	1.0
272	223	0.25726
283	108	0.12633
273	264	0.17554
67	87	0.26224
278	206	0.50586
203	218	0.51928
276	230	1.0
204	204	1.0
267	38	0.20045
82	169	0.086655
139	139	1.0
264	62	0.025815
76	278	1.0
69	58	0.017873
10	139	0.43605
270	298	0.48342
82	164	0.064714
77	266	0.10073
75	287	0.27214
67	79	0.19977
272	272	1.0
263	79	0.51497
81	175	0.01582
68	68	1.0
79	237	0.51928
84	133	0.23784
74	293	0.48036
201	249	0.078382
136	189	0.3459
74	298	0.32788
83	141	0.16099
267	42	0.20045
274	269	0.18297
274	268	0.29726
79	231	0.51497
135	192	0.26163
271	295	0.33471
280	149	0.50948
77	255	0.1435
10	129	0.28883
265	62	0.016398
67	67	1.0
273	273	1.0
201	247	0.18463
202	230	1.0
137	143	0.09581
273	241	0.054013
202	202	1.0
136	158	0.19595
84	160	0.25973
128	297	0.23133
138	138	1.0
79	263	0.51497
276	202	1.0
270	277	0.71165
77	283	0.13316
134	172	0.52878
280	113	0.50948
69	79	0.017873
281	100	0.19112
280	116	0.50948
134	174	0.12263
270	275	0.71165
83	171	0.29624
82	187	0.22591
86	132	0.50452
263	58	0.51497
87	122	0.20095
68	89	0.82066
79	258	0.52143
13	113	0.50948
14	100	0.019487
13	116	0.50948
202	210	1.0
134	190	0.098795
12	124	0.055201
270	293	0.71165
203	203	1.0
267	21	0.11226
280	130	0.62669
78	268	0.19735
84	152	0.30531
12	127	0.50724
276	210	1.0
69	69	1.0
11	133	0.29181
271	271	1.0
78	260	0.19399
262	79	0.37474
68	72	0.55229
67	88	0.26224
76	280	0.2343
273	250	0.024511
81	186	0.012884
201	221	0.083534
69	62	0.019395
267	71	0.12642
13	149	0.50948
283	148	0.19203
207	207	1.0
130	5	0.32055
281	171	0.13276
281	172	0.12718
84	181	0.34889
280	183	0.50948
203	258	0.52143
84	184	0.019495
206	212	0.19532
88	136	0.50476
12	153	0.058164
268	59	0.36983
269	49	0.43498
87	141	0.30782
10	176	0.29431
11	160	0.16985
282	157	0.027391
284	147	0.26214
285	130	0.17204
275	293	0.71165
208	208	1.0
279	249	0.34218
86	151	0.25737
202	276	1.0
203	263	0.51497
279	245	0.06758
280	198	0.50948
275	298	0.48342
268	75	0.3878
13	130	0.32247
281	184	0.12882
84	175	0.019555
139	194	0.43605
11	152	0.26299
87	136	0.50476
69	86	1.0
201	283	0.085916
200	299	0.15762
276	276	1.0
281	174	0.19112
269	52	0.43276
210	132	0.50452
269	53	0.42398
88	122	0.20095
266	91	0.14619
207	213	0.34065
14	119	0.065638
68	97	0.82066
283	151	0.19263
269	59	0.37982
77	292	0.23205
283	153	0.36988
278	254	0.19596
274	274	1.0
267	50	0.13941
203	231	0.51497
204	224	0.17233
89	146	0.82066
138	175	0.024541
138	177	0.021797
203	237	0.51928
272	290	0.10245
205	205	1.0
11	184	0.020417
12	170	0.50724
88	158	0.12256
200	261	0.19736
201	255	0.065837
86	175	0.019461
10	194	0.43828
11	181	0.43042
136	193	0.27846
279	225	0.019675
274	287	0.14892
275	270	0.71165
266	74	0.17853
15	131	0.031025
275	277	0.71165
268	52	0.52083
285	116	0.26642
268	53	0.70583
139	176	0.29908
286	102	0.20305
285	113	0.26642
275	275	1.0
268	49	0.42398
87	158	0.12256
16	116	0.50948
11	175	0.01929
88	141	0.30782
276	253	0.019395
283	132	0.19023
201	266	0.10987
202	253	0.019395
283	134	0.12619
16	113	0.50948
11	172	0.019813
206	206	1.0
264	99	1.0
