159	146	0.25
211	55	0.42857
158	158	1.0
220	258	0.33333
2	286	0.25
293	270	0.53846
282	91	0.25
25	249	0.17647
18	27	0.33333
214	16	0.81818
98	261	0.17647
9	203	0.25
293	277	0.53846
223	220	0.25
99	255	0.25
214	13	0.66667
23	275	0.33333
223	223	1.0
98	268	0.17647
14	76	0.17647
99	251	0.25
14	77	0.17647
223	225	0.42857
19	19	1.0
295	251	0.33333
17	41	0.25
96	293	0.25
99	259	0.25
23	277	0.53846
159	139	0.25
211	49	0.33333
88	80	0.33333
5	252	0.66667
295	259	0.33333
292	291	0.33333
292	292	1.0
282	85	0.17647
221	251	0.33333
6	221	0.33333
0	296	0.17647
300	9	0.17647
158	147	0.25
11	99	0.25
88	67	0.33333
12	84	0.25
98	253	0.42857
18	18	1.0
282	81	0.17647
21	287	0.25
14	63	0.17647
281	95	0.17647
86	90	0.25
14	64	0.17647
157	157	1.0
31	121	0.33333
210	50	0.17647
26	224	0.25
157	154	0.33333
27	218	0.42857
4	251	0.25
15	54	0.25
98	257	0.25
285	42	0.42857
284	55	0.25
223	238	0.33333
87	87	1.0
4	259	0.25
87	88	0.33333
224	224	1.0
95	298	0.66667
284	52	0.25
155	173	0.42857
4	255	0.25
23	266	0.33333
95	293	0.66667
30	122	0.25
149	285	0.42857
296	256	0.81818
88	59	0.33333
17	17	1.0
6	215	0.33333
25	226	0.17647
20	285	0.66667
95	277	0.42857
149	280	0.53846
5	227	1.0
0	286	0.17647
88	56	0.33333
11	89	0.25
85	92	0.17647
222	250	0.33333
85	93	0.17647
286	26	0.33333
31	116	0.33333
153	190	0.17647
293	293	1.0
13	63	0.53846
139	97	0.25
285	38	0.42857
281	81	0.17647
1	278	0.25
293	298	0.53846
285	35	1.0
99	233	0.25
156	156	1.0
86	86	1.0
22	268	0.25
156	155	0.42857
26	219	0.25
21	278	0.25
14	57	0.25
88	60	0.33333
87	77	0.25
16	35	0.42857
284	41	0.33333
96	270	0.25
86	89	0.25
225	223	0.42857
283	53	0.17647
225	225	1.0
283	51	0.17647
225	226	0.25
84	90	0.42857
89	32	0.33333
282	65	0.17647
84	92	0.25
16	16	1.0
5	214	0.53846
95	266	0.42857
88	43	0.33333
12	61	0.25
11	77	0.25
6	200	0.33333
158	123	0.25
148	282	0.42857
210	32	0.25
232	102	0.25
210	31	0.17647
281	73	0.17647
98	232	0.25
26	200	0.33333
227	206	0.33333
97	242	0.25
299	232	0.33333
139	83	0.25
138	99	0.66667
22	255	0.33333
3	245	0.25
294	294	1.0
94	284	0.17647
87	60	0.53846
85	85	1.0
285	20	0.66667
155	156	0.42857
86	72	0.33333
155	155	1.0
283	49	0.17647
0	280	0.17647
87	67	0.81818
88	52	1.0
95	270	0.33333
4	233	0.25
16	20	0.33333
159	105	0.25
153	179	0.25
289	52	0.33333
7	266	0.33333
288	66	0.25
291	253	0.33333
217	22	0.25
220	213	0.33333
216	37	0.25
215	49	0.33333
216	32	0.25
292	244	0.33333
211	90	0.53846
27	261	0.42857
27	262	0.33333
19	54	0.33333
19	56	0.33333
221	207	0.33333
34	141	0.81818
33	157	0.25
286	82	0.25
9	243	0.25
25	293	0.17647
295	211	0.53846
30	194	0.25
294	228	0.33333
35	130	0.66667
25	291	0.17647
289	43	0.25
36	103	0.66667
296	202	0.17647
220	220	1.0
295	219	0.33333
220	221	0.33333
159	177	0.25
212	70	0.25
35	116	0.66667
17	68	0.25
296	207	0.11111
211	84	0.53846
292	253	0.25
99	283	0.25
32	155	0.33333
18	58	0.25
217	300	0.25
19	43	0.33333
222	202	0.33333
210	91	0.17647
5	280	0.81818
15	99	0.17647
24	292	0.33333
8	248	0.25
303	8	0.25
25	281	1.0
25	282	0.17647
290	282	0.17647
284	94	0.17647
289	34	0.81818
5	285	0.33333
284	92	0.17647
296	211	0.11111
31	150	0.33333
288	47	0.42857
89	86	0.25
212	62	0.25
89	81	0.25
287	59	0.42857
221	220	0.33333
159	162	0.25
296	219	0.11111
292	262	0.25
287	56	0.53846
221	221	1.0
220	238	0.42857
297	205	0.33333
210	85	0.17647
9	220	0.25
287	52	0.42857
286	68	0.42857
210	84	0.17647
89	89	1.0
292	267	0.25
18	48	0.25
158	171	0.33333
210	81	0.25
157	186	0.33333
28	235	0.33333
214	35	0.53846
308	192	0.42857
218	303	0.42857
99	273	0.53846
156	195	0.33333
23	293	0.42857
4	283	0.25
284	88	0.25
290	290	1.0
24	287	0.25
30	171	0.33333
35	113	1.0
284	84	0.17647
23	298	0.53846
283	99	0.25
29	226	0.33333
302	5	0.17647
159	159	1.0
290	297	0.17647
288	36	0.42857
302	3	0.17647
26	242	0.33333
88	87	0.33333
88	88	1.0
30	154	0.25
211	61	0.53846
27	232	0.33333
26	249	0.33333
287	43	0.53846
27	235	0.33333
158	163	0.25
98	271	0.17647
97	286	0.25
292	279	0.25
222	222	1.0
221	238	0.42857
215	12	0.53846
4	273	0.53846
293	266	0.42857
286	51	0.25
29	211	0.25
15	78	0.33333
9	217	0.25
14	87	0.17647
218	314	0.33333
98	278	0.17647
15	72	0.33333
285	63	1.0
214	20	0.42857
28	222	0.33333
3	287	0.25
9	213	0.25
224	200	0.25
17	51	0.25
35	101	0.53846
6	251	0.33333
29	219	0.25
155	195	0.81818
283	89	0.17647
212	46	0.25
16	63	0.42857
296	230	0.11111
219	306	0.25
28	229	0.42857
9	219	0.25
291	291	1.0
291	292	0.33333
218	54	0.81818
298	293	0.53846
227	252	0.66667
231	169	0.25
232	154	0.25
19	92	0.33333
298	298	1.0
216	78	0.25
28	292	0.25
39	121	0.25
235	123	0.42857
39	129	0.25
34	189	0.53846
289	88	0.33333
289	87	0.81818
7	298	0.42857
232	161	0.25
236	119	0.25
36	142	0.33333
36	143	0.33333
7	293	0.42857
19	80	0.25
18	96	0.25
307	3	0.33333
33	184	0.25
216	64	0.17647
19	86	0.25
216	62	0.17647
32	195	0.33333
299	299	1.0
32	196	0.33333
215	72	0.25
28	287	0.25
213	97	0.25
19	72	0.33333
18	83	0.25
237	117	0.33333
36	134	0.42857
306	9	0.33333
216	53	0.17647
31	198	0.33333
8	273	0.25
228	267	0.25
287	93	0.42857
9	260	0.25
229	259	0.33333
28	276	0.25
213	89	0.17647
235	147	0.33333
218	27	0.42857
289	67	1.0
227	280	0.81818
213	81	0.17647
31	183	0.33333
19	61	0.25
7	275	0.33333
26	286	0.33333
18	79	0.33333
7	277	0.53846
227	285	0.33333
6	286	0.33333
289	60	0.53846
216	49	0.17647
18	73	0.25
17	89	0.42857
233	170	0.66667
18	74	0.25
288	73	0.53846
287	88	0.42857
33	161	0.33333
28	262	0.33333
288	70	0.33333
37	119	0.25
31	187	0.33333
229	262	0.33333
228	279	0.25
32	173	0.33333
305	7	0.53846
215	55	0.81818
286	97	0.25
287	80	0.42857
239	108	0.42857
234	167	0.66667
235	154	0.33333
214	63	0.53846
35	144	0.66667
300	217	0.25
213	76	0.25
17	97	0.25
301	205	0.25
289	56	0.25
141	314	0.25
225	238	0.25
226	226	1.0
39	161	0.33333
39	162	0.42857
227	214	0.53846
299	247	0.25
295	295	1.0
219	78	0.25
37	191	0.42857
226	236	0.33333
217	97	0.25
298	266	0.53846
156	9	0.25
227	227	1.0
39	157	0.25
296	296	1.0
231	140	0.33333
219	61	0.42857
140	309	0.33333
231	142	0.33333
218	75	0.33333
298	270	0.33333
226	247	0.33333
298	275	0.33333
298	277	0.53846
217	82	0.25
299	264	0.66667
223	282	0.33333
228	226	0.25
299	269	0.33333
233	127	0.66667
228	228	1.0
216	91	0.17647
229	218	0.33333
35	198	0.81818
225	263	0.25
230	166	0.25
297	297	1.0
215	99	0.25
216	81	0.17647
39	139	0.25
224	286	0.25
34	193	0.42857
229	229	1.0
234	129	0.66667
230	174	0.33333
35	183	0.81818
150	209	0.33333
303	229	0.25
239	154	0.25
32	2	0.33333
145	303	0.25
32	8	0.25
140	18	0.25
144	311	0.42857
303	232	0.25
304	223	0.25
302	254	0.25
303	243	0.25
239	171	0.25
310	121	0.66667
38	198	0.53846
310	124	0.25
143	309	0.33333
143	306	0.25
142	313	0.42857
142	312	0.25
238	195	0.33333
219	92	0.25
38	183	0.53846
304	240	0.25
219	90	0.33333
304	242	0.25
306	220	0.25
306	228	0.25
313	100	0.33333
303	262	0.25
219	84	0.42857
236	148	0.25
0	301	0.17647
232	194	0.33333
152	222	0.25
152	221	0.25
142	36	0.33333
300	224	0.53846
236	150	0.25
140	58	0.66667
153	207	0.17647
141	43	0.25
230	8	0.25
148	306	0.25
152	219	0.53846
228	291	0.25
152	211	0.53846
147	312	0.33333
228	293	0.25
228	294	0.33333
238	137	0.53846
141	34	0.81818
94	301	0.17647
140	47	0.25
301	226	0.33333
93	312	0.81818
147	308	0.33333
238	146	0.53846
229	292	0.33333
234	192	0.81818
150	226	0.42857
93	308	0.33333
236	178	0.25
238	155	0.33333
239	140	0.25
303	218	0.42857
304	204	0.25
145	312	0.25
92	301	0.33333
236	187	0.33333
301	247	0.25
309	239	0.33333
310	187	0.25
144	50	0.53846
306	273	0.33333
156	213	0.33333
160	127	0.42857
143	62	0.33333
142	79	0.25
91	41	0.25
141	88	0.33333
91	46	0.17647
307	268	0.33333
155	220	0.25
142	70	0.25
154	235	0.33333
141	87	0.81818
140	96	0.66667
140	95	0.25
92	19	0.33333
153	241	0.33333
305	293	0.42857
310	197	0.66667
305	298	0.66667
144	42	0.42857
233	6	0.25
311	183	0.42857
233	4	0.25
142	65	0.33333
154	229	0.33333
3	308	0.33333
146	17	0.42857
23	305	0.66667
145	26	0.25
3	307	0.33333
145	27	0.25
314	154	0.33333
152	248	0.25
145	22	0.25
144	38	0.42857
314	157	0.33333
144	35	0.66667
306	294	0.25
1	311	0.25
155	207	0.42857
142	56	0.25
312	182	0.33333
311	198	0.42857
160	104	0.42857
154	218	0.33333
21	312	0.33333
307	287	0.42857
21	314	0.25
141	67	1.0
153	228	0.17647
141	60	0.53846
145	18	0.33333
140	74	0.25
296	301	0.11111
95	305	0.53846
144	20	0.81818
143	36	0.33333
142	47	0.25
20	311	0.42857
1	301	0.25
150	254	0.33333
312	193	0.33333
142	43	0.25
141	56	0.25
231	5	0.17647
231	3	0.25
308	287	0.81818
141	52	0.33333
30	222	0.25
153	296	0.25
92	68	0.25
158	235	0.25
153	294	0.33333
157	249	0.33333
90	90	1.0
30	229	0.25
7	305	0.53846
90	92	0.25
149	35	0.42857
306	233	0.25
161	154	0.33333
20	42	0.42857
306	236	0.25
301	297	0.25
148	41	0.25
91	81	0.17647
312	122	0.33333
307	225	0.33333
160	160	1.0
147	54	0.33333
237	3	0.17647
32	209	0.33333
147	51	0.33333
2	24	0.25
1	38	0.25
145	79	0.25
162	139	0.33333
153	283	0.17647
158	222	0.25
309	208	0.33333
290	29	0.17647
152	295	0.42857
152	294	0.33333
95	23	0.66667
290	26	0.17647
306	242	0.25
149	20	0.42857
311	144	0.42857
90	84	0.42857
90	86	0.25
31	209	0.81818
21	21	1.0
20	38	0.42857
236	9	0.17647
302	297	0.25
96	18	0.25
92	61	0.33333
91	77	0.17647
20	35	0.66667
154	263	0.42857
154	262	0.33333
146	55	0.25
154	261	0.33333
25	301	0.17647
303	287	0.25
146	51	0.33333
24	312	0.25
24	314	0.25
149	16	0.81818
305	266	0.53846
156	238	0.25
149	13	0.66667
30	205	0.25
91	62	0.17647
20	20	1.0
94	29	0.17647
292	309	0.25
154	259	0.42857
142	93	0.25
312	147	0.33333
91	64	0.17647
308	234	0.42857
91	65	0.17647
92	51	0.25
153	266	0.17647
146	41	0.25
24	307	0.33333
24	308	0.25
305	270	0.33333
93	21	0.33333
305	275	0.53846
144	63	0.66667
306	260	0.25
156	228	0.25
305	277	0.66667
292	312	0.25
155	238	0.33333
143	74	0.25
90	61	0.33333
147	24	0.33333
293	305	0.42857
313	142	0.42857
153	258	0.17647
153	256	0.33333
293	44	0.42857
3	45	0.25
95	70	0.33333
23	44	0.42857
164	164	1.0
226	301	0.33333
3	48	0.25
3	47	0.25
0	81	0.17647
5	20	0.25
167	129	0.53846
163	172	0.25
291	65	0.42857
31	254	0.33333
157	286	0.25
25	25	1.0
290	74	0.25
96	64	0.17647
1	76	0.17647
290	71	0.17647
2	64	0.25
3	53	0.25
2	68	0.25
147	93	0.42857
230	222	0.25
94	72	0.25
98	27	0.17647
220	17	0.33333
163	163	1.0
24	24	1.0
162	177	0.33333
5	13	0.66667
157	274	0.25
32	238	0.42857
96	58	1.0
29	310	0.25
21	60	0.25
5	16	0.66667
156	286	0.25
149	63	0.42857
290	62	0.17647
24	28	0.25
21	65	0.33333
98	34	0.17647
93	93	1.0
230	230	1.0
164	147	0.33333
293	23	0.42857
94	62	0.17647
93	79	0.25
292	36	0.25
30	246	0.25
163	158	0.25
291	48	0.33333
32	220	0.33333
291	45	0.33333
32	221	0.33333
94	65	0.17647
23	23	1.0
158	250	0.25
162	162	1.0
232	218	0.25
28	312	0.33333
20	63	0.66667
96	47	0.17647
92	90	0.25
28	314	0.42857
228	306	0.25
0	64	0.17647
290	51	0.17647
0	69	0.17647
32	226	0.25
0	68	0.17647
148	62	0.33333
1	57	0.17647
21	57	0.25
92	92	1.0
9	306	0.33333
146	89	0.33333
29	301	0.25
33	218	0.25
292	28	0.25
2	28	0.25
231	231	1.0
30	235	0.33333
292	24	0.33333
22	22	1.0
291	37	0.33333
95	44	0.42857
31	226	0.33333
22	29	0.33333
233	211	0.33333
30	239	0.25
233	215	0.66667
97	20	0.25
8	303	0.25
161	161	1.0
91	91	1.0
20	50	0.53846
0	57	0.25
238	2	0.33333
2	32	0.33333
2	31	0.25
1	46	0.25
21	46	0.25
154	287	0.33333
92	82	0.25
92	84	0.25
28	28	1.0
8	29	0.25
4	72	0.33333
3	88	0.17647
294	70	0.25
299	10	0.25
40	146	0.25
297	301	0.25
293	83	0.33333
222	41	0.33333
297	302	0.25
298	23	0.53846
221	55	0.33333
24	78	0.25
5	63	0.33333
169	140	0.25
6	51	0.33333
222	312	0.25
167	167	1.0
222	314	0.25
97	97	1.0
168	150	0.33333
313	190	0.33333
6	55	0.33333
7	44	0.42857
295	55	0.33333
223	304	0.25
98	87	0.17647
44	109	0.42857
3	93	0.17647
99	72	0.33333
28	30	0.42857
8	32	0.25
9	22	0.25
9	21	0.33333
223	21	0.25
39	209	0.25
3	79	0.33333
221	49	0.33333
297	310	0.66667
27	27	1.0
23	70	0.25
99	55	0.25
293	70	0.33333
159	293	0.25
37	216	0.25
42	116	0.53846
220	57	0.25
96	95	0.17647
298	305	0.66667
291	95	0.25
295	49	0.33333
33	269	0.53846
96	96	1.0
38	204	0.42857
33	264	0.25
38	206	0.42857
166	166	1.0
224	300	0.53846
309	292	0.25
314	193	0.33333
309	294	0.25
222	28	0.33333
34	257	0.33333
27	33	0.33333
164	188	0.33333
99	49	0.25
4	55	0.25
27	18	0.33333
292	74	0.25
221	32	0.33333
159	281	0.33333
96	83	0.25
25	41	0.17647
24	51	0.25
95	95	1.0
163	191	0.33333
24	54	0.33333
291	83	0.25
290	99	0.17647
158	290	0.25
97	76	0.25
21	93	0.33333
1	92	0.17647
7	23	0.81818
2	81	0.33333
224	313	0.17647
8	15	0.33333
165	165	1.0
2	89	0.33333
94	94	1.0
230	202	0.81818
225	307	0.33333
35	214	0.53846
94	92	0.17647
94	93	0.17647
163	187	0.25
4	49	0.25
0	92	0.17647
291	79	0.33333
292	60	0.25
163	182	0.25
291	74	0.33333
220	32	0.33333
5	35	0.33333
291	70	0.25
96	74	0.25
25	32	0.17647
166	147	0.42857
6	26	0.33333
148	91	0.25
97	68	0.25
26	26	1.0
236	226	0.33333
222	86	0.33333
38	254	0.53846
222	82	0.25
6	92	0.33333
26	92	0.25
227	20	0.25
238	207	0.33333
42	168	0.42857
26	97	0.17647
297	73	0.17647
226	31	0.33333
26	99	0.17647
7	83	0.25
6	99	0.33333
296	86	0.17647
300	300	1.0
8	72	0.53846
240	146	0.25
224	53	0.17647
9	66	0.25
223	65	0.25
295	90	0.33333
237	220	0.17647
236	236	1.0
36	267	0.42857
222	77	0.25
227	16	0.66667
99	99	1.0
299	40	0.25
221	89	0.33333
227	13	0.66667
226	29	0.33333
222	72	0.25
25	95	0.17647
233	273	0.33333
169	175	0.25
297	68	0.17647
168	188	0.33333
243	119	0.42857
234	263	0.33333
239	205	0.25
235	250	0.33333
225	31	0.25
40	185	0.25
167	192	0.66667
301	301	1.0
295	84	0.66667
223	57	0.25
236	244	0.25
27	75	0.33333
35	285	1.0
294	95	0.25
36	258	0.33333
24	93	0.25
299	33	0.33333
294	92	0.25
241	149	0.25
294	90	0.25
238	220	0.42857
4	99	1.0
169	169	1.0
242	136	0.33333
238	221	0.42857
237	237	1.0
237	238	0.17647
298	44	0.53846
238	223	0.33333
222	61	0.25
242	139	0.33333
232	299	0.33333
220	89	0.33333
244	112	0.33333
25	81	0.17647
296	69	0.25
33	299	0.33333
235	261	0.42857
220	81	0.33333
26	73	0.25
301	310	0.33333
36	260	0.81818
41	160	0.25
8	54	0.33333
28	54	0.25
241	153	0.33333
34	287	0.33333
299	27	0.25
237	240	0.17647
34	289	0.81818
237	241	0.17647
294	84	0.25
302	302	1.0
223	41	0.25
29	22	0.33333
3	98	0.17647
222	54	0.25
293	95	0.66667
237	248	0.17647
23	95	0.66667
29	29	1.0
25	73	0.17647
168	168	1.0
238	238	1.0
221	61	0.33333
297	42	0.25
37	236	0.33333
244	125	0.25
43	129	0.81818
6	68	0.25
234	287	0.53846
224	26	0.25
98	98	1.0
295	61	0.66667
302	310	0.17647
40	161	0.33333
27	54	0.42857
230	257	0.25
43	192	1.0
232	232	1.0
299	92	0.17647
227	63	0.33333
226	75	0.25
229	314	0.33333
49	127	0.33333
225	85	0.17647
225	81	0.25
46	168	0.33333
225	80	0.17647
37	291	0.33333
232	240	0.25
37	292	0.17647
29	84	0.25
299	82	0.17647
299	80	0.17647
298	95	0.66667
42	198	0.53846
233	233	1.0
38	285	0.42857
226	62	0.25
44	176	0.33333
44	177	0.33333
39	278	0.25
229	28	0.42857
29	92	0.25
231	260	0.25
9	97	0.25
235	218	0.42857
45	169	0.33333
42	183	0.53846
41	195	0.25
29	72	0.25
223	91	0.33333
298	83	0.33333
226	54	0.25
297	92	0.17647
234	234	1.0
49	104	0.33333
224	78	0.17647
46	144	0.33333
8	99	0.33333
224	76	0.17647
28	93	0.25
224	71	0.17647
223	85	0.17647
236	216	0.25
232	261	0.25
29	61	0.25
231	279	0.25
232	264	0.33333
36	288	0.42857
227	35	0.33333
233	251	0.66667
161	6	0.25
43	167	0.66667
232	269	0.25
222	90	0.25
233	255	0.33333
37	279	0.25
225	59	0.17647
297	84	0.17647
225	57	0.17647
7	95	0.53846
297	82	0.25
8	89	0.25
224	66	0.17647
235	235	1.0
8	86	0.25
28	82	0.25
300	31	0.25
229	87	0.25
243	182	0.25
49	160	0.42857
229	82	0.25
228	95	0.33333
151	311	0.17647
239	276	0.25
228	92	0.25
310	226	0.25
47	194	0.33333
307	307	1.0
307	308	0.53846
249	120	0.42857
47	176	0.33333
249	128	0.25
48	169	0.33333
166	8	0.25
166	6	0.25
246	164	0.25
246	166	0.25
46	198	0.33333
246	169	0.25
229	68	0.25
308	307	0.53846
308	308	1.0
228	74	0.25
228	73	0.25
228	70	0.25
46	180	0.33333
226	92	0.33333
247	162	0.25
247	163	0.25
247	164	0.25
46	183	0.33333
308	312	0.33333
308	314	0.33333
229	54	0.33333
309	309	1.0
226	85	0.25
226	81	0.25
44	199	0.33333
225	91	0.17647
303	303	1.0
303	308	0.25
239	239	1.0
240	182	0.25
302	43	0.17647
302	42	0.25
154	314	0.33333
237	261	0.17647
300	66	0.33333
236	279	0.25
241	179	0.25
303	27	0.25
244	143	0.25
304	304	1.0
302	39	0.17647
239	247	0.25
247	110	0.33333
237	271	0.17647
40	6	0.17647
300	53	0.17647
49	181	0.33333
248	107	0.33333
303	18	0.25
245	142	0.33333
305	305	1.0
310	205	0.25
153	309	0.17647
247	124	0.33333
248	111	0.33333
243	173	0.25
249	102	0.25
239	262	0.25
239	263	0.25
301	29	0.25
246	142	0.33333
311	204	0.42857
306	306	1.0
311	206	0.42857
158	314	0.25
30	309	0.25
304	64	0.17647
312	287	0.42857
307	24	0.33333
151	46	0.25
302	80	0.17647
306	36	0.25
240	9	0.17647
314	262	0.42857
150	57	0.25
314	263	0.42857
301	92	0.33333
305	44	0.53846
150	50	0.25
304	57	0.25
157	314	0.33333
304	53	0.17647
304	50	0.17647
152	29	0.25
151	38	0.17647
45	3	0.25
150	46	0.25
301	82	0.25
151	31	0.17647
150	42	0.33333
161	218	0.33333
303	54	0.42857
151	29	0.17647
160	221	0.33333
152	11	0.33333
44	7	0.42857
301	73	0.25
150	38	0.25
314	287	0.33333
300	85	0.17647
150	31	0.33333
305	23	0.66667
300	82	0.17647
302	59	0.17647
302	57	0.17647
302	56	0.17647
160	211	0.53846
302	50	0.17647
151	94	0.25
309	313	0.33333
306	83	0.25
156	32	0.25
151	91	0.25
249	157	0.33333
314	218	0.33333
305	95	0.53846
244	9	0.17647
244	6	0.17647
154	54	0.33333
311	254	0.42857
308	59	0.42857
165	229	0.33333
308	56	0.42857
170	127	0.66667
308	52	0.42857
247	187	0.33333
248	173	0.25
164	235	0.25
163	247	0.25
150	97	0.25
306	74	0.25
155	32	0.33333
314	229	0.33333
161	269	0.25
48	3	0.25
309	36	0.25
243	9	0.25
243	8	0.25
304	91	0.17647
309	30	0.25
166	202	0.33333
165	218	0.25
308	43	0.42857
307	59	0.25
307	56	0.25
156	17	0.33333
307	53	0.25
152	61	0.53846
313	245	0.53846
307	52	0.33333
313	246	0.25
47	3	0.25
151	72	0.17647
314	234	0.33333
314	235	0.33333
306	62	0.25
150	81	0.25
312	262	0.33333
242	7	0.25
170	104	0.25
307	43	0.25
151	65	0.17647
151	64	0.17647
163	226	0.25
314	245	0.33333
155	17	0.81818
163	222	0.25
154	28	0.33333
154	27	0.33333
310	297	0.66667
30	314	0.25
160	259	0.33333
303	80	0.25
160	251	0.42857
313	262	0.25
160	250	0.33333
313	263	0.25
164	205	0.33333
151	57	0.17647
313	268	0.25
211	160	0.53846
287	147	0.42857
87	193	0.42857
288	134	0.33333
18	131	0.33333
192	308	0.42857
89	173	0.33333
17	146	0.42857
269	85	0.17647
191	312	0.25
216	111	0.33333
215	127	0.66667
87	189	0.53846
279	291	0.25
17	137	0.33333
279	292	0.25
279	294	0.25
208	253	0.33333
16	149	0.81818
213	155	0.25
213	156	0.33333
285	183	0.81818
268	88	0.25
19	110	0.33333
205	290	0.25
190	313	0.33333
214	149	0.81818
267	95	0.25
210	196	0.25
205	297	0.33333
287	167	0.42857
206	285	0.42857
212	172	0.25
289	141	1.0
190	309	0.17647
209	254	0.33333
285	198	0.81818
89	155	0.33333
86	174	0.33333
85	185	0.25
85	187	0.25
266	95	0.42857
15	138	0.25
212	180	0.25
212	182	0.25
207	283	0.33333
10	194	0.42857
217	126	0.25
12	170	0.33333
269	54	0.17647
213	178	0.25
208	279	0.25
219	104	0.42857
18	105	0.42857
89	146	0.33333
275	288	0.33333
210	132	1.0
276	276	1.0
277	266	0.53846
212	110	0.33333
278	254	0.25
211	127	0.53846
212	115	0.33333
279	244	0.25
121	301	0.25
203	262	0.25
279	246	0.25
285	130	0.66667
275	293	0.33333
208	208	1.0
19	166	0.33333
136	7	0.33333
275	298	0.33333
277	270	0.33333
17	173	0.33333
277	275	0.53846
277	277	1.0
207	220	0.25
288	103	0.33333
207	221	0.33333
278	265	0.33333
203	270	0.25
120	305	0.25
214	101	0.81818
120	301	0.25
285	144	0.66667
120	300	0.25
203	279	0.25
204	264	0.33333
135	9	0.25
209	209	1.0
282	185	0.25
193	314	0.33333
89	195	0.42857
193	312	0.33333
278	278	1.0
81	2	0.33333
207	238	0.33333
279	267	0.25
214	113	0.53846
205	263	0.33333
215	104	0.33333
282	191	0.25
277	293	0.53846
211	152	0.53846
282	196	0.25
277	298	0.53846
212	143	0.25
18	145	0.33333
17	155	0.81818
207	248	0.25
17	156	0.33333
284	174	0.25
212	148	0.25
203	293	0.25
279	279	1.0
193	34	0.42857
218	161	0.33333
124	310	0.25
192	43	1.0
199	305	0.53846
219	152	0.53846
86	8	0.25
71	306	0.17647
12	6	0.25
190	60	0.17647
194	10	0.42857
217	186	0.25
124	300	0.25
123	314	0.33333
123	312	0.25
19	192	0.33333
280	5	0.81818
11	6	0.25
197	310	0.66667
191	37	0.42857
122	314	0.33333
190	47	0.17647
122	312	0.33333
138	8	0.33333
138	4	0.66667
192	19	0.33333
83	7	0.25
17	195	0.81818
191	24	0.25
121	310	0.66667
286	197	0.25
74	306	0.25
15	8	0.33333
192	88	0.33333
74	309	0.33333
15	2	0.25
192	87	0.25
121	42	0.33333
192	80	0.66667
213	186	0.25
128	301	0.25
128	300	0.25
196	32	0.33333
215	160	0.33333
132	210	1.0
195	41	0.25
194	56	0.25
287	192	0.53846
194	54	0.25
193	67	0.42857
121	39	0.25
122	24	0.33333
193	60	0.33333
14	9	0.17647
121	31	0.33333
208	291	0.33333
213	195	0.25
215	170	0.66667
89	8	0.25
195	32	0.33333
89	2	0.33333
194	47	0.33333
194	43	0.25
13	5	0.66667
283	6	0.17647
283	4	0.25
217	156	0.25
289	189	0.53846
218	147	0.33333
219	133	0.33333
131	208	0.25
214	198	0.42857
130	214	0.42857
125	313	0.25
192	59	0.81818
120	29	0.25
192	56	0.81818
289	193	0.42857
120	25	0.25
192	52	0.33333
218	154	0.33333
191	65	0.33333
71	311	0.17647
190	77	0.25
195	17	0.81818
194	27	0.33333
190	70	0.17647
125	309	0.33333
130	206	0.42857
273	306	0.33333
70	47	0.33333
130	285	0.66667
80	234	0.66667
199	44	0.33333
81	220	0.33333
71	38	0.17647
135	220	0.17647
127	12	0.53846
81	226	0.25
81	225	0.25
198	50	0.42857
126	24	0.25
126	22	0.25
81	221	0.25
120	95	0.25
196	73	0.25
195	89	0.42857
213	9	0.25
195	81	0.25
194	98	0.25
123	54	0.33333
135	217	0.17647
131	260	0.25
122	67	0.25
72	15	0.33333
198	42	0.53846
122	60	0.25
197	57	0.25
133	238	0.25
196	68	0.25
81	210	0.25
72	19	0.33333
18	7	0.25
196	62	0.25
274	312	0.17647
131	253	0.25
199	23	0.66667
194	82	0.25
198	38	0.53846
135	203	0.17647
198	35	0.81818
121	68	0.25
275	305	0.53846
280	206	0.33333
193	93	0.25
76	306	0.17647
197	42	0.25
132	238	0.25
201	302	0.17647
133	221	0.25
120	73	0.33333
286	6	0.33333
120	70	0.33333
195	68	0.25
286	2	0.25
76	309	0.17647
81	209	0.42857
193	87	0.42857
130	254	0.42857
280	214	0.53846
129	308	0.33333
121	57	0.33333
198	20	0.81818
133	219	0.33333
121	50	0.25
16	5	0.66667
197	31	0.25
132	228	0.17647
133	211	0.33333
128	311	0.25
132	221	0.17647
123	28	0.25
124	10	0.33333
123	27	0.25
72	62	0.25
142	142	1.0
124	92	0.25
71	74	0.17647
140	169	0.25
128	46	0.25
86	202	1.0
217	9	0.25
127	55	0.81818
217	6	0.25
270	305	0.33333
144	116	0.66667
144	113	0.66667
125	77	0.17647
125	76	0.53846
137	238	0.53846
70	95	0.33333
90	100	0.33333
128	38	0.25
71	62	0.17647
124	82	0.81818
84	211	0.53846
79	312	0.25
123	93	0.33333
141	141	1.0
127	49	0.33333
135	255	0.17647
84	219	0.42857
199	70	0.42857
90	104	0.42857
85	205	0.25
134	267	1.0
74	36	0.25
197	97	0.17647
81	254	0.25
73	47	0.33333
73	48	0.25
134	260	0.42857
143	115	0.33333
216	2	0.25
75	27	0.33333
71	71	1.0
137	229	0.25
11	207	0.33333
137	223	0.25
132	282	0.17647
137	221	0.25
131	292	0.25
131	291	0.25
123	82	0.33333
128	21	0.33333
128	22	0.25
135	243	0.25
140	140	1.0
122	93	0.33333
135	240	0.17647
73	36	0.33333
138	207	0.25
125	57	0.17647
70	74	0.25
215	6	0.33333
196	95	0.25
132	278	0.17647
272	304	0.17647
70	70	1.0
124	68	0.25
82	235	0.33333
196	91	0.25
70	73	0.42857
19	6	0.25
123	75	0.25
122	87	0.25
122	88	0.25
140	131	0.25
198	63	0.81818
81	238	0.33333
125	46	0.17647
196	81	0.33333
195	97	0.25
214	5	0.53846
0	101	0.33333
138	273	0.42857
89	207	0.53846
275	18	0.33333
90	152	0.33333
13	227	0.66667
147	123	0.42857
205	310	0.25
136	298	0.33333
210	210	1.0
10	264	0.25
146	137	0.42857
205	312	0.25
91	148	0.25
86	249	0.25
74	83	0.25
141	193	0.42857
136	294	0.33333
136	293	0.33333
10	261	0.25
73	95	0.25
93	122	0.33333
145	145	1.0
82	297	0.25
75	75	1.0
93	123	0.33333
11	251	0.33333
92	133	0.33333
139	257	0.25
272	49	0.17647
272	47	0.17647
283	238	0.25
76	68	0.17647
94	110	0.25
72	94	0.25
285	214	0.53846
86	230	0.81818
286	200	1.0
13	214	0.66667
141	189	0.53846
129	67	0.25
77	34	0.25
210	221	0.17647
74	70	0.25
286	205	0.25
274	18	0.25
206	311	0.42857
78	24	0.25
72	99	0.33333
211	211	1.0
128	73	0.33333
210	228	0.17647
83	270	0.42857
82	286	0.25
274	10	0.25
74	74	1.0
211	219	0.53846
144	144	1.0
79	18	0.33333
139	242	0.33333
126	93	0.17647
212	208	0.25
126	90	0.17647
12	233	0.33333
126	91	0.17647
280	280	1.0
13	206	0.53846
129	59	0.66667
271	44	0.25
219	9	0.25
280	285	0.33333
90	133	0.33333
73	70	0.42857
72	86	0.33333
76	36	0.17647
129	56	0.66667
219	6	0.25
137	262	0.25
136	275	0.33333
129	52	0.33333
286	217	0.33333
136	270	0.33333
210	238	0.25
73	73	1.0
72	89	0.25
86	222	0.33333
78	15	0.33333
82	276	0.25
75	54	0.33333
212	212	1.0
73	79	0.25
10	247	0.25
126	86	0.17647
138	248	0.25
144	130	0.66667
126	81	0.25
213	203	0.25
143	143	1.0
137	258	0.25
208	309	0.33333
72	72	1.0
281	281	1.0
281	282	0.17647
136	267	0.33333
286	224	0.25
77	11	0.25
136	266	0.33333
129	43	0.81818
91	112	0.25
10	232	0.25
73	66	0.25
85	226	0.25
199	95	0.66667
80	287	0.42857
72	78	0.25
134	288	0.33333
92	104	0.33333
288	204	0.25
74	58	0.25
283	264	0.17647
284	251	0.25
11	221	0.33333
293	109	0.53846
71	91	0.11111
12	215	0.53846
133	295	0.42857
213	213	1.0
71	93	0.11111
12	211	0.33333
213	217	0.25
200	68	0.42857
15	243	0.42857
77	86	0.17647
23	109	0.53846
77	87	0.25
14	254	0.25
78	72	0.25
95	136	0.42857
147	166	0.42857
276	310	0.17647
276	42	0.17647
280	227	0.81818
78	78	1.0
20	144	0.81818
276	314	0.25
203	27	0.25
274	66	0.17647
145	187	0.25
94	151	0.25
17	220	0.33333
277	305	0.66667
274	64	0.17647
98	102	0.25
278	19	0.25
273	78	0.25
93	164	0.33333
144	198	0.81818
273	72	0.33333
201	46	0.17647
77	90	0.25
77	91	0.17647
148	148	1.0
139	291	0.25
272	83	0.17647
20	130	0.66667
277	23	0.53846
276	39	0.17647
271	98	0.17647
148	143	0.25
203	306	0.25
271	95	0.17647
14	243	0.42857
77	77	1.0
200	51	0.25
147	154	0.42857
10	299	0.25
275	44	0.42857
281	226	0.17647
21	128	0.33333
93	154	0.33333
274	52	0.17647
16	227	0.66667
139	286	0.25
77	84	0.17647
273	62	0.33333
144	183	0.81818
283	207	0.33333
22	118	0.33333
201	32	0.17647
76	97	0.25
272	73	0.17647
14	236	0.25
276	28	0.25
280	241	0.25
147	147	1.0
271	83	0.17647
90	174	0.33333
270	96	0.25
79	45	0.66667
270	95	0.33333
79	47	0.25
146	155	0.33333
1	114	0.25
282	223	0.33333
16	214	0.81818
87	257	0.33333
79	48	0.66667
75	92	0.17647
75	93	0.17647
273	55	0.25
84	295	0.66667
77	72	0.17647
139	275	0.25
272	68	0.17647
85	282	0.17647
76	89	0.17647
89	238	0.42857
77	74	0.17647
272	66	0.17647
17	207	0.53846
139	272	0.25
93	147	0.42857
139	271	0.33333
13	252	0.66667
139	270	0.33333
279	309	0.25
91	151	0.25
280	252	0.66667
204	311	0.42857
148	121	0.25
129	88	0.33333
90	160	0.33333
129	87	0.25
10	274	0.25
205	301	0.25
86	257	0.25
20	116	0.81818
15	218	0.25
146	146	1.0
270	83	0.42857
74	95	0.25
10	270	0.25
129	80	0.53846
275	23	0.33333
78	45	0.25
95	109	0.66667
20	113	0.66667
78	48	0.25
281	249	0.17647
88	234	0.33333
83	293	0.33333
12	251	0.53846
273	49	0.25
89	220	0.33333
283	221	0.25
74	96	0.25
282	238	0.25
83	291	0.25
75	82	0.17647
16	206	0.33333
145	150	0.25
76	76	1.0
149	101	0.66667
89	221	0.33333
272	53	0.33333
271	68	0.17647
200	26	0.33333
83	298	0.33333
20	183	0.81818
206	38	0.42857
215	233	0.66667
206	35	0.42857
25	120	0.25
96	162	0.25
148	196	0.33333
216	221	0.25
201	91	0.17647
26	117	0.25
27	102	0.33333
7	109	0.53846
97	155	0.33333
221	127	0.33333
204	57	0.33333
288	255	0.25
276	82	0.25
217	213	0.25
97	156	0.53846
217	217	1.0
204	50	0.25
279	48	0.42857
203	64	0.25
279	45	0.42857
295	133	0.42857
214	252	0.81818
207	17	0.53846
278	57	0.25
99	138	0.66667
201	89	0.17647
202	72	0.33333
207	11	0.33333
6	104	0.33333
79	93	0.25
286	286	1.0
278	50	0.33333
148	187	0.33333
220	146	0.33333
200	97	0.25
206	20	0.66667
288	260	0.42857
276	76	0.17647
216	236	0.25
211	295	0.53846
204	46	0.42857
205	30	0.25
222	123	0.33333
288	267	0.33333
298	109	0.42857
294	152	0.33333
204	42	0.25
203	58	0.53846
294	153	0.33333
3	142	0.25
289	257	0.33333
279	37	0.25
202	69	0.25
4	138	0.66667
274	93	0.17647
218	218	1.0
19	234	0.33333
274	92	0.17647
95	176	0.42857
202	64	0.25
278	46	0.25
291	191	0.66667
215	251	0.81818
201	76	0.33333
278	42	0.25
148	178	0.25
297	121	0.42857
215	255	0.33333
206	13	0.53846
297	124	0.25
96	140	0.66667
276	68	0.17647
287	287	1.0
288	272	0.25
276	65	0.17647
200	82	0.25
221	146	0.42857
93	182	0.33333
204	38	0.42857
216	248	0.42857
288	275	0.33333
276	61	0.17647
16	252	1.0
293	176	0.42857
288	277	0.25
22	145	0.25
88	289	0.33333
146	195	0.33333
203	47	0.25
274	88	0.17647
274	85	0.17647
295	152	0.42857
224	110	0.25
93	186	0.33333
219	211	0.53846
88	287	0.42857
273	99	0.53846
278	39	0.25
218	229	0.33333
24	122	0.33333
5	113	0.33333
202	54	0.25
224	117	0.42857
219	219	1.0
23	136	0.33333
277	44	0.53846
79	79	1.0
92	187	0.33333
87	287	0.33333
79	73	0.25
91	196	0.25
288	288	1.0
12	295	0.33333
13	280	0.66667
17	238	0.42857
295	160	0.42857
218	235	0.42857
214	280	0.53846
87	289	0.81818
223	137	0.25
5	101	0.53846
149	149	1.0
214	285	0.53846
296	153	0.25
13	285	0.53846
278	21	0.25
97	195	0.25
281	291	0.17647
281	293	0.17647
282	282	1.0
282	283	0.25
205	85	0.25
209	38	0.33333
8	138	0.33333
213	220	0.33333
284	263	0.25
209	32	0.33333
208	48	0.33333
209	31	0.81818
294	105	0.33333
294	106	0.33333
208	45	0.33333
23	199	0.66667
284	268	0.33333
294	109	0.33333
214	214	1.0
25	159	0.33333
286	242	0.25
290	158	0.25
206	63	0.42857
211	250	0.33333
287	234	0.53846
211	251	0.42857
26	145	0.25
97	188	0.33333
7	136	0.33333
204	89	0.25
283	282	0.25
283	283	1.0
279	79	0.33333
203	96	0.53846
208	36	0.25
279	74	0.25
295	104	0.42857
279	70	0.25
97	173	0.33333
214	227	0.53846
215	211	0.33333
5	149	0.53846
215	215	1.0
277	95	0.42857
286	259	0.25
22	182	0.25
210	278	0.17647
206	50	0.66667
22	184	0.25
26	136	0.25
18	275	0.33333
23	176	0.42857
22	186	0.25
284	284	1.0
24	166	0.33333
203	83	0.25
19	263	0.33333
149	198	0.42857
16	280	0.66667
207	32	0.25
21	180	0.33333
6	127	0.33333
202	90	0.25
210	282	0.17647
24	147	0.33333
296	107	0.17647
1	182	0.33333
206	42	0.42857
21	186	0.33333
211	273	0.33333
8	104	0.33333
21	182	0.53846
20	198	0.81818
217	200	0.33333
216	216	1.0
16	285	0.42857
204	64	0.25
204	63	0.25
212	267	0.25
18	262	0.42857
294	136	0.33333
203	74	0.33333
202	89	0.25
95	199	0.66667
202	86	1.0
285	285	1.0
295	127	0.33333
278	65	0.25
226	148	0.33333
298	176	0.42857
299	161	0.33333
218	287	0.33333
131	309	0.25
29	163	0.33333
226	150	0.42857
7	176	0.33333
297	197	0.53846
146	6	0.25
227	149	0.53846
223	196	0.25
92	6	0.33333
209	63	0.25
208	79	0.25
29	158	0.25
208	74	0.25
207	89	0.53846
27	161	0.33333
298	199	0.53846
299	184	0.25
219	294	0.33333
219	295	0.33333
28	154	0.33333
225	184	0.25
209	50	0.25
225	187	0.25
208	65	0.25
208	62	0.25
98	194	0.25
27	154	0.33333
205	93	0.33333
205	92	0.25
229	147	0.33333
209	42	0.42857
221	160	0.33333
140	203	0.42857
135	303	0.17647
2	2	1.0
294	181	0.42857
96	7	0.17647
299	124	0.25
293	199	0.53846
217	259	0.25
289	287	0.33333
130	13	0.42857
289	289	1.0
223	148	0.33333
22	6	0.25
22	9	0.25
95	7	0.53846
227	101	0.53846
1	1	1.0
1	6	0.17647
80	308	0.42857
80	307	0.25
21	9	0.33333
80	303	0.25
290	7	0.17647
149	5	0.53846
290	4	0.17647
220	195	0.33333
0	0	1.0
0	5	0.17647
297	168	0.25
227	113	0.33333
9	186	0.33333
217	276	0.25
218	261	0.33333
218	262	0.33333
9	182	0.33333
218	263	0.33333
29	187	0.33333
228	109	0.33333
7	199	0.53846
27	194	0.33333
217	286	0.33333
209	89	0.25
296	195	0.11111
209	81	0.42857
131	312	0.25
5	5	1.0
303	105	0.33333
132	31	0.17647
132	32	0.25
143	208	0.42857
220	9	0.25
10	303	0.25
220	2	0.33333
140	239	0.25
83	306	0.25
140	231	0.33333
281	301	0.17647
131	36	0.25
99	4	1.0
99	6	0.33333
137	304	0.33333
99	8	0.33333
137	303	0.25
293	7	0.42857
82	310	0.25
98	3	0.17647
305	109	0.53846
130	35	0.66667
4	4	1.0
4	8	0.33333
82	314	0.25
4	6	0.33333
136	305	0.33333
131	18	0.33333
135	310	0.17647
301	163	0.33333
97	9	0.25
3	3	1.0
130	20	0.66667
23	7	0.81818
82	301	0.25
226	187	1.0
224	8	0.17647
152	104	0.33333
224	6	0.17647
142	260	0.33333
91	223	0.33333
145	228	0.25
133	61	0.33333
145	226	0.25
82	28	0.25
137	17	0.33333
229	154	0.33333
298	7	0.42857
80	52	0.33333
88	308	0.42857
88	307	0.33333
29	8	0.25
80	59	0.81818
9	9	1.0
143	244	0.25
80	54	0.25
93	205	0.33333
80	56	0.66667
146	207	0.42857
8	4	0.33333
229	165	0.33333
8	8	1.0
140	270	0.25
131	79	0.25
135	29	0.17647
131	73	0.25
300	117	0.42857
81	31	0.42857
300	118	0.25
81	32	0.66667
135	26	0.17647
80	43	0.66667
142	246	0.33333
142	245	0.33333
135	22	0.25
134	36	0.42857
90	211	0.53846
85	312	0.17647
133	49	0.25
141	257	0.33333
90	219	0.33333
85	313	0.17647
7	7	1.0
300	120	0.25
131	65	0.25
132	50	0.17647
300	124	0.25
27	6	0.25
300	128	0.25
296	8	0.11111
85	301	0.17647
142	231	0.33333
296	0	0.17647
85	300	0.17647
84	310	0.25
6	6	1.0
6	4	0.33333
26	6	0.33333
228	196	0.33333
144	206	0.53846
221	6	0.33333
139	304	0.25
221	2	0.33333
130	63	0.66667
301	128	0.25
136	70	0.53846
82	68	0.25
143	292	0.25
309	115	0.33333
143	291	0.25
281	25	1.0
139	39	0.25
134	95	0.25
83	58	0.25
280	35	0.33333
138	48	0.25
12	12	1.0
96	203	0.53846
91	265	0.25
1	212	0.25
150	168	0.33333
151	151	1.0
138	45	0.25
287	307	0.42857
287	308	0.81818
22	203	0.25
2	209	0.33333
227	5	1.0
145	262	0.33333
212	313	0.25
84	49	0.25
137	51	0.25
149	214	0.81818
81	81	1.0
148	226	0.33333
213	306	0.25
148	223	0.33333
309	125	0.33333
0	214	0.25
147	235	0.33333
11	11	1.0
10	27	0.25
304	188	0.25
1	204	0.42857
305	176	0.53846
287	312	0.42857
83	44	0.25
133	92	0.33333
133	90	0.33333
92	247	0.33333
150	150	1.0
80	80	1.0
149	206	0.42857
85	28	0.17647
80	88	0.33333
10	18	0.25
148	212	0.25
134	73	0.33333
280	16	0.66667
90	250	0.42857
146	238	0.53846
134	74	0.25
280	13	0.66667
83	39	0.25
134	70	0.42857
133	84	0.42857
306	178	0.53846
292	229	0.33333
145	242	0.25
20	206	0.66667
137	32	0.25
132	91	0.17647
143	267	0.25
309	140	0.33333
309	143	0.33333
143	260	0.25
141	289	1.0
82	30	0.25
151	128	0.25
141	287	0.33333
151	126	0.25
291	245	0.33333
220	204	0.33333
138	15	0.25
305	199	0.53846
146	221	0.42857
146	220	0.33333
138	11	0.33333
92	226	0.33333
140	293	0.25
132	84	0.17647
132	85	0.17647
132	81	0.25
289	314	0.25
10	10	1.0
143	258	0.25
131	93	0.25
308	167	0.42857
143	253	0.25
294	219	0.33333
290	263	0.17647
11	68	0.25
283	40	0.17647
83	95	0.25
159	102	0.25
83	96	0.25
12	55	0.53846
88	34	0.33333
5	206	0.33333
147	287	0.42857
304	137	0.33333
300	180	0.25
304	139	0.25
1	255	0.33333
84	84	1.0
93	287	0.42857
285	13	0.53846
14	37	0.25
86	64	0.25
10	82	0.25
3	231	0.25
155	146	0.33333
2	248	0.25
22	243	0.25
94	278	0.17647
16	13	0.66667
11	72	0.25
87	56	0.25
15	24	0.25
99	215	0.25
154	154	1.0
87	52	0.33333
302	168	0.33333
86	69	0.25
282	46	0.17647
83	83	1.0
149	252	0.81818
0	257	0.25
282	41	0.17647
96	231	0.33333
11	55	0.33333
12	49	0.33333
89	17	0.42857
139	68	0.33333
13	35	0.53846
305	136	0.33333
280	63	0.33333
301	180	0.25
138	78	0.25
284	19	0.25
301	182	0.25
146	283	0.33333
137	89	0.25
86	54	0.25
155	137	0.33333
151	180	0.25
138	72	0.33333
98	215	0.17647
301	187	0.33333
284	12	0.25
2	238	0.33333
87	43	0.25
4	215	0.25
154	147	0.42857
145	291	0.25
136	95	0.42857
15	14	0.33333
15	15	1.0
94	265	0.17647
304	150	0.25
83	74	0.25
303	167	0.25
91	282	0.25
11	49	0.25
153	153	1.0
90	295	0.33333
290	205	0.25
2	220	0.33333
97	213	0.25
2	221	0.33333
281	41	0.17647
229	6	0.25
147	263	0.33333
147	261	0.33333
84	61	0.53846
13	20	0.42857
14	14	1.0
150	188	0.66667
14	15	0.33333
150	187	0.42857
138	62	0.25
84	68	0.25
97	217	0.25
93	263	0.33333
82	92	0.25
87	34	1.0
135	97	0.17647
309	103	0.33333
147	259	0.33333
94	239	0.25
81	89	0.25
281	32	0.17647
304	168	0.25
152	152	1.0
84	55	0.25
13	13	1.0
291	208	0.33333
97	200	0.25
85	47	0.17647
13	16	0.66667
22	219	0.25
149	227	0.53846
144	285	0.66667
82	82	1.0
94	247	0.25
136	73	0.42857
212	309	0.25
22	217	0.25
153	136	0.17647
148	236	0.25
179	309	0.25
171	56	0.25
261	6	0.25
50	311	0.42857
173	20	0.33333
172	36	0.25
66	9	0.25
171	43	0.25
119	9	0.17647
260	9	0.25
183	206	0.53846
178	306	0.53846
170	55	0.66667
182	212	0.25
173	17	0.33333
181	221	0.25
103	309	0.33333
171	30	0.33333
64	6	0.17647
118	8	0.25
118	9	0.17647
64	2	0.25
182	205	0.25
177	305	0.25
181	219	0.25
64	9	0.17647
181	211	0.25
171	28	0.25
102	307	0.25
117	7	0.17647
117	8	0.17647
176	305	0.53846
117	6	0.17647
180	212	0.25
190	136	0.25
108	309	0.17647
69	0	0.17647
172	82	0.25
100	55	0.25
266	199	0.33333
183	254	0.53846
110	239	0.25
54	303	0.42857
269	161	0.25
111	220	0.25
102	27	0.33333
181	273	0.25
173	63	0.25
172	79	0.25
101	35	0.53846
100	49	0.25
172	73	0.25
185	221	0.25
68	6	0.25
172	70	0.33333
176	23	0.42857
171	82	0.42857
111	216	0.33333
267	199	0.33333
106	313	0.25
53	307	0.25
110	224	0.25
186	205	0.33333
173	50	0.25
101	20	0.42857
184	225	0.25
52	307	0.33333
52	308	0.42857
106	309	0.25
111	207	0.25
111	204	0.25
182	243	0.25
182	240	0.25
269	184	0.33333
269	185	0.25
110	212	0.33333
173	46	0.25
181	251	0.25
190	106	0.25
181	250	0.25
101	16	0.66667
101	13	0.66667
190	100	0.33333
173	38	0.25
105	305	0.33333
105	303	0.33333
173	32	0.33333
172	47	0.25
191	163	0.33333
186	263	0.33333
120	120	1.0
50	42	0.53846
61	219	0.42857
190	174	0.25
194	129	0.33333
100	99	0.25
185	270	0.25
62	208	0.25
104	49	0.33333
184	283	0.17647
50	46	0.33333
100	90	0.33333
175	83	0.25
116	206	0.66667
187	247	0.33333
57	311	0.42857
174	92	0.25
61	221	0.33333
174	90	0.33333
115	212	0.33333
185	269	0.25
185	264	0.25
56	308	0.42857
50	38	0.42857
100	86	0.25
50	35	0.33333
112	244	0.33333
188	226	0.25
183	285	0.81818
193	123	0.33333
103	48	0.25
51	24	0.25
193	122	0.33333
187	236	0.33333
175	70	0.25
174	86	0.33333
174	84	0.25
115	208	0.33333
102	54	0.25
61	211	0.53846
173	97	0.33333
102	52	0.25
50	20	0.53846
184	269	0.33333
101	63	0.53846
177	44	0.33333
105	18	0.42857
100	77	0.33333
254	311	0.42857
266	7	0.33333
194	102	0.33333
51	17	0.25
111	248	0.33333
192	129	0.81818
187	226	1.0
111	243	0.25
103	36	0.66667
173	89	0.33333
181	294	0.42857
173	81	0.33333
109	305	0.53846
172	95	0.25
113	214	0.53846
108	314	0.17647
176	47	0.33333
108	313	0.17647
176	44	0.33333
100	61	0.25
188	204	0.25
256	301	0.11111
54	314	0.33333
110	247	0.33333
174	61	0.25
192	192	1.0
115	267	0.42857
62	248	0.25
196	148	0.33333
179	83	0.17647
178	97	0.17647
178	96	0.17647
115	260	0.25
52	60	0.33333
195	156	0.33333
195	155	0.81818
56	19	0.33333
105	79	0.25
199	109	0.42857
113	285	1.0
52	67	0.33333
123	123	1.0
53	52	0.17647
105	73	0.25
53	53	1.0
105	74	0.25
199	103	0.42857
117	237	0.33333
189	262	0.33333
251	12	0.53846
198	116	0.81818
105	70	0.25
112	291	0.17647
104	84	0.42857
198	113	0.81818
109	23	0.53846
103	95	0.25
179	76	0.17647
179	74	0.17647
197	121	0.66667
108	30	0.17647
179	70	0.17647
191	193	0.25
54	27	0.42857
191	191	1.0
55	12	0.53846
177	98	0.17647
195	146	0.33333
178	83	0.25
177	95	0.17647
189	257	0.33333
53	40	0.17647
52	56	0.33333
194	154	0.33333
65	208	0.25
52	59	0.33333
52	52	1.0
117	224	0.42857
122	122	1.0
60	262	0.33333
250	314	0.25
53	49	0.25
108	28	0.17647
102	98	0.25
179	66	0.17647
191	187	0.25
62	226	0.25
54	19	0.33333
50	63	0.33333
106	48	0.25
106	45	0.25
64	203	0.25
64	202	0.25
64	204	0.25
177	83	0.17647
190	190	1.0
63	214	0.53846
51	51	1.0
176	95	0.42857
105	51	0.25
59	308	0.42857
59	307	0.25
52	43	0.33333
104	61	0.42857
192	167	0.66667
54	24	0.33333
103	73	0.25
121	121	1.0
103	74	0.25
60	257	0.33333
102	88	0.25
50	50	1.0
103	70	0.25
62	212	0.25
106	36	0.25
177	79	0.17647
178	61	0.25
184	299	0.25
185	282	0.25
184	295	0.17647
51	40	0.25
50	57	0.42857
52	34	0.33333
176	83	0.33333
104	55	0.42857
175	95	0.25
193	141	0.42857
188	242	0.25
103	66	0.42857
120	128	0.33333
107	17	0.25
197	178	0.25
69	202	0.25
56	52	0.33333
108	85	0.17647
107	99	0.25
125	143	0.25
265	201	0.17647
260	260	1.0
254	20	0.42857
253	36	0.25
57	46	0.42857
56	56	1.0
57	42	0.33333
195	195	1.0
119	254	0.25
56	59	0.66667
260	267	0.42857
270	109	0.33333
251	55	1.0
73	120	0.33333
261	259	0.42857
72	138	0.33333
62	291	0.25
62	294	0.25
197	168	0.25
126	126	1.0
116	285	0.66667
263	234	0.33333
56	43	0.81818
55	55	1.0
107	84	0.25
115	292	0.25
64	257	0.25
119	243	0.42857
106	95	0.25
261	261	1.0
252	35	0.42857
261	263	0.33333
251	49	0.33333
61	295	0.66667
118	255	0.25
199	136	0.42857
65	246	0.25
194	194	1.0
65	245	0.42857
57	38	0.42857
127	104	0.42857
59	19	0.25
198	144	0.81818
250	55	0.25
53	88	0.17647
250	52	0.25
54	75	0.33333
264	232	0.33333
55	49	0.33333
51	92	0.25
125	125	1.0
265	221	0.17647
119	236	0.25
57	20	0.33333
195	173	0.33333
123	147	0.42857
52	80	0.33333
189	289	0.53846
260	288	0.42857
189	287	0.33333
105	95	0.25
118	243	0.25
252	20	0.33333
70	134	0.42857
262	262	1.0
70	136	0.53846
52	87	0.33333
262	263	0.33333
52	88	1.0
62	273	0.33333
109	44	0.42857
193	193	1.0
68	200	0.42857
58	18	0.25
53	78	0.17647
198	130	0.66667
250	41	0.25
179	96	0.17647
64	230	0.25
179	95	0.17647
108	53	0.17647
125	115	0.25
264	247	0.25
107	62	0.25
125	110	0.25
124	124	1.0
107	61	0.25
70	120	0.33333
106	74	0.25
270	136	0.33333
252	16	1.0
106	70	0.25
270	139	0.33333
252	13	0.66667
60	287	0.33333
60	289	0.53846
53	64	0.17647
193	189	0.33333
122	147	0.33333
261	287	0.33333
65	223	0.25
194	171	0.33333
54	54	1.0
104	92	0.33333
263	261	0.33333
263	262	0.33333
104	90	0.42857
263	263	1.0
71	115	0.17647
53	66	0.17647
71	114	0.17647
116	254	0.42857
197	135	0.25
65	291	0.42857
255	55	0.33333
127	160	0.42857
58	74	0.25
254	63	0.42857
258	17	0.25
253	74	0.25
66	288	0.25
257	27	0.25
76	125	0.53846
70	199	0.42857
261	218	0.33333
198	198	1.0
256	30	0.11111
56	87	0.25
56	88	0.33333
69	230	0.25
254	57	0.42857
58	64	0.17647
69	239	0.17647
129	129	1.0
254	50	0.42857
75	123	0.25
59	56	0.66667
77	100	0.33333
59	52	0.33333
123	193	0.33333
109	95	0.66667
59	59	1.0
72	166	0.33333
198	183	1.0
262	218	0.33333
197	197	1.0
263	205	0.33333
250	90	0.42857
73	134	0.33333
126	151	0.25
258	309	0.25
73	136	0.42857
254	42	0.53846
66	260	0.53846
70	172	0.33333
58	58	1.0
59	43	0.81818
71	168	0.17647
128	128	1.0
124	171	0.33333
252	63	0.42857
65	278	0.25
261	235	0.42857
68	242	0.33333
128	120	0.33333
56	80	0.66667
250	88	0.25
122	193	0.33333
67	257	0.33333
250	84	0.25
73	128	0.33333
262	229	0.33333
255	22	0.33333
254	38	0.53846
57	50	0.42857
263	218	0.33333
254	35	0.42857
63	285	1.0
264	204	0.33333
196	196	1.0
57	57	1.0
58	47	0.17647
260	258	0.33333
127	127	1.0
122	186	0.33333
121	197	0.66667
256	86	0.17647
255	99	0.25
264	299	0.66667
266	270	0.42857
266	275	0.33333
267	260	0.42857
266	277	0.53846
271	177	0.66667
268	250	0.25
267	267	1.0
201	125	0.25
277	109	0.42857
201	126	0.25
268	255	0.25
257	67	0.33333
257	64	0.25
268	259	0.25
128	182	0.25
257	60	0.33333
128	180	0.66667
75	161	0.25
275	136	0.33333
276	121	0.25
270	199	0.33333
76	156	0.25
129	167	0.53846
78	138	0.25
268	268	1.0
256	69	0.25
257	52	0.25
274	157	0.25
266	293	0.42857
58	95	0.17647
59	80	0.81818
58	96	1.0
266	298	0.53846
253	98	0.42857
258	36	0.33333
253	95	0.25
59	88	0.33333
267	288	0.33333
68	286	0.42857
269	264	0.25
269	269	1.0
69	256	0.25
127	170	0.66667
58	83	0.25
278	121	0.33333
253	83	0.25
268	284	0.33333
199	199	1.0
268	287	0.25
257	34	0.33333
128	151	0.25
78	111	0.33333
67	287	0.33333
67	289	1.0
273	107	0.33333
77	190	0.25
182	301	0.25
259	84	0.25
78	181	0.25
271	139	0.33333
274	102	0.33333
264	264	1.0
264	269	0.25
258	89	0.25
272	139	0.25
257	98	0.25
79	162	0.33333
180	311	0.25
273	127	0.33333
263	287	0.33333
79	164	0.33333
264	272	0.25
265	265	1.0
275	109	0.33333
259	61	0.25
129	194	0.33333
257	88	0.25
257	87	0.33333
129	192	0.81818
257	86	0.25
180	301	0.25
180	300	0.25
78	166	0.25
273	138	0.42857
274	122	0.25
69	296	0.25
270	175	0.33333
270	176	0.53846
265	278	0.33333
271	162	0.33333
75	187	0.25
266	266	1.0
258	68	0.25
77	163	0.25
268	245	0.33333
120	7	0.25
269	232	0.25
205	154	0.33333
72	8	0.53846
276	197	0.25
206	144	0.53846
111	309	0.25
180	21	0.33333
206	149	0.42857
279	169	0.42857
126	6	0.25
209	116	0.33333
205	164	0.33333
277	199	0.42857
110	309	0.25
207	146	0.42857
72	4	0.33333
184	308	0.17647
184	307	0.25
199	7	0.53846
207	155	0.42857
208	143	0.42857
205	186	0.33333
259	99	0.25
182	312	0.33333
70	7	0.25
259	93	0.25
259	90	0.25
110	19	0.33333
114	312	0.17647
181	55	0.25
271	7	0.17647
180	66	0.25
188	311	0.25
76	6	0.17647
203	140	0.42857
204	130	0.33333
60	314	0.25
114	306	0.17647
190	245	0.25
183	20	0.81818
275	176	0.33333
114	303	0.25
181	49	0.33333
206	116	0.66667
188	304	0.25
75	8	0.17647
202	166	0.33333
191	226	0.25
269	299	0.33333
191	222	0.25
182	21	0.53846
182	22	0.25
200	197	0.25
74	7	0.25
180	46	0.33333
112	312	0.17647
128	9	0.25
202	174	0.33333
187	301	0.33333
186	314	0.25
186	313	0.25
275	199	0.33333
180	38	0.25
277	176	0.42857
277	177	0.33333
278	168	0.25
127	6	0.33333
208	115	0.33333
184	61	0.17647
113	20	0.66667
196	223	0.25
191	282	0.25
195	238	0.33333
187	29	0.33333
190	294	0.25
200	6	0.33333
186	34	0.25
200	2	0.25
118	300	0.25
181	90	0.25
121	226	0.25
209	198	0.33333
185	40	0.25
197	205	0.33333
192	263	0.33333
184	54	0.17647
274	6	0.17647
113	13	0.53846
197	200	0.25
183	63	0.81818
196	210	0.25
195	220	0.33333
194	232	0.33333
186	21	0.33333
117	300	0.42857
121	212	0.25
79	3	0.33333
261	308	0.25
273	8	0.25
184	40	0.17647
62	306	0.25
273	4	0.53846
182	65	0.25
183	50	0.42857
190	270	0.17647
181	78	0.25
181	72	0.25
261	312	0.25
184	33	0.25
191	253	0.25
190	268	0.17647
183	42	0.53846
195	207	0.42857
111	15	0.33333
272	3	0.17647
189	314	0.25
184	29	0.17647
180	73	0.25
184	27	0.17647
192	234	0.81818
115	309	0.33333
262	312	0.33333
191	245	0.25
184	22	0.25
183	38	0.53846
183	35	0.81818
262	314	0.42857
77	8	0.17647
113	63	1.0
205	197	0.33333
111	89	0.25
206	183	0.53846
120	281	0.25
112	72	0.17647
124	235	0.25
207	173	0.42857
111	81	0.17647
187	62	0.25
116	20	0.81818
115	36	0.25
63	13	0.53846
122	259	0.33333
110	94	0.25
110	92	0.25
209	150	0.33333
208	169	0.33333
67	314	0.25
185	85	0.25
203	9	0.25
185	83	0.33333
71	224	0.17647
120	277	0.25
130	116	0.53846
126	201	0.25
60	34	0.53846
126	200	0.25
189	34	0.53846
130	113	0.66667
124	229	0.25
112	65	0.17647
125	212	0.25
112	62	0.17647
111	78	0.33333
188	46	0.25
206	198	0.53846
188	42	0.25
277	7	0.53846
187	54	0.25
123	235	0.42857
71	212	0.17647
193	289	0.42857
114	37	0.17647
193	287	0.33333
72	202	0.33333
186	60	0.25
114	34	0.17647
113	42	0.42857
202	8	0.25
188	38	0.25
130	101	0.53846
125	201	0.25
207	195	0.42857
110	78	0.25
66	300	0.33333
123	222	0.33333
194	262	0.33333
65	312	0.25
65	314	0.25
65	313	0.25
113	38	0.42857
192	287	0.53846
113	35	1.0
196	238	0.25
191	292	0.25
191	291	0.66667
123	218	0.33333
111	53	0.25
182	93	0.33333
187	31	0.33333
198	206	0.53846
209	183	0.33333
275	7	0.33333
193	262	0.42857
120	249	0.42857
112	37	0.17647
196	228	0.33333
60	88	0.33333
197	297	0.53846
189	88	0.33333
189	87	0.53846
60	87	0.53846
207	8	0.25
188	97	0.33333
134	115	0.42857
62	62	1.0
123	287	0.25
116	63	0.66667
75	218	0.33333
76	201	0.33333
115	74	0.25
115	73	0.25
115	70	0.25
60	93	0.25
114	87	0.17647
132	132	1.0
127	233	0.66667
61	61	1.0
197	286	0.25
125	258	0.25
134	106	0.33333
196	291	0.25
134	103	0.33333
61	68	0.25
124	261	0.25
187	92	0.33333
116	50	0.53846
63	42	0.42857
122	287	0.33333
70	267	0.42857
65	21	0.33333
119	14	1.0
121	297	0.42857
119	15	0.33333
127	221	0.33333
114	71	0.17647
118	29	0.25
268	307	0.33333
69	301	0.17647
197	276	0.25
268	308	0.33333
60	67	0.53846
112	99	0.17647
189	67	0.53846
131	131	1.0
118	22	0.33333
130	144	0.66667
125	244	0.25
189	60	1.0
112	91	0.25
196	282	0.25
62	45	0.25
74	203	0.33333
61	55	0.25
116	42	0.53846
187	85	0.25
71	242	0.17647
63	35	1.0
133	104	0.33333
187	81	0.25
62	48	0.25
186	93	0.33333
127	215	0.66667
273	211	0.33333
268	313	0.25
198	254	0.53846
268	314	0.25
63	38	0.42857
127	211	0.53846
114	60	0.17647
60	52	0.33333
120	293	0.33333
269	308	0.17647
189	52	0.33333
117	26	0.25
130	130	1.0
124	247	0.33333
70	242	0.33333
61	49	0.25
116	38	0.42857
117	22	0.25
116	35	0.66667
271	240	0.25
187	75	0.25
200	200	1.0
186	87	0.25
200	205	0.25
271	249	0.25
63	20	0.66667
185	99	0.17647
114	55	0.17647
122	262	0.33333
121	278	0.33333
60	60	1.0
126	218	0.25
68	310	0.25
126	217	0.25
121	276	0.25
204	1	0.42857
119	76	0.17647
265	19	0.17647
66	57	0.17647
119	77	0.17647
67	43	0.25
260	74	0.25
78	219	0.25
66	53	0.17647
136	136	1.0
260	73	0.33333
84	104	0.42857
66	55	0.17647
260	70	0.25
118	82	0.17647
76	244	0.25
64	86	0.25
138	107	0.25
69	24	0.17647
133	160	0.25
261	54	0.33333
64	89	0.17647
127	273	0.33333
260	66	0.53846
119	63	0.17647
119	64	0.17647
263	314	0.42857
126	286	0.25
73	267	0.33333
130	198	0.66667
71	290	0.17647
135	135	1.0
118	72	0.17647
67	34	0.81818
125	292	0.25
264	10	0.25
77	222	0.25
69	15	0.17647
82	124	0.81818
82	123	0.33333
199	298	0.53846
64	72	0.17647
65	65	1.0
133	152	0.25
78	216	0.25
199	293	0.53846
119	57	0.25
66	36	0.42857
118	66	0.25
209	2	0.33333
61	90	0.33333
131	172	0.25
61	92	0.33333
75	236	0.25
75	235	0.33333
263	19	0.33333
130	183	0.66667
124	299	0.25
124	297	0.25
70	293	0.33333
134	136	0.33333
117	73	0.17647
265	306	0.17647
134	134	1.0
262	28	0.33333
129	234	0.66667
262	27	0.33333
72	273	0.33333
64	64	1.0
128	249	0.25
260	48	0.25
136	109	0.42857
73	260	0.33333
127	251	0.81818
61	84	0.53846
189	93	0.25
117	66	0.33333
75	226	0.25
62	72	0.25
124	286	0.25
262	18	0.42857
266	305	0.53846
76	213	0.25
70	288	0.33333
63	63	1.0
199	277	0.42857
133	133	1.0
261	27	0.42857
80	129	0.53846
199	275	0.33333
199	270	0.33333
119	37	0.25
198	285	0.81818
114	93	0.17647
260	36	0.81818
80	192	0.66667
67	87	0.81818
266	44	0.42857
67	88	0.33333
204	204	1.0
76	286	0.17647
280	149	0.53846
271	293	0.25
82	171	0.42857
265	50	0.17647
276	239	0.25
271	298	0.25
69	69	1.0
134	199	0.33333
200	259	0.25
139	139	1.0
272	288	0.25
202	230	0.81818
273	273	1.0
84	152	0.42857
12	127	0.53846
13	113	0.53846
11	138	0.33333
261	93	0.25
137	155	0.33333
68	61	0.25
81	173	0.33333
68	68	1.0
205	205	1.0
264	53	0.25
201	253	0.17647
201	255	0.17647
129	287	0.42857
272	298	0.17647
69	54	0.17647
272	299	0.17647
201	258	0.17647
138	138	1.0
66	95	0.17647
13	101	0.66667
274	274	1.0
11	127	0.33333
202	249	0.25
285	101	0.53846
204	220	0.33333
137	146	0.42857
266	23	0.33333
275	266	0.33333
67	60	0.53846
265	32	0.17647
67	67	1.0
281	159	0.33333
282	146	0.25
263	56	0.33333
264	40	0.25
211	104	0.66667
206	206	1.0
201	265	0.17647
282	148	0.42857
263	54	0.33333
65	93	0.25
10	124	0.33333
134	172	0.66667
78	248	0.25
74	291	0.33333
12	104	0.33333
74	290	0.25
84	133	0.42857
202	257	0.25
78	249	0.25
74	292	0.25
262	60	0.33333
284	127	0.25
261	75	0.25
137	137	1.0
132	196	0.25
119	87	0.17647
285	113	1.0
75	261	0.25
67	52	0.33333
127	295	0.33333
275	275	1.0
74	279	0.25
285	116	0.66667
275	277	0.53846
73	288	0.53846
66	66	1.0
80	167	1.0
118	94	0.17647
68	47	0.25
200	286	1.0
67	56	0.25
264	33	0.25
201	271	0.17647
64	96	0.17647
263	43	0.33333
201	278	0.25
64	91	0.17647
283	146	0.33333
262	54	0.33333
207	207	1.0
133	174	0.42857
66	73	0.25
204	240	0.33333
267	74	0.25
267	73	0.33333
15	122	0.25
267	70	0.42857
13	149	0.66667
280	101	0.53846
16	113	0.42857
270	266	0.42857
86	166	0.33333
265	94	0.17647
265	91	0.25
269	47	0.25
79	291	0.33333
200	217	0.33333
201	201	1.0
12	160	0.42857
269	40	0.33333
79	298	0.25
273	233	0.33333
268	52	0.25
15	111	0.33333
270	270	1.0
79	279	0.33333
280	113	0.33333
16	101	0.66667
69	96	0.11111
15	119	0.33333
270	277	0.33333
10	171	0.25
87	141	0.81818
200	224	0.25
269	33	0.53846
264	92	0.17647
79	287	0.25
202	202	1.0
14	130	0.25
139	162	0.33333
68	92	0.25
85	157	0.33333
136	199	0.42857
271	271	1.0
69	86	0.25
14	119	1.0
68	97	0.25
276	217	0.25
269	27	0.25
271	277	0.25
83	185	0.33333
272	264	0.25
11	152	0.33333
264	80	0.17647
263	93	0.33333
203	203	1.0
68	82	0.25
270	293	0.53846
281	120	0.25
81	196	0.33333
68	89	0.25
270	298	0.33333
265	64	0.17647
265	62	0.17647
200	242	0.25
68	84	0.25
76	292	0.17647
135	197	0.25
272	272	1.0
78	273	0.25
278	201	0.25
202	222	0.33333
278	206	0.25
268	22	0.25
267	36	0.42857
84	160	0.33333
83	176	0.33333
170	170	1.0
157	64	0.25
156	76	0.25
155	89	0.33333
163	291	0.25
155	81	0.25
101	101	1.0
31	31	1.0
171	158	0.33333
154	93	0.33333
31	32	0.33333
42	206	0.42857
42	209	0.42857
31	38	0.33333
308	93	0.33333
165	262	0.25
170	160	0.25
156	68	0.33333
162	298	0.25
172	134	0.66667
167	234	0.66667
162	293	0.25
159	25	0.33333
100	106	0.33333
162	291	0.25
100	104	0.33333
30	30	1.0
309	74	0.33333
153	97	0.17647
308	88	0.42857
100	100	1.0
309	70	0.25
157	47	0.25
234	308	0.42857
308	80	0.42857
169	208	0.33333
307	93	0.25
164	263	0.25
169	203	0.25
163	277	0.25
174	100	0.42857
156	51	0.33333
161	299	0.33333
158	28	0.25
158	29	0.25
234	314	0.33333
157	39	0.25
307	88	0.33333
30	28	0.42857
240	204	0.33333
157	33	0.25
152	92	0.25
152	90	0.33333
307	80	0.25
162	277	0.25
172	115	0.33333
155	51	0.25
162	271	0.33333
161	286	0.25
171	124	0.33333
160	295	0.42857
152	84	0.42857
235	314	0.33333
164	247	0.25
164	246	0.25
33	47	0.25
45	208	0.33333
41	251	0.25
41	250	0.25
40	269	0.33333
30	82	0.25
168	278	0.25
34	34	1.0
101	149	0.66667
169	260	0.25
35	20	0.66667
173	173	1.0
167	287	0.42857
159	79	0.17647
43	234	0.81818
50	116	0.53846
171	194	0.33333
158	87	0.17647
158	82	0.25
104	104	1.0
157	92	0.25
157	93	0.25
33	33	1.0
169	253	0.33333
230	19	0.25
35	13	0.53846
31	63	0.25
101	130	0.53846
172	172	1.0
166	287	0.33333
33	40	0.33333
40	264	0.25
175	136	0.33333
157	85	0.33333
157	86	0.25
165	292	0.25
33	27	0.33333
156	97	0.53846
103	103	1.0
169	246	0.25
38	311	0.81818
173	155	0.42857
168	254	0.33333
159	51	0.17647
171	171	1.0
41	222	0.33333
41	221	0.25
41	223	0.25
156	89	0.25
164	294	0.25
41	220	0.25
174	133	0.42857
169	231	0.25
102	102	1.0
155	97	0.33333
232	303	0.25
37	312	0.17647
101	113	0.53846
31	42	0.42857
176	109	0.42857
159	41	0.17647
248	8	0.25
32	32	1.0
248	2	0.25
32	31	0.33333
165	273	0.25
175	199	0.25
42	285	0.42857
34	77	0.25
108	108	1.0
243	220	0.25
231	58	0.33333
53	111	0.25
35	63	1.0
230	69	0.25
44	266	0.42857
178	156	0.25
230	64	0.25
234	19	0.33333
250	104	0.33333
38	35	0.42857
105	136	0.33333
177	162	0.33333
241	252	0.25
176	176	1.0
100	190	0.33333
242	242	1.0
41	284	0.33333
33	75	0.17647
40	299	0.25
34	60	0.53846
231	48	0.17647
43	263	0.33333
231	47	0.17647
231	45	0.17647
34	67	0.81818
107	107	1.0
178	148	0.25
174	190	0.25
36	47	0.25
36	48	0.25
230	54	0.25
177	159	0.25
240	271	0.25
48	208	0.33333
251	104	0.42857
246	205	0.25
38	20	0.42857
37	37	1.0
33	80	0.17647
50	144	0.53846
175	179	0.33333
34	52	0.33333
233	12	0.33333
175	176	0.25
232	27	0.33333
175	175	1.0
33	64	0.17647
243	243	1.0
102	159	0.25
231	36	0.25
34	56	0.25
35	42	0.42857
168	297	0.25
173	195	0.33333
36	36	1.0
244	236	0.25
32	81	0.66667
106	106	1.0
106	100	0.33333
159	95	0.17647
100	174	0.42857
32	89	0.33333
104	127	0.42857
175	169	0.25
252	101	0.66667
241	279	0.25
46	206	0.33333
34	43	0.25
242	267	0.25
33	54	0.25
169	279	0.42857
103	134	0.33333
46	204	0.42857
179	115	0.25
174	174	1.0
35	35	1.0
42	254	0.53846
244	244	1.0
244	245	0.25
172	199	0.33333
177	139	0.25
178	121	0.25
105	109	0.42857
35	38	0.42857
31	81	0.42857
159	85	0.17647
241	280	0.25
105	105	1.0
37	14	0.25
251	127	0.81818
158	94	0.17647
236	306	0.25
238	17	0.42857
109	136	0.42857
233	72	0.25
236	37	0.33333
231	96	0.33333
45	294	0.25
45	291	0.33333
178	197	0.25
170	6	0.25
107	152	0.25
240	220	0.25
240	221	0.25
47	270	0.25
234	59	0.66667
56	129	0.66667
39	65	0.17647
50	198	0.42857
234	56	0.81818
45	298	0.25
234	52	0.33333
241	214	0.25
103	199	0.42857
44	293	0.42857
179	179	1.0
179	175	0.33333
50	183	0.42857
37	78	0.17647
44	298	0.53846
37	74	0.17647
240	232	0.25
230	90	0.25
235	30	0.33333
38	63	0.42857
55	127	0.81818
234	43	0.81818
47	246	0.33333
39	39	1.0
233	55	0.66667
51	156	0.33333
49	221	0.33333
36	73	0.33333
36	74	0.25
36	70	0.25
45	273	0.25
37	64	0.17647
236	14	0.25
230	89	0.25
37	65	0.17647
178	178	1.0
102	194	0.33333
38	50	0.42857
235	28	0.33333
235	27	0.33333
231	70	0.17647
230	86	0.81818
240	240	1.0
51	164	0.25
38	57	0.42857
51	166	0.25
39	42	0.25
233	49	0.25
45	279	0.42857
109	109	1.0
34	87	1.0
34	88	0.33333
51	146	0.33333
38	38	1.0
109	105	0.42857
51	147	0.33333
49	211	0.33333
104	160	0.42857
232	54	0.25
43	287	0.53846
179	153	0.25
243	218	0.25
44	277	0.53846
55	104	0.42857
49	215	0.33333
36	66	0.42857
239	309	0.33333
230	72	0.25
44	275	0.42857
177	177	1.0
106	134	0.33333
46	254	0.33333
38	46	0.66667
39	31	0.25
241	241	1.0
38	42	0.42857
48	298	0.25
254	130	0.42857
48	291	0.33333
248	248	1.0
48	294	0.25
244	292	0.33333
313	309	0.33333
55	170	0.66667
109	176	0.42857
59	129	0.66667
251	170	0.66667
245	287	0.33333
236	75	0.25
246	279	0.25
247	264	0.25
58	140	0.66667
56	167	0.66667
235	82	0.33333
313	313	1.0
313	314	0.25
173	8	0.25
254	144	0.42857
239	30	0.25
55	160	0.42857
245	291	0.33333
314	308	0.33333
249	249	1.0
237	53	0.17647
237	51	0.17647
57	144	0.33333
235	75	0.33333
234	88	0.33333
239	28	0.25
48	273	0.25
233	99	0.25
253	169	0.33333
234	80	0.66667
47	288	0.42857
39	79	0.17647
314	314	1.0
238	32	0.42857
172	7	0.25
237	47	0.25
48	279	0.42857
246	292	0.25
239	18	0.25
248	273	0.25
57	130	0.33333
39	83	0.25
232	98	0.25
37	91	0.17647
49	251	0.33333
108	154	0.25
237	32	0.17647
235	54	0.42857
39	75	0.17647
247	299	0.25
252	113	0.42857
311	20	0.42857
242	275	0.25
103	7	0.25
248	207	0.25
161	314	0.25
59	167	0.81818
310	301	0.33333
238	92	0.25
245	245	1.0
57	198	0.33333
241	294	0.25
310	29	0.25
247	226	0.33333
242	286	0.25
248	216	0.42857
249	202	0.25
238	89	0.42857
310	310	1.0
238	81	0.33333
56	192	0.81818
176	7	0.33333
246	246	1.0
57	183	0.33333
242	294	0.25
248	221	0.25
247	239	0.25
109	199	0.42857
254	116	0.42857
250	160	0.33333
237	89	0.17647
101	5	0.53846
244	279	0.25
311	311	1.0
245	268	0.33333
58	162	0.25
247	247	1.0
312	308	0.33333
252	149	0.81818
249	222	0.25
49	295	0.33333
251	160	0.42857
57	168	0.33333
312	312	1.0
235	93	0.25
259	154	0.42857
311	63	0.33333
314	28	0.42857
165	309	0.25
165	306	0.25
165	303	0.25
257	189	0.33333
259	160	0.33333
311	57	0.42857
164	312	0.25
51	6	0.33333
310	68	0.25
311	50	0.42857
160	12	0.42857
59	192	0.81818
310	61	0.25
105	7	0.25
311	46	0.66667
311	42	0.33333
312	28	0.33333
258	195	0.25
311	38	0.81818
312	21	0.33333
311	35	0.33333
104	8	0.33333
104	6	0.33333
163	301	0.33333
239	94	0.25
178	9	0.25
249	271	0.25
251	6	0.33333
174	202	0.33333
161	54	0.33333
160	61	0.33333
168	311	0.33333
171	239	0.25
256	153	0.33333
163	29	0.33333
171	235	0.25
171	234	0.33333
257	141	0.33333
162	39	0.42857
313	70	0.25
258	137	0.25
259	122	0.33333
173	207	0.42857
254	183	0.53846
161	40	0.33333
109	7	0.53846
255	170	0.42857
168	304	0.25
160	55	0.42857
168	302	0.33333
171	229	0.25
314	54	0.33333
313	65	0.25
312	79	0.25
170	233	0.66667
161	39	0.33333
258	142	0.25
313	60	0.25
258	143	0.25
55	6	0.33333
160	49	0.42857
161	33	0.33333
249	293	0.33333
161	31	0.25
254	198	0.53846
167	308	0.42857
167	307	0.25
310	92	0.25
167	303	0.25
54	8	0.33333
166	314	0.25
312	65	0.25
161	27	0.33333
312	60	0.25
259	147	0.33333
310	84	0.25
310	82	0.25
107	8	0.25
171	205	0.25
53	3	0.25
107	4	0.25
313	47	0.25
170	215	0.66667
170	211	0.33333
312	54	0.25
162	83	0.25
102	218	0.25
101	227	0.53846
172	267	0.66667
164	51	0.25
180	128	0.66667
162	79	0.33333
240	304	0.25
44	305	0.53846
180	120	0.25
166	24	0.33333
174	230	0.33333
58	7	0.17647
160	90	0.33333
101	214	0.81818
180	117	0.25
170	273	0.25
43	308	0.42857
166	19	0.33333
161	75	0.25
160	84	0.33333
100	211	0.33333
162	58	0.25
252	5	0.66667
165	19	0.25
174	211	0.25
165	18	0.25
242	304	0.25
242	306	0.25
170	255	0.42857
162	48	0.25
162	45	0.25
170	251	0.66667
169	309	0.25
312	93	0.81818
181	160	0.25
168	50	0.33333
166	78	0.25
175	270	0.33333
174	284	0.25
102	257	0.25
166	72	0.33333
178	236	0.25
40	40	1.0
42	20	0.42857
183	130	0.66667
164	97	0.25
169	36	0.25
164	92	0.25
164	93	0.33333
51	221	0.25
168	46	0.33333
110	110	1.0
167	59	0.81818
175	266	0.33333
168	42	0.42857
167	56	0.66667
167	54	0.25
51	200	0.25
167	52	0.33333
102	249	0.25
40	33	0.33333
165	74	0.25
178	221	0.25
178	220	0.25
165	72	0.25
172	294	0.25
101	252	0.66667
168	38	0.33333
104	219	0.42857
46	311	0.66667
100	260	0.33333
168	31	0.25
163	90	0.25
104	211	0.66667
180	151	0.25
50	206	0.66667
167	43	0.66667
166	54	0.33333
183	116	0.81818
166	51	0.25
102	232	0.25
183	113	0.81818
178	213	0.25
165	62	0.25
164	79	0.33333
40	27	0.25
41	17	0.25
162	96	0.25
174	259	0.25
255	6	0.25
182	118	0.33333
165	54	0.25
255	4	0.25
255	1	0.33333
181	127	0.25
163	77	0.25
170	295	0.25
246	309	0.25
40	81	0.17647
114	114	1.0
103	288	0.33333
41	72	0.25
241	16	0.25
241	13	0.25
55	211	0.42857
42	63	0.42857
240	27	0.25
54	229	0.33333
250	222	0.33333
169	79	0.25
182	186	0.33333
251	211	0.42857
43	56	0.81818
182	182	1.0
246	313	0.25
61	104	0.42857
176	298	0.42857
55	215	0.81818
251	215	0.81818
43	52	0.33333
110	152	0.25
247	301	0.25
176	293	0.42857
52	234	0.33333
185	146	0.25
252	206	0.33333
44	23	0.42857
113	116	0.66667
41	61	0.25
113	113	1.0
54	218	0.81818
177	277	0.33333
250	235	0.33333
42	50	0.53846
177	275	0.25
43	43	1.0
251	221	0.33333
177	271	0.66667
110	143	0.25
51	238	0.25
186	122	0.33333
181	181	1.0
175	298	0.25
167	88	0.33333
252	214	0.81818
175	293	0.25
104	251	0.42857
103	267	0.33333
167	80	1.0
107	219	0.25
113	101	0.53846
253	208	0.33333
103	260	0.66667
179	241	0.25
166	93	0.25
102	274	0.33333
112	112	1.0
42	42	1.0
107	211	0.25
101	285	0.53846
41	55	0.25
101	280	0.53846
251	233	0.66667
176	277	0.42857
176	275	0.33333
50	254	0.42857
43	19	0.33333
176	270	0.53846
47	313	0.25
252	227	0.66667
180	182	0.25
180	180	1.0
174	295	0.25
102	269	0.25
40	54	0.17647
166	86	0.33333
112	107	0.25
107	207	0.25
40	51	0.25
183	144	0.81818
250	250	1.0
42	31	0.42857
169	48	0.33333
41	41	1.0
111	111	1.0
111	110	0.25
169	45	0.33333
110	125	0.25
250	259	0.33333
42	38	0.42857
110	124	0.25
176	266	0.42857
168	57	0.33333
175	279	0.25
42	35	0.42857
106	291	0.25
53	272	0.33333
116	130	0.53846
244	24	0.25
52	287	0.42857
186	186	1.0
63	113	1.0
52	289	0.33333
46	50	0.33333
115	143	0.33333
186	182	0.33333
45	62	0.25
54	263	0.33333
46	57	0.42857
63	116	0.66667
243	303	0.25
54	262	0.33333
54	261	0.33333
47	47	1.0
118	103	0.25
108	263	0.33333
55	255	0.33333
117	118	0.25
108	262	0.25
117	117	1.0
108	261	0.17647
189	141	0.53846
55	251	1.0
107	273	0.33333
240	64	0.17647
44	83	0.25
188	150	0.66667
48	36	0.25
63	101	0.53846
115	134	0.42857
105	294	0.33333
58	203	0.53846
243	22	0.25
185	185	1.0
243	21	0.25
46	46	1.0
53	264	0.25
46	42	0.33333
47	36	0.25
179	294	0.25
43	80	0.66667
47	33	0.25
106	279	0.25
60	141	0.53846
49	12	0.33333
43	87	0.25
116	116	1.0
43	88	0.33333
111	173	0.25
116	113	0.66667
61	133	0.33333
56	234	0.81818
187	150	0.42857
57	206	0.33333
110	182	0.25
243	15	0.42857
243	14	0.42857
104	295	0.42857
185	176	0.25
57	204	0.33333
242	26	0.33333
108	247	0.17647
45	45	1.0
113	144	0.66667
184	184	1.0
45	48	1.0
41	91	0.25
183	198	1.0
244	313	0.25
55	233	0.66667
47	27	0.25
188	137	0.25
46	38	0.66667
106	267	0.33333
187	148	0.33333
51	286	0.25
245	308	0.33333
245	309	0.25
186	157	0.33333
115	115	1.0
105	275	0.33333
114	128	0.25
40	92	0.17647
43	59	0.81818
44	44	1.0
108	239	0.42857
179	279	0.25
53	249	0.25
40	99	0.17647
185	161	0.25
185	160	0.25
112	148	0.25
53	245	0.25
46	20	0.33333
45	36	0.25
107	248	0.33333
113	130	0.66667
112	143	0.25
54	235	0.42857
183	183	1.0
250	211	0.33333
245	313	0.53846
55	221	0.33333
177	298	0.33333
245	314	0.33333
177	293	0.25
245	53	0.25
253	266	0.25
254	254	1.0
109	298	0.42857
60	193	0.33333
260	142	0.33333
243	72	0.25
109	294	0.33333
109	293	0.53846
256	230	0.11111
189	189	1.0
119	130	0.25
48	78	0.25
241	97	0.17647
55	295	0.33333
256	236	0.11111
251	295	0.33333
246	36	0.25
48	73	0.25
252	280	0.66667
245	47	0.25
252	285	0.42857
246	30	0.25
48	79	0.66667
253	270	0.25
56	287	0.53846
245	43	0.25
115	179	0.25
63	144	0.66667
49	49	1.0
115	172	0.33333
47	73	0.33333
114	186	0.25
255	251	0.33333
59	234	0.66667
113	198	0.81818
255	255	1.0
47	70	0.33333
256	241	0.11111
242	73	0.25
60	189	1.0
242	70	0.33333
256	246	0.11111
48	62	0.25
188	188	1.0
261	147	0.33333
256	248	0.11111
47	79	0.25
188	187	0.25
240	97	0.17647
240	96	0.17647
258	220	0.33333
66	117	0.33333
66	118	0.25
49	55	0.33333
63	130	0.66667
58	231	0.33333
62	148	0.33333
119	119	1.0
109	277	0.42857
243	54	0.25
242	68	0.33333
54	287	0.33333
255	268	0.25
61	160	0.33333
113	183	0.81818
241	77	0.17647
261	154	0.33333
241	76	0.17647
66	103	0.42857
56	263	0.33333
256	256	1.0
107	295	0.25
47	68	0.25
57	254	0.42857
253	291	0.33333
187	187	1.0
253	292	0.25
116	144	0.66667
253	293	0.25
258	238	0.25
253	298	0.33333
254	285	0.42857
45	73	0.25
109	266	0.42857
259	229	0.33333
45	78	0.25
118	118	1.0
45	79	0.66667
118	117	0.25
61	152	0.53846
117	128	0.25
48	45	1.0
188	168	0.33333
108	270	0.17647
266	109	0.42857
262	154	0.33333
241	60	0.17647
240	76	0.17647
188	164	0.33333
257	257	1.0
44	95	0.42857
117	120	0.25
258	242	0.25
62	143	0.33333
106	294	0.33333
48	48	1.0
59	287	0.42857
68	139	0.33333
63	198	0.81818
260	100	0.33333
260	103	0.66667
251	251	1.0
246	79	0.25
118	182	0.33333
251	255	0.33333
69	111	0.17647
248	49	0.25
255	211	0.25
67	141	1.0
255	215	0.33333
256	202	0.17647
58	293	0.25
246	65	0.25
252	252	1.0
245	79	0.25
116	198	0.81818
49	99	0.25
59	263	0.25
117	180	0.25
249	26	0.33333
182	9	0.33333
49	84	0.25
182	1	0.33333
62	196	0.25
63	183	0.81818
256	219	0.11111
245	65	0.42857
253	253	1.0
116	183	0.81818
244	76	0.25
244	74	0.25
65	142	0.33333
244	70	0.17647
255	233	0.33333
64	157	0.25
242	97	0.25
260	134	0.42857
250	294	0.25
49	72	0.25
256	222	0.11111
246	47	0.33333
189	193	0.33333
58	270	0.25
245	56	0.25
253	260	0.25
172	309	0.25
249	86	0.25
171	314	0.25
263	192	0.33333
67	193	0.42857
258	294	0.25
264	185	0.25
259	287	0.33333
265	178	0.17647
249	78	0.25
112	8	0.25
112	4	0.17647
249	73	0.25
248	89	0.25
186	9	0.33333
247	94	0.25
247	92	0.33333
67	189	0.53846
186	6	0.25
259	295	0.33333
65	191	0.33333
266	175	0.33333
266	176	0.42857
248	78	0.25
66	180	0.25
170	306	0.25
248	72	0.25
247	82	0.25
185	6	0.25
265	197	0.17647
249	53	0.25
267	172	0.66667
65	182	0.25
268	160	0.25
248	62	0.25
69	140	0.17647
68	156	0.33333
255	288	0.25
100	313	0.33333
267	103	0.33333
267	106	0.33333
175	305	0.25
263	154	0.42857
258	258	1.0
255	295	0.25
170	12	0.33333
267	115	0.42857
258	260	0.33333
259	250	0.33333
259	259	1.0
256	296	0.81818
257	287	0.25
257	289	0.33333
262	189	0.33333
259	261	0.42857
269	102	0.25
264	161	0.25
114	9	0.17647
265	151	0.17647
114	1	0.25
249	95	0.17647
267	134	1.0
262	193	0.42857
262	194	0.33333
267	136	0.33333
