188	60	0
308	246	0
309	91	0
5	178	0
152	282	0
9	183	0
63	76	0
5	195	0
6	292	0
213	288	0
86	22	0
308	20	0
114	29	0
264	82	0
156	192	0
15	143	0
218	313	0
19	200	0
293	297	0
227	45	0
284	188	0
202	77	0
266	261	0
109	177	0
38	119	0
4	35	0
297	63	0
170	311	0
217	240	0
145	115	0
237	269	0
169	117	0
308	184	0
99	244	0
47	124	0
178	253	0
98	273	0
145	12	0
221	313	0
203	274	0
246	148	0
71	283	0
112	200	0
141	169	0
258	71	0
171	128	0
121	223	0
207	9	0
291	98	0
55	197	0
301	69	0
106	47	0
253	204	0
187	162	0
150	298	0
281	169	0
12	271	0
201	211	0
290	169	0
163	141	0
251	85	0
152	186	0
206	109	0
262	195	0
45	209	0
233	49	0
72	113	0
295	265	0
152	41	0
53	215	0
251	8	0
101	91	0
138	215	0
232	134	0
105	152	0
158	146	0
256	182	0
76	271	0
114	214	0
261	171	0
209	234	0
232	21	0
143	139	0
76	158	0
160	238	0
119	280	0
104	111	0
214	244	0
248	55	0
294	188	0
80	232	0
171	195	0
9	60	0
194	96	0
113	112	0
133	131	0
246	308	0
86	173	0
14	190	0
90	288	0
271	277	0
165	306	0
132	77	0
8	115	0
66	217	0
85	107	0
18	84	0
95	70	0
99	131	0
193	218	0
122	224	0
213	151	0
255	268	0
202	152	0
270	45	0
226	2	0
37	42	0
60	157	0
192	13	0
140	293	0
306	61	0
202	122	0
22	193	0
23	120	0
282	50	0
211	136	0
18	23	0
107	43	0
235	254	0
272	4	0
127	36	0
22	176	0
278	46	0
211	121	0
50	137	0
301	24	0
254	8	0
183	20	0
311	67	0
300	208	0
68	180	0
286	263	0
44	205	0
82	24	0
300	103	0
176	93	0
163	169	0
44	92	0
172	41	0
267	199	0
45	223	0
181	277	0
115	17	0
152	5	0
6	160	0
266	156	0
30	42	0
0	73	0
110	276	0
209	69	0
228	231	0
67	35	0
162	213	0
290	286	0
185	44	0
232	113	0
285	25	0
87	173	0
256	257	0
114	77	0
80	69	0
9	207	0
137	2	0
104	75	0
270	230	0
184	99	0
132	259	0
262	235	0
52	90	0
271	248	0
19	147	0
264	106	0
213	73	0
15	199	0
143	306	0
146	114	0
28	114	0
284	228	0
86	312	0
95	186	0
188	264	0
8	254	0
175	114	0
51	0	0
112	50	0
293	195	0
222	59	0
246	173	0
108	70	0
131	9	0
188	110	0
245	107	0
83	256	0
141	96	0
255	6	0
93	167	0
60	16	0
26	224	0
208	274	0
36	25	0
3	208	0
207	80	0
103	35	0
197	42	0
277	130	0
153	140	0
21	141	0
116	13	0
79	187	0
34	264	0
1	241	0
11	56	0
291	280	0
149	154	0
279	147	0
262	139	0
76	281	0
195	180	0
233	9	0
208	313	0
134	81	0
262	26	0
43	137	0
6	31	0
232	222	0
158	234	0
180	294	0
238	84	0
185	72	0
63	43	0
157	50	0
76	166	0
223	273	0
260	301	0
184	198	0
15	5	0
143	112	0
294	196	0
223	166	0
302	62	0
199	185	0
56	57	0
42	244	0
227	48	0
29	282	0
303	239	0
251	150	0
269	267	0
217	106	0
199	78	0
75	68	0
223	68	0
47	234	0
216	174	0
269	156	0
74	308	0
166	236	0
297	83	0
27	150	0
269	237	0
17	92	0
296	149	0
250	196	0
107	213	0
202	35	0
23	51	0
192	117	0
302	254	0
250	311	0
69	273	0
235	41	0
254	279	0
236	262	0
255	58	0
59	263	0
97	200	0
104	70	0
212	239	0
88	309	0
282	173	0
291	248	0
255	139	0
311	229	0
22	120	0
13	266	0
173	132	0
12	6	0
73	48	0
244	47	0
245	274	0
304	204	0
31	139	0
184	94	0
79	159	0
106	91	0
91	293	0
129	0	0
96	221	0
120	211	0
104	240	0
49	233	0
125	94	0
171	282	0
7	176	0
10	148	0
9	85	0
125	207	0
54	245	0
185	138	0
152	125	0
7	193	0
195	33	0
72	308	0
310	258	0
171	56	0
289	21	0
181	111	0
57	49	0
242	79	0
190	247	0
119	311	0
218	228	0
312	97	0
294	145	0
167	157	0
65	251	0
270	222	0
199	268	0
56	102	0
275	196	0
223	154	0
136	158	0
66	67	0
86	134	0
293	296	0
41	263	0
62	239	0
264	34	0
89	237	0
85	86	0
236	166	0
203	55	0
99	102	0
27	197	0
273	69	0
113	262	0
169	116	0
98	178	0
50	305	0
178	250	0
142	74	0
94	62	0
26	262	0
64	253	0
306	22	0
108	142	0
202	71	0
40	118	0
296	0	0
188	22	0
245	35	0
83	312	0
302	26	0
140	145	0
168	218	0
23	196	0
46	31	0
103	26	0
197	81	0
221	75	0
59	144	0
206	289	0
207	8	0
83	22	0
304	281	0
305	48	0
235	307	0
272	199	0
257	181	0
187	52	0
153	68	0
234	121	0
126	43	0
1	136	0
286	187	0
253	188	0
91	257	0
1	57	0
183	209	0
205	313	0
120	239	0
263	153	0
290	25	0
219	229	0
243	235	0
171	262	0
162	95	0
54	209	0
256	24	0
111	32	0
239	95	0
276	203	0
205	27	0
243	152	0
6	84	0
137	267	0
208	144	0
232	22	0
90	156	0
110	91	0
5	149	0
263	286	0
241	169	0
80	233	0
298	48	0
137	118	0
29	160	0
15	125	0
203	245	0
298	195	0
136	186	0
90	289	0
19	231	0
223	15	0
99	53	0
193	40	0
247	149	0
85	106	0
257	292	0
86	285	0
14	46	0
236	138	0
18	85	0
146	158	0
184	277	0
131	270	0
170	296	0
78	140	0
303	20	0
288	307	0
71	216	0
112	23	0
166	308	0
169	80	0
209	35	0
13	223	0
179	139	0
293	191	0
131	44	0
65	304	0
140	294	0
127	86	0
74	46	0
97	135	0
259	240	0
188	58	0
248	277	0
121	9	0
3	247	0
151	279	0
211	120	0
230	308	0
177	184	0
144	79	0
291	176	0
292	223	0
224	253	0
150	213	0
187	80	0
153	32	0
281	27	0
120	45	0
304	148	0
35	4	0
163	219	0
257	2	0
186	152	0
263	108	0
253	64	0
254	235	0
58	94	0
44	93	0
10	221	0
54	2	0
207	274	0
13	90	0
7	248	0
128	63	0
208	237	0
6	48	0
101	126	0
138	200	0
285	103	0
252	254	0
90	193	0
162	210	0
50	107	0
256	147	0
20	244	0
313	102	0
43	61	0
261	142	0
97	216	0
76	131	0
114	74	0
9	206	0
32	313	0
199	203	0
247	91	0
14	232	0
271	251	0
136	86	0
65	208	0
156	9	0
213	72	0
251	141	0
42	160	0
28	115	0
111	263	0
307	60	0
75	40	0
4	228	0
62	310	0
122	5	0
123	292	0
236	125	0
255	291	0
112	51	0
41	121	0
60	307	0
155	225	0
47	55	0
142	281	0
273	158	0
93	309	0
210	162	0
13	84	0
12	72	0
198	80	0
127	74	0
164	192	0
292	29	0
40	78	0
60	17	0
278	88	0
121	37	0
173	165	0
70	210	0
97	28	0
79	100	0
154	77	0
83	97	0
267	288	0
126	129	0
220	222	0
292	243	0
225	176	0
305	120	0
192	279	0
163	102	0
313	293	0
257	253	0
45	118	0
103	256	0
106	100	0
162	306	0
75	296	0
201	264	0
277	99	0
262	249	0
263	80	0
176	122	0
177	279	0
200	112	0
128	253	0
21	110	0
152	243	0
48	4	0
5	2	0
125	42	0
57	314	0
205	82	0
78	224	0
134	86	0
252	147	0
34	90	0
279	44	0
185	222	0
39	207	0
24	92	0
138	236	0
289	8	0
253	311	0
290	291	0
20	136	0
190	216	0
214	194	0
161	54	0
143	194	0
147	7	0
241	224	0
190	171	0
191	246	0
57	246	0
241	113	0
5	126	0
9	123	0
247	63	0
104	311	0
15	181	0
204	210	0
283	229	0
142	40	0
38	73	0
169	142	0
189	211	0
217	154	0
126	84	0
188	301	0
61	25	0
8	155	0
178	215	0
150	259	0
71	160	0
37	16	0
41	85	0
297	227	0
27	6	0
246	142	0
212	10	0
268	292	0
269	125	0
131	100	0
23	50	0
46	145	0
212	121	0
250	308	0
73	213	0
292	49	0
60	53	0
89	5	0
140	125	0
73	166	0
292	128	0
197	13	0
126	189	0
220	162	0
240	183	0
82	191	0
233	313	0
197	158	0
183	95	0
96	111	0
59	85	0
277	22	0
116	98	0
300	153	0
233	202	0
305	245	0
200	29	0
25	214	0
263	180	0
128	217	0
239	213	0
115	91	0
6	222	0
62	147	0
172	242	0
263	197	0
238	279	0
295	244	0
10	100	0
138	49	0
72	309	0
91	115	0
77	60	0
232	59	0
87	231	0
53	51	0
0	161	0
110	188	0
114	3	0
242	76	0
5	176	0
232	74	0
57	161	0
241	140	0
204	16	0
298	93	0
5	82	0
133	173	0
137	170	0
247	3	0
288	74	0
271	307	0
274	117	0
38	26	0
260	32	0
136	110	0
66	243	0
160	116	0
269	302	0
17	285	0
113	180	0
131	277	0
98	192	0
122	202	0
89	295	0
273	68	0
165	126	0
4	188	0
189	104	0
118	54	0
202	206	0
94	63	0
41	177	0
95	258	0
192	35	0
155	169	0
112	202	0
40	119	0
249	134	0
207	245	0
283	269	0
235	20	0
280	182	0
2	175	0
207	154	0
50	227	0
197	80	0
97	68	0
206	294	0
153	218	0
248	216	0
55	199	0
59	0	0
82	163	0
139	168	0
233	277	0
101	77	0
21	196	0
187	164	0
206	192	0
211	298	0
159	202	0
175	188	0
172	71	0
149	209	0
78	169	0
10	137	0
219	21	0
58	157	0
21	279	0
208	258	0
63	140	0
87	26	0
181	209	0
114	212	0
243	264	0
261	169	0
228	92	0
48	298	0
256	295	0
241	223	0
80	91	0
69	271	0
171	180	0
119	282	0
285	164	0
33	203	0
218	249	0
271	113	0
19	8	0
313	299	0
9	34	0
194	126	0
15	124	0
18	176	0
38	183	0
214	151	0
246	266	0
66	164	0
303	305	0
217	48	0
184	167	0
179	35	0
223	14	0
254	302	0
133	274	0
62	136	0
216	248	0
288	197	0
94	249	0
4	1	0
123	283	0
307	80	0
112	8	0
61	65	0
118	18	0
271	51	0
98	298	0
202	233	0
88	119	0
192	15	0
17	180	0
3	105	0
18	312	0
245	6	0
248	278	0
107	45	0
73	237	0
255	253	0
93	242	0
3	246	0
117	252	0
248	133	0
83	105	0
220	251	0
225	171	0
82	244	0
64	279	0
268	161	0
272	292	0
36	197	0
257	144	0
172	261	0
210	80	0
230	23	0
163	218	0
92	44	0
15	62	0
276	283	0
263	111	0
1	4	0
310	14	0
25	142	0
101	155	0
195	218	0
233	19	0
72	111	0
54	3	0
280	124	0
209	42	0
5	116	0
161	207	0
34	55	0
185	193	0
148	51	0
6	49	0
101	125	0
91	187	0
54	301	0
115	305	0
171	3	0
63	49	0
265	202	0
67	178	0
242	148	0
100	10	0
130	128	0
63	297	0
57	217	0
190	31	0
291	37	0
180	17	0
42	30	0
119	28	0
32	24	0
89	217	0
270	6	0
187	116	0
28	76	0
85	140	0
14	11	0
103	285	0
240	234	0
62	311	0
123	295	0
198	183	0
165	54	0
178	131	0
206	245	0
296	74	0
4	283	0
227	80	0
83	258	0
108	215	0
168	4	0
26	238	0
245	26	0
47	276	0
74	210	0
258	13	0
150	7	0
121	149	0
197	40	0
70	302	0
291	175	0
129	280	0
206	286	0
244	213	0
68	283	0
234	47	0
16	246	0
182	98	0
25	72	0
173	64	0
92	48	0
257	109	0
96	51	0
25	249	0
79	298	0
45	134	0
176	123	0
49	195	0
177	278	0
260	178	0
200	113	0
309	305	0
77	309	0
243	53	0
7	78	0
125	41	0
220	259	0
152	99	0
209	22	0
7	223	0
135	298	0
232	177	0
161	235	0
0	87	0
233	74	0
313	16	0
226	84	0
9	271	0
63	196	0
66	296	0
288	299	0
252	3	0
96	185	0
39	95	0
205	179	0
52	282	0
90	85	0
271	56	0
241	231	0
189	74	0
100	46	0
137	60	0
104	169	0
217	222	0
76	55	0
242	267	0
80	178	0
227	165	0
274	14	0
38	255	0
260	77	0
227	50	0
213	107	0
95	11	0
169	67	0
189	210	0
47	244	0
179	36	0
195	130	0
146	231	0
37	22	0
94	177	0
124	292	0
283	2	0
50	267	0
127	267	0
297	226	0
154	285	0
201	12	0
222	164	0
259	186	0
278	138	0
151	120	0
70	104	0
181	134	0
2	123	0
130	36	0
64	288	0
192	277	0
121	177	0
196	293	0
107	2	0
197	12	0
58	139	0
198	43	0
150	146	0
173	19	0
139	143	0
126	13	0
254	70	0
277	21	0
25	36	0
48	195	0
305	244	0
200	30	0
115	173	0
25	213	0
79	270	0
215	222	0
253	7	0
239	212	0
243	17	0
232	286	0
105	16	0
125	205	0
81	47	0
100	285	0
7	195	0
232	173	0
0	51	0
39	242	0
205	198	0
243	303	0
280	291	0
9	299	0
20	235	0
232	60	0
53	50	0
309	88	0
53	39	0
265	2	0
90	41	0
128	262	0
147	34	0
313	270	0
292	11	0
31	130	0
308	23	0
241	28	0
42	71	0
227	193	0
85	227	0
160	6	0
270	79	0
294	113	0
42	214	0
227	46	0
155	285	0
213	15	0
86	247	0
145	231	0
126	263	0
203	41	0
4	46	0
283	113	0
213	240	0
236	55	0
297	77	0
226	125	0
99	249	0
175	52	0
17	62	0
313	208	0
94	60	0
187	299	0
178	75	0
141	85	0
74	8	0
243	240	0
259	150	0
188	16	0
50	17	0
116	306	0
26	38	0
230	270	0
70	231	0
74	234	0
292	165	0
221	73	0
224	211	0
206	295	0
9	18	0
40	293	0
277	184	0
167	143	0
244	13	0
300	239	0
83	137	0
182	207	0
230	251	0
130	227	0
196	63	0
215	269	0
200	58	0
254	205	0
44	123	0
7	1	0
48	126	0
195	225	0
57	256	0
55	229	0
251	102	0
7	150	0
10	182	0
266	28	0
76	46	0
215	83	0
21	278	0
208	259	0
261	263	0
30	92	0
90	235	0
0	31	0
167	93	0
171	38	0
191	43	0
285	50	0
181	65	0
313	185	0
190	145	0
191	184	0
104	82	0
90	13	0
147	62	0
76	232	0
313	298	0
174	288	0
9	33	0
113	117	0
241	56	0
264	113	0
251	227	0
142	118	0
19	233	0
80	265	0
293	91	0
260	148	0
47	172	0
145	92	0
153	22	0
95	208	0
154	290	0
122	94	0
112	152	0
40	197	0
41	172	0
297	314	0
64	219	0
182	166	0
2	257	0
133	301	0
117	74	0
64	74	0
183	155	0
50	53	0
235	243	0
145	271	0
224	256	0
192	302	0
231	71	0
201	48	0
61	236	0
79	51	0
268	162	0
254	15	0
244	97	0
248	100	0
233	240	0
286	266	0
257	0	0
262	275	0
101	265	0
266	222	0
139	36	0
21	72	0
314	194	0
105	95	0
128	130	0
148	77	0
152	8	0
299	171	0
284	12	0
77	114	0
81	119	0
266	139	0
253	273	0
290	285	0
24	241	0
43	63	0
261	140	0
284	291	0
266	274	0
143	232	0
110	117	0
238	46	0
275	32	0
171	147	0
100	11	0
265	90	0
214	23	0
185	275	0
204	89	0
133	83	0
136	201	0
137	144	0
29	130	0
180	18	0
132	157	0
118	290	0
11	190	0
66	137	0
32	25	0
15	192	0
199	103	0
193	10	0
47	211	0
303	69	0
51	148	0
142	253	0
74	287	0
296	185	0
165	164	0
8	225	0
51	5	0
198	180	0
273	3	0
58	255	0
3	55	0
296	75	0
60	188	0
83	261	0
13	82	0
235	78	0
198	86	0
74	64	0
121	43	0
201	67	0
2	148	0
22	83	0
314	270	0
121	148	0
12	29	0
69	92	0
35	196	0
244	214	0
282	311	0
163	104	0
224	10	0
82	104	0
304	178	0
278	232	0
163	249	0
257	108	0
149	54	0
187	239	0
7	56	0
177	277	0
234	206	0
253	98	0
291	285	0
148	242	0
60	94	0
48	6	0
196	134	0
290	95	0
256	83	0
205	80	0
134	84	0
202	259	0
208	203	0
232	193	0
161	91	0
229	254	0
91	134	0
185	77	0
39	94	0
272	106	0
232	80	0
114	108	0
223	274	0
272	54	0
54	274	0
312	55	0
242	264	0
9	121	0
185	97	0
271	217	0
184	241	0
294	74	0
303	232	0
251	171	0
17	311	0
203	12	0
193	22	0
216	177	0
217	152	0
56	282	0
297	80	0
118	40	0
250	80	0
178	213	0
71	162	0
94	65	0
60	209	0
71	307	0
93	279	0
258	204	0
143	216	0
69	286	0
272	48	0
164	230	0
259	202	0
117	2	0
185	296	0
121	176	0
196	294	0
55	253	0
183	40	0
244	42	0
174	277	0
305	154	0
306	259	0
35	113	0
92	102	0
183	89	0
258	304	0
187	154	0
206	234	0
139	31	0
106	70	0
67	305	0
196	107	0
70	269	0
115	93	0
153	312	0
124	47	0
196	250	0
19	87	0
208	280	0
6	111	0
157	241	0
161	246	0
185	248	0
199	236	0
158	197	0
53	49	0
241	305	0
171	74	0
232	76	0
218	227	0
110	45	0
133	26	0
137	95	0
49	6	0
124	217	0
52	110	0
113	72	0
63	302	0
15	139	0
132	85	0
65	158	0
247	178	0
194	314	0
244	122	0
175	70	0
32	176	0
237	265	0
95	80	0
293	55	0
222	103	0
227	271	0
202	243	0
160	89	0
282	171	0
108	137	0
37	131	0
258	208	0
279	202	0
284	160	0
74	152	0
34	293	0
140	99	0
16	17	0
74	235	0
292	166	0
150	204	0
207	21	0
18	116	0
31	219	0
233	149	0
224	67	0
79	207	0
120	20	0
103	245	0
286	303	0
1	141	0
176	121	0
68	227	0
200	59	0
21	51	0
86	75	0
68	114	0
45	227	0
200	138	0
11	95	0
181	174	0
21	277	0
78	222	0
134	28	0
157	213	0
214	302	0
285	49	0
195	209	0
238	19	0
68	97	0
29	12	0
132	299	0
149	197	0
298	63	0
50	88	0
190	97	0
119	133	0
191	264	0
180	63	0
223	251	0
184	169	0
166	73	0
60	299	0
27	309	0
284	156	0
303	160	0
14	45	0
145	194	0
308	266	0
202	132	0
75	158	0
64	173	0
227	299	0
88	35	0
4	289	0
242	39	0
64	220	0
282	143	0
155	183	0
212	76	0
70	38	0
246	191	0
255	110	0
97	132	0
279	238	0
173	295	0
122	305	0
231	241	0
306	136	0
126	281	0
272	120	0
151	22	0
2	177	0
279	93	0
26	59	0
221	280	0
140	7	0
92	264	0
198	50	0
68	289	0
16	140	0
163	79	0
277	82	0
25	114	0
79	163	0
135	141	0
248	101	0
139	214	0
103	281	0
81	94	0
239	158	0
7	100	0
176	32	0
105	94	0
219	194	0
296	27	0
295	297	0
101	234	0
266	49	0
105	239	0
252	138	0
110	254	0
0	77	0
185	199	0
148	61	0
295	190	0
229	182	0
285	100	0
39	181	0
280	284	0
134	139	0
205	154	0
302	17	0
50	195	0
39	10	0
147	151	0
260	309	0
190	178	0
180	108	0
76	13	0
132	271	0
8	309	0
66	23	0
271	196	0
204	169	0
132	158	0
227	24	0
32	26	0
165	210	0
153	280	0
5	313	0
8	19	0
227	105	0
283	139	0
122	145	0
303	68	0
184	308	0
293	126	0
98	134	0
37	121	0
38	258	0
272	94	0
245	198	0
155	226	0
249	131	0
13	192	0
37	202	0
3	54	0
296	76	0
278	236	0
88	174	0
231	70	0
273	300	0
2	226	0
278	95	0
279	242	0
192	156	0
49	261	0
123	238	0
2	149	0
298	17	0
79	97	0
177	217	0
50	169	0
287	148	0
1	299	0
244	215	0
68	261	0
237	154	0
287	37	0
254	40	0
224	11	0
206	143	0
82	105	0
48	217	0
301	137	0
230	49	0
106	99	0
310	121	0
180	68	0
96	53	0
149	53	0
177	276	0
201	217	0
291	284	0
239	178	0
233	13	0
125	39	0
162	19	0
219	46	0
77	132	0
252	174	0
125	152	0
219	95	0
106	253	0
295	162	0
66	294	0
162	245	0
54	271	0
167	100	0
228	22	0
191	98	0
218	12	0
275	63	0
29	244	0
143	124	0
312	56	0
294	248	0
298	247	0
9	120	0
308	25	0
18	246	0
274	12	0
160	29	0
74	244	0
213	105	0
18	9	0
4	52	0
5	285	0
264	153	0
283	151	0
269	152	0
1	181	0
145	138	0
237	292	0
113	286	0
4	219	0
297	87	0
246	18	0
283	4	0
175	18	0
51	96	0
17	80	0
41	90	0
26	302	0
155	206	0
143	299	0
268	295	0
107	201	0
179	196	0
255	81	0
112	161	0
41	235	0
151	122	0
192	73	0
231	168	0
255	38	0
40	45	0
188	253	0
279	278	0
211	68	0
140	120	0
144	123	0
164	118	0
150	33	0
26	115	0
248	191	0
121	183	0
314	122	0
154	223	0
248	46	0
12	145	0
25	42	0
1	209	0
186	95	0
116	156	0
300	43	0
48	84	0
68	31	0
92	133	0
286	252	0
11	169	0
285	266	0
124	278	0
125	203	0
290	96	0
275	268	0
81	45	0
30	102	0
161	245	0
162	166	0
111	121	0
114	175	0
208	168	0
209	129	0
57	207	0
105	304	0
241	304	0
39	125	0
5	189	0
43	6	0
49	184	0
191	134	0
67	140	0
214	237	0
280	53	0
132	304	0
52	111	0
101	163	0
19	94	0
291	94	0
275	200	0
242	301	0
133	170	0
119	81	0
247	28	0
104	278	0
303	286	0
219	197	0
27	296	0
156	76	0
284	185	0
216	287	0
95	105	0
170	304	0
99	106	0
27	217	0
28	182	0
179	2	0
56	311	0
296	230	0
169	120	0
64	188	0
89	305	0
17	60	0
94	34	0
131	52	0
95	271	0
65	296	0
108	138	0
41	199	0
169	282	0
26	181	0
282	219	0
121	113	0
122	282	0
70	74	0
37	275	0
40	9	0
188	129	0
282	74	0
46	35	0
267	274	0
74	232	0
292	167	0
274	37	0
26	87	0
154	128	0
83	26	0
163	82	0
291	105	0
220	129	0
40	295	0
150	188	0
177	114	0
234	101	0
150	303	0
281	172	0
210	250	0
139	58	0
234	244	0
253	184	0
1	61	0
205	309	0
78	61	0
44	117	0
176	5	0
30	160	0
286	206	0
6	185	0
238	310	0
205	23	0
289	68	0
253	267	0
91	80	0
242	28	0
205	232	0
214	158	0
70	106	0
187	279	0
43	98	0
124	143	0
270	271	0
237	168	0
274	178	0
238	131	0
270	190	0
18	175	0
271	227	0
75	290	0
113	107	0
76	121	0
298	207	0
62	60	0
228	268	0
288	105	0
217	53	0
136	13	0
32	110	0
260	150	0
189	24	0
193	221	0
142	150	0
113	294	0
169	84	0
227	298	0
122	92	0
88	36	0
40	199	0
271	12	0
88	211	0
107	145	0
17	169	0
60	9	0
26	137	0
231	240	0
74	189	0
37	311	0
97	244	0
117	249	0
230	296	0
311	41	0
224	241	0
304	313	0
68	290	0
31	190	0
287	64	0
235	275	0
244	99	0
45	14	0
46	281	0
106	12	0
0	288	0
186	23	0
152	155	0
206	275	0
196	172	0
128	132	0
134	110	0
82	311	0
210	256	0
138	101	0
87	74	0
0	78	0
20	1	0
58	188	0
280	238	0
134	249	0
300	273	0
90	205	0
253	303	0
110	136	0
76	296	0
208	112	0
265	207	0
29	126	0
221	243	0
256	262	0
190	179	0
53	153	0
19	41	0
185	273	0
106	200	0
52	39	0
237	29	0
167	310	0
298	163	0
246	277	0
284	114	0
251	129	0
240	158	0
169	150	0
132	46	0
99	85	0
184	309	0
297	122	0
193	185	0
41	125	0
47	51	0
178	190	0
16	301	0
17	4	0
297	276	0
155	146	0
178	17	0
258	153	0
259	208	0
117	44	0
121	41	0
140	85	0
300	117	0
70	146	0
2	146	0
259	276	0
177	216	0
231	101	0
126	133	0
291	80	0
2	5	0
168	293	0
153	151	0
154	248	0
177	41	0
84	121	0
72	236	0
55	8	0
263	94	0
48	218	0
72	208	0
126	103	0
201	268	0
314	117	0
263	76	0
139	66	0
267	137	0
239	189	0
186	43	0
44	61	0
263	221	0
232	293	0
68	75	0
106	258	0
310	152	0
205	78	0
165	162	0
11	285	0
215	21	0
236	199	0
63	193	0
98	135	0
285	71	0
158	239	0
63	86	0
266	308	0
52	229	0
143	206	0
238	200	0
134	263	0
6	217	0
5	122	0
123	9	0
86	127	0
14	200	0
52	59	0
218	303	0
42	241	0
133	198	0
200	213	0
232	284	0
85	189	0
303	234	0
160	108	0
269	262	0
166	150	0
189	239	0
28	83	0
284	197	0
75	200	0
261	270	0
98	171	0
61	21	0
193	133	0
175	29	0
217	271	0
26	303	0
155	193	0
140	283	0
168	84	0
278	137	0
61	247	0
211	214	0
140	234	0
13	116	0
141	191	0
127	106	0
40	46	0
188	254	0
226	297	0
282	119	0
46	4	0
174	57	0
231	56	0
268	6	0
141	272	0
70	254	0
291	255	0
292	140	0
46	119	0
208	250	0
311	17	0
172	313	0
245	285	0
287	24	0
126	48	0
233	206	0
234	145	0
92	23	0
177	14	0
263	176	0
290	97	0
280	289	0
205	114	0
299	245	0
228	213	0
205	195	0
171	63	0
180	263	0
53	63	0
91	228	0
43	121	0
261	194	0
90	52	0
238	228	0
20	287	0
5	205	0
261	83	0
9	10	0
119	163	0
66	45	0
15	100	0
199	267	0
26	237	0
312	242	0
170	31	0
189	273	0
123	21	0
51	304	0
288	78	0
113	223	0
39	307	0
73	235	0
136	18	0
14	87	0
199	41	0
99	109	0
36	224	0
216	143	0
145	117	0
56	312	0
226	120	0
264	261	0
175	49	0
178	247	0
51	127	0
112	127	0
282	169	0
84	253	0
144	186	0
307	278	0
3	113	0
60	102	0
26	178	0
302	31	0
141	163	0
37	274	0
97	239	0
211	99	0
88	278	0
272	173	0
74	233	0
153	222	0
207	23	0
201	234	0
45	41	0
165	46	0
233	281	0
162	263	0
126	44	0
254	97	0
182	194	0
276	259	0
102	53	0
230	254	0
254	240	0
239	132	0
152	128	0
292	255	0
262	197	0
195	226	0
234	260	0
72	119	0
81	255	0
7	147	0
157	290	0
237	89	0
215	108	0
20	110	0
148	27	0
276	208	0
280	147	0
101	69	0
138	209	0
309	8	0
48	302	0
232	27	0
285	15	0
161	1	0
0	129	0
111	269	0
80	95	0
156	284	0
214	14	0
143	6	0
57	193	0
170	96	0
85	275	0
219	234	0
18	172	0
237	56	0
19	125	0
38	171	0
85	132	0
160	37	0
217	52	0
19	234	0
283	161	0
85	117	0
32	111	0
307	39	0
145	192	0
109	143	0
146	155	0
240	194	0
4	13	0
170	277	0
257	212	0
193	220	0
122	234	0
179	97	0
236	22	0
255	266	0
75	144	0
293	41	0
246	91	0
28	266	0
216	310	0
175	186	0
178	106	0
2	284	0
97	154	0
278	177	0
279	232	0
282	60	0
302	59	0
49	138	0
69	212	0
277	263	0
207	122	0
267	305	0
69	101	0
16	127	0
70	198	0
73	98	0
291	183	0
28	96	0
22	37	0
12	203	0
36	193	0
213	44	0
25	112	0
82	131	0
46	286	0
304	137	0
234	70	0
49	192	0
77	269	0
10	198	0
67	267	0
195	222	0
68	80	0
125	1	0
243	202	0
81	219	0
210	257	0
11	240	0
239	126	0
35	117	0
78	312	0
81	116	0
63	172	0
101	121	0
158	240	0
162	239	0
21	106	0
48	99	0
191	72	0
74	296	0
57	108	0
275	37	0
313	218	0
242	144	0
260	311	0
43	65	0
100	54	0
214	42	0
53	152	0
133	80	0
290	32	0
100	133	0
63	275	0
247	86	0
29	159	0
14	237	0
109	81	0
118	289	0
228	289	0
156	6	0
160	65	0
142	81	0
169	149	0
193	15	0
85	9	0
51	153	0
14	15	0
142	192	0
71	42	0
74	282	0
240	238	0
166	250	0
118	195	0
216	71	0
165	50	0
245	196	0
193	297	0
127	224	0
202	9	0
23	37	0
151	80	0
279	159	0
282	225	0
302	228	0
141	154	0
235	67	0
168	8	0
130	92	0
22	86	0
150	27	0
83	100	0
174	252	0
305	115	0
224	13	0
206	141	0
45	113	0
107	177	0
267	59	0
253	142	0
129	62	0
277	110	0
120	189	0
11	62	0
267	136	0
196	114	0
159	142	0
200	117	0
182	37	0
310	238	0
183	276	0
7	74	0
101	187	0
295	207	0
299	136	0
67	116	0
72	185	0
74	87	0
91	106	0
219	81	0
111	103	0
114	137	0
276	136	0
205	222	0
232	196	0
161	88	0
241	266	0
9	156	0
232	83	0
52	230	0
109	275	0
110	20	0
298	98	0
6	307	0
282	56	0
271	181	0
184	5	0
185	300	0
242	263	0
119	79	0
123	8	0
52	4	0
218	300	0
271	218	0
19	181	0
41	301	0
252	136	0
155	309	0
86	239	0
71	121	0
94	298	0
169	241	0
132	3	0
272	126	0
193	235	0
213	216	0
71	14	0
169	2	0
246	16	0
13	145	0
216	35	0
37	27	0
221	302	0
14	261	0
108	160	0
168	85	0
279	163	0
70	108	0
272	51	0
47	308	0
235	188	0
73	169	0
64	292	0
69	61	0
272	209	0
1	309	0
55	254	0
168	258	0
174	280	0
197	153	0
36	281	0
55	111	0
96	100	0
206	233	0
13	292	0
31	6	0
159	221	0
253	146	0
173	232	0
314	22	0
25	217	0
44	147	0
262	222	0
10	271	0
286	208	0
215	218	0
92	135	0
292	237	0
262	105	0
10	158	0
100	147	0
238	280	0
126	216	0
149	297	0
299	244	0
63	151	0
232	145	0
301	251	0
214	257	0
252	204	0
204	303	0
24	189	0
9	303	0
66	264	0
105	310	0
161	100	0
289	47	0
143	188	0
173	30	0
219	298	0
313	161	0
209	272	0
63	117	0
157	16	0
90	53	0
218	238	0
147	38	0
298	70	0
218	145	0
274	223	0
288	79	0
36	234	0
146	37	0
294	117	0
14	84	0
145	219	0
199	40	0
304	79	0
59	91	0
144	257	0
189	242	0
193	247	0
47	148	0
216	144	0
274	272	0
17	50	0
162	295	0
61	169	0
1	227	0
37	128	0
40	124	0
40	11	0
103	16	0
231	95	0
201	24	0
93	26	0
225	130	0
79	91	0
26	85	0
83	28	0
304	287	0
197	236	0
126	194	0
55	194	0
183	9	0
45	40	0
173	115	0
31	85	0
206	9	0
144	263	0
92	69	0
220	50	0
21	207	0
258	275	0
206	197	0
82	47	0
120	134	0
48	227	0
230	255	0
267	67	0
73	304	0
182	114	0
129	102	0
283	150	0
149	97	0
172	60	0
263	151	0
176	7	0
81	254	0
229	14	0
105	240	0
158	10	0
21	274	0
280	148	0
137	269	0
11	292	0
289	90	0
303	6	0
205	230	0
161	0	0
0	130	0
309	184	0
111	268	0
43	100	0
67	271	0
156	285	0
32	275	0
218	194	0
112	25	0
75	239	0
9	37	0
123	67	0
214	126	0
270	188	0
53	308	0
56	8	0
275	230	0
223	228	0
133	140	0
251	231	0
89	192	0
166	76	0
169	184	0
108	16	0
166	223	0
202	131	0
293	40	0
131	133	0
231	268	0
269	47	0
142	263	0
94	28	0
296	83	0
259	105	0
207	295	0
65	266	0
84	18	0
235	102	0
238	306	0
258	179	0
126	284	0
73	144	0
292	118	0
311	186	0
22	75	0
23	230	0
46	61	0
12	117	0
291	182	0
143	127	0
153	185	0
12	196	0
254	51	0
130	155	0
153	42	0
173	87	0
220	22	0
257	4	0
276	288	0
281	142	0
101	309	0
230	155	0
12	298	0
305	304	0
215	301	0
253	90	0
200	90	0
314	206	0
7	97	0
11	98	0
200	169	0
209	45	0
101	23	0
229	34	0
54	183	0
121	84	0
314	288	0
208	227	0
299	60	0
169	256	0
138	242	0
250	304	0
190	294	0
63	60	0
194	189	0
232	120	0
114	68	0
53	45	0
134	281	0
191	216	0
29	237	0
53	231	0
271	80	0
184	106	0
57	220	0
132	266	0
61	68	0
160	211	0
237	27	0
46	227	0
284	76	0
142	86	0
30	306	0
65	91	0
283	140	0
212	286	0
161	33	0
14	12	0
217	128	0
240	239	0
255	297	0
202	167	0
94	105	0
296	160	0
98	116	0
155	231	0
84	199	0
198	59	0
222	205	0
64	59	0
192	96	0
155	148	0
84	54	0
88	177	0
23	241	0
127	112	0
168	9	0
22	228	0
259	210	0
192	159	0
46	238	0
302	84	0
107	12	0
272	103	0
201	71	0
2	144	0
207	89	0
287	145	0
126	139	0
291	82	0
311	15	0
59	222	0
130	28	0
182	280	0
202	1	0
59	79	0
277	252	0
44	281	0
102	99	0
230	52	0
126	101	0
1	202	0
310	124	0
115	212	0
25	252	0
210	192	0
266	254	0
186	41	0
262	130	0
266	65	0
285	291	0
196	130	0
34	229	0
290	91	0
298	29	0
148	109	0
295	206	0
178	304	0
232	182	0
87	104	0
162	129	0
54	147	0
114	134	0
77	18	0
232	197	0
158	237	0
114	25	0
171	98	0
9	131	0
285	246	0
90	94	0
308	137	0
110	21	0
114	104	0
223	286	0
5	215	0
99	260	0
100	43	0
119	217	0
251	65	0
238	185	0
241	107	0
133	179	0
38	203	0
66	118	0
288	36	0
199	182	0
274	11	0
203	179	0
166	5	0
294	78	0
42	255	0
65	182	0
247	170	0
122	176	0
85	44	0
288	258	0
119	20	0
240	11	0
113	275	0
201	128	0
42	227	0
249	307	0
216	36	0
17	85	0
112	85	0
155	195	0
96	24	0
164	147	0
296	43	0
259	161	0
64	7	0
178	51	0
73	223	0
60	51	0
110	98	0
288	175	0
197	102	0
35	279	0
163	298	0
221	96	0
16	184	0
36	139	0
289	152	0
281	36	0
121	293	0
304	195	0
12	140	0
286	311	0
159	79	0
144	284	0
183	85	0
150	262	0
45	84	0
229	311	0
211	276	0
109	148	0
290	157	0
92	17	0
152	166	0
172	89	0
290	12	0
182	6	0
152	213	0
34	9	0
149	296	0
78	198	0
162	165	0
312	266	0
185	252	0
67	224	0
238	123	0
213	150	0
5	186	0
52	251	0
110	49	0
132	307	0
213	296	0
241	23	0
189	303	0
63	298	0
66	90	0
288	64	0
146	34	0
38	28	0
41	264	0
39	301	0
260	46	0
50	78	0
227	85	0
264	41	0
145	218	0
280	109	0
94	263	0
169	236	0
299	187	0
8	46	0
250	1	0
145	107	0
60	258	0
8	189	0
273	223	0
145	4	0
112	113	0
293	132	0
297	193	0
196	193	0
41	196	0
117	113	0
283	259	0
212	155	0
141	161	0
145	294	0
37	272	0
40	12	0
258	95	0
267	279	0
50	157	0
287	216	0
36	88	0
93	25	0
311	198	0
3	273	0
150	192	0
154	143	0
102	201	0
311	119	0
224	71	0
153	77	0
253	196	0
35	17	0
182	192	0
97	312	0
206	202	0
305	267	0
78	0	0
116	243	0
7	124	0
10	288	0
290	16	0
148	182	0
43	296	0
44	7	0
172	204	0
10	179	0
125	236	0
276	210	0
280	149	0
101	67	0
15	311	0
76	263	0
39	141	0
228	90	0
161	7	0
309	135	0
104	87	0
170	118	0
218	195	0
76	229	0
294	180	0
143	189	0
62	80	0
24	198	0
191	308	0
289	276	0
76	116	0
223	231	0
29	298	0
251	230	0
8	123	0
89	112	0
199	15	0
169	200	0
246	46	0
71	209	0
293	215	0
41	6	0
92	122	0
249	235	0
110	14	0
93	298	0
279	117	0
212	72	0
197	284	0
235	89	0
311	260	0
258	176	0
187	282	0
23	112	0
117	85	0
49	285	0
3	252	0
121	131	0
291	185	0
311	42	0
301	16	0
12	197	0
237	158	0
272	282	0
55	33	0
210	74	0
173	86	0
190	75	0
139	202	0
185	259	0
276	289	0
116	160	0
308	53	0
45	156	0
263	101	0
309	295	0
129	65	0
303	46	0
34	222	0
220	309	0
58	200	0
152	13	0
209	44	0
172	176	0
266	61	0
200	313	0
239	120	0
6	43	0
138	243	0
176	258	0
90	200	0
162	237	0
57	1	0
152	299	0
190	295	0
285	17	0
158	257	0
237	47	0
308	182	0
237	248	0
110	126	0
313	216	0
208	2	0
137	10	0
265	93	0
195	284	0
124	174	0
15	41	0
218	167	0
132	267	0
15	94	0
203	276	0
237	26	0
41	311	0
82	134	0
247	193	0
169	155	0
189	200	0
27	277	0
14	13	0
145	162	0
146	253	0
296	274	0
95	162	0
118	193	0
155	73	0
193	190	0
217	304	0
112	42	0
75	190	0
204	242	0
131	224	0
117	279	0
245	194	0
155	230	0
122	127	0
14	303	0
131	113	0
4	257	0
27	299	0
282	239	0
239	300	0
50	67	0
178	12	0
70	6	0
255	14	0
97	164	0
60	40	0
173	263	0
70	145	0
174	147	0
50	165	0
70	288	0
311	14	0
83	215	0
284	280	0
35	88	0
201	160	0
183	112	0
186	212	0
224	15	0
135	237	0
301	133	0
159	251	0
277	108	0
79	304	0
262	240	0
45	128	0
266	255	0
54	118	0
243	59	0
6	245	0
285	290	0
106	257	0
128	99	0
58	236	0
95	183	0
78	235	0
81	197	0
262	18	0
256	199	0
208	192	0
299	27	0
252	25	0
289	1	0
181	19	0
54	259	0
57	29	0
208	95	0
261	235	0
285	245	0
303	26	0
227	1	0
160	284	0
213	152	0
86	3	0
271	183	0
312	60	0
132	239	0
5	103	0
63	305	0
303	262	0
219	193	0
151	187	0
202	139	0
223	63	0
298	130	0
136	121	0
65	181	0
142	51	0
246	127	0
222	78	0
4	48	0
42	143	0
298	277	0
297	149	0
195	133	0
151	214	0
118	45	0
249	306	0
217	268	0
95	279	0
205	73	0
249	163	0
175	143	0
13	224	0
40	130	0
169	290	0
301	293	0
154	57	0
231	53	0
110	277	0
73	175	0
255	179	0
2	117	0
311	253	0
88	19	0
69	59	0
55	248	0
222	217	0
168	260	0
277	174	0
249	186	0
244	55	0
188	89	0
182	229	0
257	210	0
187	145	0
45	83	0
12	284	0
31	0	0
72	207	0
290	154	0
182	148	0
183	197	0
205	269	0
210	165	0
263	173	0
234	303	0
54	82	0
148	147	0
276	72	0
314	135	0
158	44	0
31	294	0
58	128	0
78	199	0
137	279	0
101	46	0
229	121	0
140	241	0
256	163	0
76	284	0
205	192	0
134	196	0
111	181	0
271	9	0
53	60	0
181	119	0
80	118	0
209	278	0
63	119	0
191	130	0
29	35	0
123	200	0
242	214	0
5	202	0
137	66	0
143	92	0
56	110	0
19	98	0
203	193	0
114	284	0
223	130	0
143	131	0
227	199	0
160	28	0
165	261	0
113	220	0
294	107	0
223	19	0
80	291	0
227	84	0
216	227	0
240	217	0
113	173	0
169	211	0
98	219	0
297	183	0
246	114	0
175	50	0
17	48	0
202	252	0
296	121	0
193	279	0
212	53	0
13	4	0
74	50	0
258	173	0
41	203	0
278	168	0
117	112	0
64	100	0
301	265	0
37	287	0
26	32	0
282	86	0
174	88	0
272	160	0
36	89	0
26	83	0
304	273	0
112	313	0
187	76	0
248	78	0
301	188	0
304	224	0
177	118	0
305	185	0
239	272	0
101	287	0
230	253	0
12	256	0
234	240	0
183	297	0
243	66	0
244	297	0
10	289	0
266	183	0
72	122	0
23	33	0
55	275	0
148	183	0
276	108	0
295	256	0
7	140	0
30	55	0
124	310	0
162	87	0
128	43	0
111	40	0
276	211	0
81	13	0
232	143	0
195	5	0
87	19	0
90	245	0
256	143	0
228	91	0
288	2	0
33	83	0
308	211	0
309	134	0
114	94	0
261	35	0
182	222	0
184	80	0
147	68	0
133	121	0
136	211	0
120	22	0
160	201	0
270	130	0
228	287	0
38	174	0
42	37	0
156	61	0
217	57	0
180	171	0
80	271	0
41	273	0
145	197	0
18	77	0
146	150	0
198	184	0
297	2	0
66	139	0
193	209	0
51	47	0
165	266	0
98	110	0
264	292	0
142	261	0
184	11	0
293	167	0
222	215	0
4	302	0
23	2	0
2	283	0
258	177	0
259	248	0
207	214	0
173	290	0
121	17	0
122	314	0
69	209	0
164	59	0
225	51	0
98	291	0
173	179	0
103	54	0
268	201	0
16	114	0
220	242	0
93	124	0
311	37	0
79	57	0
83	58	0
197	206	0
36	204	0
55	32	0
210	75	0
106	8	0
135	25	0
138	271	0
290	194	0
92	218	0
48	92	0
314	204	0
44	85	0
11	100	0
286	46	0
290	53	0
128	152	0
32	171	0
239	10	0
43	279	0
134	98	0
10	84	0
33	285	0
148	58	0
77	108	0
314	302	0
10	39	0
90	201	0
114	243	0
261	246	0
76	187	0
223	292	0
80	62	0
208	3	0
32	305	0
33	232	0
105	75	0
80	205	0
190	6	0
191	299	0
29	156	0
161	268	0
240	259	0
169	281	0
42	25	0
260	80	0
118	292	0
86	198	0
6	190	0
222	262	0
260	231	0
75	32	0
293	121	0
213	178	0
259	54	0
279	43	0
136	267	0
193	302	0
269	81	0
188	103	0
192	98	0
246	213	0
84	48	0
13	76	0
107	113	0
17	137	0
292	5	0
192	145	0
144	20	0
291	199	0
255	158	0
248	168	0
35	202	0
261	260	0
304	217	0
121	252	0
126	24	0
182	286	0
277	250	0
45	110	0
263	59	0
72	212	0
254	188	0
96	202	0
115	214	0
134	247	0
128	245	0
92	190	0
27	205	0
262	128	0
232	297	0
200	199	0
257	256	0
209	15	0
135	291	0
163	191	0
111	96	0
186	265	0
295	89	0
43	128	0
48	282	0
232	54	0
218	102	0
309	77	0
20	144	0
100	70	0
312	78	0
76	223	0
299	312	0
194	14	0
180	77	0
199	291	0
185	305	0
80	169	0
100	164	0
119	72	0
303	257	0
89	141	0
180	252	0
247	164	0
145	274	0
131	289	0
2	189	0
193	232	0
139	130	0
94	184	0
151	147	0
145	30	0
273	225	0
37	24	0
38	291	0
95	278	0
226	195	0
13	31	0
179	203	0
71	297	0
112	166	0
259	163	0
278	141	0
83	295	0
73	221	0
168	231	0
278	124	0
117	12	0
46	8	0
49	292	0
140	117	0
69	169	0
201	97	0
70	212	0
244	129	0
46	123	0
103	126	0
126	165	0
201	242	0
183	38	0
224	189	0
150	149	0
244	48	0
172	309	0
230	71	0
106	49	0
234	10	0
287	4	0
55	104	0
257	209	0
150	260	0
301	232	0
80	238	0
233	178	0
159	222	0
182	149	0
257	66	0
314	21	0
78	42	0
135	97	0
48	73	0
67	311	0
230	161	0
68	4	0
307	288	0
200	148	0
92	130	0
314	132	0
78	85	0
280	12	0
153	258	0
195	155	0
238	287	0
295	236	0
208	286	0
100	260	0
137	278	0
105	170	0
87	14	0
215	53	0
208	173	0
265	186	0
56	7	0
180	259	0
57	56	0
274	194	0
167	7	0
5	184	0
209	277	0
191	141	0
29	34	0
206	167	0
214	81	0
308	30	0
271	138	0
184	36	0
42	78	0
5	90	0
117	35	0
264	92	0
251	220	0
270	86	0
218	271	0
39	303	0
42	209	0
86	270	0
109	167	0
38	109	0
166	182	0
166	257	0
28	290	0
127	212	0
213	90	0
94	39	0
175	162	0
45	81	0
235	127	0
131	72	0
279	192	0
192	170	0
107	57	0
121	229	0
103	13	0
16	23	0
193	35	0
224	234	0
117	145	0
154	141	0
83	33	0
69	30	0
267	126	0
311	113	0
187	79	0
244	20	0
172	281	0
12	178	0
106	21	0
55	76	0
115	225	0
290	181	0
210	247	0
211	306	0
253	179	0
73	309	0
213	203	0
21	61	0
186	175	0
172	63	0
263	144	0
195	230	0
286	51	0
52	268	0
283	123	0
263	289	0
125	234	0
260	151	0
237	309	0
256	17	0
295	144	0
78	288	0
81	12	0
63	180	0
157	175	0
252	211	0
312	296	0
242	25	0
43	200	0
285	11	0
237	75	0
57	84	0
167	43	0
43	89	0
33	195	0
52	217	0
218	193	0
294	170	0
167	184	0
156	143	0
98	182	0
270	131	0
18	168	0
56	11	0
275	235	0
51	272	0
19	238	0
203	125	0
95	59	0
295	309	0
193	39	0
303	174	0
145	196	0
296	312	0
213	157	0
269	219	0
142	155	0
292	268	0
38	280	0
95	217	0
98	111	0
236	72	0
243	163	0
269	44	0
94	3	0
207	288	0
249	90	0
50	93	0
164	213	0
202	96	0
259	251	0
192	182	0
174	10	0
302	63	0
126	259	0
163	279	0
292	64	0
267	309	0
35	209	0
272	141	0
154	225	0
102	235	0
68	303	0
188	64	0
254	54	0
224	101	0
116	51	0
120	54	0
248	107	0
102	122	0
103	279	0
253	230	0
182	162	0
314	90	0
25	229	0
304	28	0
305	309	0
54	104	0
48	17	0
11	103	0
286	47	0
159	295	0
77	154	0
263	261	0
105	209	0
158	101	0
21	307	0
43	167	0
6	41	0
137	302	0
15	277	0
181	61	0
266	285	0
285	239	0
188	55	0
50	23	0
242	140	0
191	197	0
29	234	0
180	106	0
237	135	0
238	160	0
223	180	0
133	92	0
137	153	0
86	84	0
161	259	0
240	260	0
113	10	0
298	172	0
307	279	0
180	136	0
146	104	0
94	306	0
259	283	0
136	46	0
303	66	0
165	173	0
47	73	0
217	310	0
109	280	0
27	53	0
155	248	0
16	290	0
273	149	0
188	96	0
207	260	0
50	65	0
227	70	0
235	71	0
74	75	0
292	6	0
22	251	0
173	261	0
174	38	0
212	221	0
231	19	0
268	31	0
141	231	0
272	90	0
201	68	0
128	286	0
202	279	0
83	104	0
100	45	0
139	266	0
177	211	0
102	313	0
150	142	0
102	151	0
68	259	0
56	166	0
183	114	0
59	64	0
187	119	0
49	106	0
31	46	0
34	286	0
72	213	0
137	64	0
183	227	0
206	0	0
135	124	0
230	186	0
196	126	0
234	201	0
0	257	0
182	57	0
55	293	0
152	252	0
285	288	0
125	33	0
129	220	0
77	190	0
149	273	0
208	307	0
101	8	0
158	65	0
252	164	0
91	110	0
205	218	0
280	207	0
289	7	0
110	169	0
312	224	0
190	193	0
285	243	0
124	93	0
313	250	0
5	212	0
9	17	0
214	74	0
189	264	0
36	238	0
166	56	0
160	30	0
133	193	0
66	228	0
86	227	0
17	296	0
38	70	0
85	41	0
213	228	0
145	140	0
274	296	0
188	294	0
8	132	0
122	151	0
193	152	0
250	91	0
307	132	0
40	245	0
60	232	0
118	82	0
249	161	0
306	104	0
198	26	0
267	50	0
188	4	0
207	280	0
283	312	0
302	4	0
307	235	0
23	186	0
93	50	0
153	197	0
207	62	0
174	173	0
12	56	0
31	236	0
311	108	0
79	240	0
154	217	0
183	86	0
258	267	0
25	44	0
135	211	0
31	2	0
21	42	0
142	246	0
263	70	0
135	96	0
176	31	0
267	168	0
286	212	0
125	84	0
181	290	0
128	210	0
243	25	0
210	306	0
239	77	0
299	232	0
54	98	0
289	275	0
312	269	0
276	168	0
205	254	0
120	272	0
261	205	0
289	156	0
53	171	0
110	52	0
147	42	0
267	253	0
207	239	0
170	137	0
133	3	0
119	190	0
29	210	0
214	86	0
218	157	0
275	206	0
42	79	0
5	89	0
65	230	0
137	209	0
251	223	0
280	27	0
19	213	0
99	3	0
227	86	0
193	90	0
89	25	0
71	89	0
199	36	0
203	33	0
297	36	0
193	203	0
142	188	0
165	101	0
118	15	0
269	7	0
108	113	0
178	67	0
127	164	0
2	309	0
248	259	0
211	249	0
50	9	0
69	251	0
287	308	0
3	133	0
227	257	0
141	303	0
129	303	0
130	0	0
97	83	0
150	199	0
301	41	0
289	10	0
197	232	0
310	281	0
277	192	0
91	101	0
182	199	0
226	129	0
277	49	0
262	303	0
45	181	0
48	231	0
253	178	0
58	64	0
115	145	0
78	7	0
244	299	0
188	115	0
110	228	0
239	240	0
276	110	0
159	276	0
101	255	0
195	118	0
128	45	0
238	312	0
111	42	0
239	97	0
43	186	0
10	1	0
91	191	0
195	7	0
158	153	0
114	205	0
295	96	0
280	263	0
190	270	0
48	291	0
52	299	0
143	156	0
181	73	0
238	26	0
104	90	0
195	293	0
52	218	0
237	162	0
274	172	0
294	171	0
80	227	0
8	256	0
214	114	0
180	6	0
56	12	0
223	224	0
259	200	0
85	143	0
303	312	0
89	196	0
223	113	0
28	97	0
85	112	0
303	169	0
145	187	0
308	273	0
98	253	0
99	140	0
165	25	0
131	137	0
312	175	0
64	164	0
27	40	0
122	102	0
142	267	0
207	291	0
197	281	0
235	90	0
37	160	0
22	220	0
173	288	0
212	186	0
26	2	0
192	294	0
177	173	0
36	127	0
79	59	0
173	194	0
254	55	0
55	34	0
183	105	0
234	67	0
72	186	0
22	280	0
266	198	0
200	94	0
309	292	0
183	271	0
263	247	0
128	154	0
77	153	0
115	26	0
7	289	0
9	66	0
275	185	0
161	198	0
219	72	0
147	279	0
17	298	0
9	282	0
137	301	0
253	297	0
136	145	0
209	195	0
89	172	0
266	282	0
33	125	0
275	40	0
313	221	0
167	206	0
261	5	0
190	181	0
104	182	0
271	92	0
132	246	0
80	207	0
119	102	0
251	22	0
89	183	0
62	194	0
228	302	0
307	153	0
62	173	0
288	250	0
142	197	0
71	33	0
137	230	0
166	255	0
202	163	0
94	109	0
55	79	0
245	207	0
47	57	0
306	69	0
179	241	0
112	188	0
279	154	0
249	117	0
231	189	0
107	115	0
198	78	0
74	72	0
97	185	0
279	267	0
173	260	0
211	177	0
302	88	0
144	22	0
229	296	0
277	294	0
25	309	0
102	119	0
2	31	0
44	185	0
51	178	0
281	76	0
68	268	0
35	93	0
277	248	0
79	140	0
304	170	0
68	147	0
159	228	0
253	137	0
22	292	0
15	118	0
129	162	0
239	187	0
171	299	0
120	305	0
243	68	0
232	299	0
295	202	0
299	143	0
82	277	0
67	123	0
72	259	0
111	98	0
39	193	0
205	217	0
280	208	0
265	156	0
67	8	0
308	230	0
110	174	0
241	269	0
295	40	0
100	64	0
120	190	0
265	237	0
194	157	0
57	147	0
137	43	0
191	248	0
104	146	0
251	69	0
15	14	0
294	243	0
298	254	0
160	303	0
85	214	0
159	297	0
293	313	0
294	66	0
217	119	0
166	136	0
132	8	0
189	233	0
118	177	0
284	195	0
142	161	0
246	21	0
249	311	0
17	73	0
145	28	0
246	132	0
212	28	0
140	273	0
293	232	0
179	205	0
74	29	0
198	225	0
83	297	0
84	86	0
178	47	0
230	64	0
127	16	0
116	295	0
26	203	0
46	14	0
47	307	0
79	66	0
207	57	0
154	183	0
16	188	0
73	61	0
257	166	0
153	117	0
82	181	0
45	63	0
139	134	0
269	111	0
254	79	0
186	247	0
206	242	0
31	13	0
183	198	0
117	84	0
78	40	0
64	58	0
49	230	0
68	6	0
34	146	0
152	217	0
81	149	0
290	123	0
275	277	0
221	193	0
209	105	0
211	210	0
161	142	0
110	219	0
276	169	0
295	127	0
30	107	0
171	53	0
67	228	0
308	250	0
91	250	0
5	166	0
33	37	0
270	314	0
313	277	0
308	240	0
138	173	0
101	286	0
91	224	0
210	129	0
252	286	0
199	257	0
274	216	0
38	129	0
294	31	0
80	151	0
62	11	0
119	46	0
14	174	0
270	84	0
199	150	0
39	297	0
189	156	0
303	148	0
17	267	0
203	32	0
264	188	0
240	43	0
95	231	0
98	73	0
189	126	0
249	211	0
178	241	0
108	114	0
112	117	0
40	210	0
293	128	0
193	276	0
258	168	0
61	277	0
245	40	0
211	248	0
3	132	0
151	260	0
279	307	0
177	137	0
235	159	0
291	129	0
22	19	0
150	196	0
201	313	0
16	152	0
224	91	0
150	183	0
46	260	0
174	313	0
177	107	0
125	277	0
239	285	0
149	5	0
150	294	0
262	300	0
138	278	0
211	308	0
150	209	0
58	65	0
72	125	0
77	244	0
152	53	0
138	72	0
195	121	0
110	260	0
238	313	0
78	294	0
280	153	0
137	304	0
30	69	0
181	39	0
235	283	0
171	17	0
191	82	0
194	80	0
289	206	0
218	92	0
219	269	0
238	27	0
114	93	0
43	91	0
191	163	0
292	123	0
90	18	0
80	228	0
298	39	0
9	40	0
29	181	0
214	115	0
289	296	0
113	108	0
204	189	0
125	269	0
146	2	0
184	177	0
38	60	0
169	163	0
27	269	0
264	201	0
254	115	0
47	198	0
284	148	0
216	194	0
14	53	0
217	175	0
18	72	0
296	314	0
4	11	0
28	145	0
122	244	0
160	281	0
240	87	0
95	219	0
98	109	0
151	213	0
63	311	0
84	168	0
13	212	0
80	300	0
222	218	0
273	312	0
112	224	0
168	18	0
187	286	0
245	12	0
173	287	0
49	273	0
212	187	0
50	42	0
144	43	0
73	155	0
2	137	0
117	194	0
140	63	0
35	211	0
92	256	0
193	38	0
281	119	0
103	128	0
197	203	0
163	119	0
201	136	0
220	124	0
45	7	0
210	195	0
92	38	0
220	19	0
276	301	0
266	241	0
300	91	0
304	30	0
152	226	0
172	29	0
120	278	0
48	19	0
120	226	0
148	86	0
115	29	0
243	208	0
6	156	0
138	108	0
125	140	0
162	118	0
209	177	0
158	250	0
161	182	0
43	54	0
194	182	0
30	304	0
124	59	0
218	48	0
242	138	0
170	191	0
190	186	0
191	199	0
45	275	0
218	163	0
271	95	0
274	145	0
294	212	0
5	15	0
100	131	0
160	232	0
53	275	0
240	262	0
223	199	0
265	291	0
148	71	0
160	71	0
269	283	0
41	11	0
19	268	0
99	90	0
118	170	0
65	94	0
28	70	0
85	19	0
293	102	0
188	284	0
151	136	0
302	268	0
50	285	0
75	178	0
293	247	0
245	206	0
222	182	0
259	72	0
23	35	0
207	262	0
136	310	0
13	73	0
236	278	0
47	286	0
306	164	0
70	149	0
165	292	0
25	308	0
26	103	0
177	209	0
35	207	0
73	0	0
7	269	0
245	258	0
181	228	0
110	314	0
291	38	0
220	64	0
45	107	0
125	177	0
201	309	0
210	189	0
266	251	0
139	123	0
267	142	0
234	311	0
200	123	0
96	188	0
7	64	0
101	165	0
70	25	0
128	103	0
129	210	0
259	151	0
10	119	0
11	274	0
195	49	0
181	238	0
280	209	0
301	6	0
158	214	0
208	72	0
91	145	0
42	311	0
296	229	0
84	96	0
190	199	0
104	4	0
285	241	0
109	269	0
56	231	0
147	16	0
241	157	0
191	251	0
226	88	0
75	274	0
42	105	0
170	34	0
100	167	0
104	290	0
122	312	0
161	301	0
274	4	0
133	207	0
155	267	0
28	59	0
303	243	0
17	302	0
143	282	0
223	72	0
218	33	0
298	273	0
65	58	0
157	12	0
236	197	0
61	46	0
118	33	0
249	310	0
273	230	0
222	3	0
297	232	0
245	162	0
118	80	0
13	28	0
141	39	0
307	259	0
3	26	0
83	296	0
9	202	0
283	314	0
306	249	0
173	177	0
3	171	0
34	202	0
212	243	0
88	257	0
141	265	0
36	33	0
202	265	0
311	249	0
277	313	0
295	116	0
55	244	0
277	170	0
79	242	0
82	178	0
282	272	0
121	296	0
16	204	0
257	214	0
277	27	0
150	283	0
281	216	0
75	74	0
119	181	0
182	104	0
21	38	0
149	81	0
44	137	0
135	98	0
11	80	0
230	164	0
286	218	0
34	147	0
188	78	0
280	15	0
153	263	0
53	96	0
286	101	0
256	8	0
22	232	0
42	111	0
67	86	0
252	202	0
91	76	0
76	280	0
313	58	0
24	131	0
134	184	0
48	313	0
137	177	0
20	183	0
42	299	0
43	126	0
30	264	0
33	36	0
52	192	0
110	58	0
147	44	0
172	289	0
119	184	0
234	29	0
180	44	0
199	256	0
19	102	0
203	197	0
204	154	0
132	207	0
298	211	0
246	293	0
137	215	0
284	2	0
177	125	0
38	17	0
132	94	0
260	43	0
193	88	0
194	307	0
269	291	0
307	208	0
71	91	0
99	146	0
187	129	0
264	189	0
175	73	0
51	215	0
179	10	0
145	110	0
273	49	0
274	266	0
41	45	0
190	221	0
264	268	0
198	245	0
273	194	0
202	248	0
296	125	0
37	138	0
113	232	0
140	133	0
253	128	0
37	283	0
151	263	0
121	234	0
231	85	0
2	85	0
113	131	0
106	129	0
126	196	0
36	212	0
39	245	0
182	197	0
220	8	0
186	136	0
120	140	0
233	147	0
286	167	0
253	176	0
1	53	0
310	57	0
10	301	0
213	129	0
215	244	0
115	0	0
243	247	0
280	107	0
210	276	0
11	205	0
30	59	0
91	59	0
219	110	0
111	52	0
145	136	0
300	293	0
67	50	0
312	299	0
114	203	0
247	293	0
53	28	0
134	311	0
137	17	0
104	92	0
195	295	0
124	135	0
143	15	0
271	122	0
213	174	0
313	304	0
216	126	0
194	117	0
178	27	0
180	0	0
199	228	0
198	178	0
260	120	0
136	166	0
85	141	0
143	301	0
203	126	0
132	50	0
80	259	0
193	36	0
198	311	0
101	200	0
297	6	0
149	252	0
8	207	0
152	16	0
121	314	0
75	137	0
151	212	0
84	169	0
107	248	0
179	151	0
17	16	0
276	47	0
131	24	0
155	142	0
231	155	0
197	263	0
70	31	0
17	161	0
121	21	0
255	230	0
292	124	0
258	60	0
117	193	0
267	310	0
73	107	0
168	305	0
304	305	0
106	229	0
291	13	0
58	256	0
221	212	0
224	120	0
225	273	0
103	272	0
182	161	0
115	254	0
82	13	0
63	171	0
253	84	0
309	290	0
77	262	0
152	227	0
172	30	0
10	193	0
30	132	0
267	242	0
256	65	0
148	87	0
115	28	0
134	102	0
158	104	0
34	74	0
111	72	0
276	243	0
81	109	0
101	98	0
138	252	0
176	263	0
90	213	0
74	70	0
57	4	0
209	193	0
67	191	0
110	3	0
241	240	0
43	70	0
195	259	0
19	49	0
57	230	0
62	113	0
245	31	0
104	199	0
199	200	0
156	29	0
85	161	0
217	25	0
90	265	0
203	26	0
222	266	0
8	28	0
27	232	0
212	292	0
85	18	0
237	311	0
302	269	0
175	1	0
292	291	0
293	246	0
117	274	0
249	138	0
179	243	0
114	64	0
93	265	0
40	171	0
222	183	0
308	158	0
237	208	0
306	210	0
144	249	0
57	154	0
207	182	0
173	258	0
46	240	0
2	169	0
140	77	0
306	165	0
163	308	0
2	106	0
3	223	0
207	39	0
31	245	0
126	141	0
55	147	0
171	238	0
106	217	0
144	310	0
254	81	0
36	236	0
183	79	0
59	69	0
206	148	0
44	279	0
22	314	0
206	7	0
45	251	0
299	264	0
128	201	0
1	125	0
55	294	0
44	53	0
232	301	0
310	144	0
7	208	0
135	287	0
195	48	0
252	167	0
181	237	0
54	149	0
20	45	0
204	258	0
138	144	0
176	291	0
289	4	0
53	35	0
309	73	0
109	214	0
313	142	0
86	85	0
208	84	0
63	94	0
30	301	0
124	88	0
147	19	0
133	44	0
107	241	0
123	144	0
180	73	0
251	52	0
113	43	0
298	143	0
194	300	0
213	112	0
182	231	0
220	46	0
189	231	0
159	43	0
85	54	0
303	99	0
21	171	0
142	167	0
131	178	0
169	11	0
71	148	0
164	266	0
189	143	0
245	161	0
136	299	0
250	201	0
14	268	0
217	27	0
296	17	0
219	290	0
83	299	0
122	271	0
255	41	0
150	79	0
234	158	0
231	48	0
235	181	0
164	127	0
25	279	0
248	200	0
240	105	0
150	169	0
281	46	0
173	8	0
234	118	0
187	148	0
82	66	0
210	15	0
229	305	0
304	11	0
200	9	0
78	46	0
25	162	0
120	224	0
176	18	0
307	6	0
239	217	0
269	77	0
99	98	0
44	25	0
7	167	0
176	225	0
219	5	0
238	291	0
205	106	0
152	74	0
138	37	0
232	152	0
91	79	0
185	6	0
24	132	0
236	61	0
214	139	0
0	189	0
43	113	0
214	250	0
10	245	0
143	42	0
128	273	0
57	173	0
241	184	0
132	313	0
80	250	0
9	50	0
119	187	0
29	175	0
214	85	0
30	240	0
53	217	0
184	40	0
264	64	0
119	40	0
247	23	0
86	147	0
288	70	0
85	89	0
303	150	0
17	265	0
199	33	0
146	175	0
4	17	0
172	196	0
307	64	0
71	235	0
274	267	0
166	261	0
237	153	0
151	179	0
178	239	0
89	312	0
98	54	0
131	76	0
24	14	0
245	54	0
301	260	0
298	72	0
235	0	0
73	253	0
74	142	0
188	154	0
26	45	0
46	40	0
267	269	0
35	313	0
130	31	0
225	155	0
261	266	0
59	28	0
158	185	0
173	108	0
253	222	0
35	23	0
239	287	0
149	3	0
101	282	0
72	16	0
310	62	0
314	53	0
48	105	0
67	279	0
105	104	0
313	48	0
128	177	0
6	182	0
229	55	0
200	259	0
111	55	0
148	35	0
43	191	0
245	91	0
63	176	0
10	12	0
192	89	0
256	132	0
313	85	0
243	276	0
228	64	0
33	86	0
218	90	0
5	152	0
32	298	0
33	199	0
218	205	0
271	69	0
167	111	0
218	127	0
133	100	0
66	9	0
15	64	0
309	164	0
228	309	0
265	261	0
29	292	0
306	138	0
282	29	0
199	116	0
19	242	0
203	113	0
95	39	0
80	260	0
212	257	0
213	40	0
307	47	0
199	5	0
169	50	0
2	179	0
122	242	0
269	215	0
142	159	0
168	183	0
292	264	0
293	209	0
4	132	0
226	20	0
136	276	0
250	158	0
127	244	0
297	295	0
64	214	0
249	94	0
302	208	0
140	219	0
178	98	0
197	262	0
70	28	0
255	16	0
37	173	0
26	158	0
245	10	0
174	14	0
70	175	0
277	271	0
117	192	0
173	174	0
121	133	0
177	171	0
2	54	0
311	32	0
224	138	0
154	237	0
301	10	0
31	161	0
133	7	0
153	51	0
1	231	0
257	29	0
276	303	0
24	256	0
22	287	0
120	169	0
304	16	0
68	201	0
286	128	0
234	209	0
72	12	0
116	221	0
256	66	0
129	244	0
239	17	0
53	208	0
135	314	0
105	213	0
161	219	0
125	138	0
0	71	0
128	12	0
147	280	0
276	252	0
209	183	0
228	149	0
289	127	0
110	145	0
295	1	0
124	53	0
275	45	0
298	118	0
285	156	0
87	272	0
19	48	0
312	38	0
80	194	0
190	11	0
18	136	0
56	43	0
38	207	0
41	313	0
132	128	0
29	264	0
86	219	0
108	263	0
15	213	0
143	256	0
75	86	0
189	194	0
193	7	0
85	17	0
213	204	0
51	225	0
75	39	0
8	236	0
28	247	0
213	189	0
38	312	0
259	61	0
27	9	0
155	252	0
250	178	0
141	1	0
17	243	0
103	314	0
37	240	0
279	151	0
121	71	0
84	61	0
69	303	0
306	211	0
273	282	0
97	190	0
60	38	0
188	211	0
192	150	0
47	280	0
140	78	0
306	162	0
73	181	0
164	68	0
2	107	0
3	222	0
25	314	0
153	237	0
207	38	0
211	35	0
31	244	0
1	289	0
2	26	0
225	195	0
153	158	0
82	204	0
245	256	0
282	314	0
68	271	0
194	274	0
234	19	0
126	29	0
55	3	0
224	5	0
79	137	0
210	40	0
49	110	0
305	196	0
183	255	0
115	221	0
7	45	0
11	54	0
177	258	0
196	122	0
54	72	0
77	297	0
6	239	0
10	226	0
286	15	0
207	125	0
283	117	0
280	164	0
82	272	0
157	226	0
138	145	0
181	29	0
309	72	0
114	16	0
242	93	0
152	269	0
67	154	0
146	279	0
312	83	0
76	212	0
242	172	0
190	84	0
45	270	0
236	8	0
100	161	0
303	268	0
38	235	0
294	65	0
28	53	0
303	253	0
109	190	0
189	230	0
193	227	0
71	6	0
74	294	0
61	44	0
47	105	0
264	299	0
98	19	0
127	299	0
84	226	0
250	214	0
71	292	0
131	83	0
279	187	0
87	73	0
250	313	0
70	100	0
73	192	0
173	246	0
311	104	0
59	243	0
49	57	0
305	151	0
125	270	0
16	206	0
58	313	0
21	179	0
187	151	0
304	73	0
116	230	0
79	274	0
135	92	0
215	210	0
181	302	0
54	84	0
291	290	0
239	216	0
280	17	0
262	97	0
229	18	0
290	118	0
219	4	0
243	138	0
101	40	0
11	304	0
110	133	0
50	112	0
312	273	0
176	43	0
209	255	0
66	256	0
161	124	0
289	39	0
218	71	0
309	172	0
256	296	0
143	167	0
48	305	0
104	98	0
270	313	0
110	56	0
294	131	0
132	314	0
133	15	0
299	283	0
161	118	0
86	33	0
228	112	0
218	153	0
271	145	0
203	199	0
242	291	0
66	85	0
0	180	0
123	44	0
86	144	0
39	298	0
213	19	0
240	223	0
38	102	0
166	171	0
170	294	0
264	191	0
193	207	0
32	203	0
37	86	0
240	46	0
41	19	0
40	213	0
222	253	0
278	307	0
65	294	0
84	6	0
302	181	0
88	193	0
12	81	0
60	127	0
23	101	0
84	117	0
302	36	0
287	304	0
145	287	0
292	90	0
231	87	0
129	291	0
221	93	0
207	43	0
150	219	0
26	93	0
103	153	0
16	105	0
220	155	0
257	135	0
254	110	0
21	215	0
149	2	0
277	61	0
238	152	0
263	126	0
301	199	0
196	35	0
129	126	0
148	206	0
96	247	0
176	63	0
256	103	0
149	228	0
81	246	0
134	120	0
262	77	0
210	274	0
105	248	0
286	71	0
204	117	0
20	119	0
148	44	0
6	70	0
253	257	0
0	235	0
256	133	0
111	167	0
242	18	0
43	207	0
241	202	0
134	309	0
119	233	0
308	72	0
271	68	0
76	28	0
170	105	0
227	152	0
120	23	0
15	67	0
56	16	0
132	173	0
247	250	0
85	139	0
1	175	0
133	261	0
216	197	0
89	121	0
169	49	0
32	215	0
51	53	0
112	5	0
41	15	0
98	104	0
61	84	0
231	260	0
253	224	0
41	152	0
60	172	0
23	24	0
212	87	0
178	99	0
116	67	0
198	102	0
255	19	0
22	208	0
61	310	0
248	291	0
101	273	0
141	254	0
304	125	0
268	199	0
245	299	0
173	62	0
305	78	0
287	74	0
182	308	0
257	227	0
224	122	0
223	73	0
103	274	0
305	223	0
183	154	0
314	103	0
12	290	0
215	293	0
253	82	0
0	314	0
77	260	0
314	42	0
30	138	0
196	150	0
149	248	0
289	172	0
135	309	0
266	36	0
28	134	0
314	296	0
299	52	0
15	272	0
147	136	0
313	112	0
242	54	0
190	302	0
288	174	0
262	159	0
87	162	0
90	66	0
309	228	0
167	202	0
133	54	0
81	269	0
32	311	0
285	155	0
143	109	0
271	88	0
184	114	0
42	112	0
8	288	0
86	105	0
184	225	0
32	21	0
89	36	0
75	73	0
212	294	0
32	132	0
89	85	0
146	244	0
240	231	0
24	32	0
123	306	0
160	312	0
112	33	0
94	81	0
245	203	0
118	75	0
239	62	0
14	310	0
127	235	0
3	35	0
23	60	0
282	246	0
82	253	0
40	60	0
59	264	0
46	246	0
140	79	0
73	180	0
164	69	0
224	312	0
211	34	0
106	180	0
197	27	0
2	27	0
130	196	0
88	226	0
82	205	0
291	43	0
258	288	0
281	193	0
229	283	0
103	310	0
35	46	0
163	229	0
96	192	0
115	220	0
7	44	0
48	163	0
11	41	0
313	41	0
33	150	0
309	260	0
291	265	0
152	193	0
120	309	0
232	303	0
106	264	0
159	262	0
6	4	0
77	185	0
152	112	0
209	1	0
195	50	0
161	230	0
195	210	0
181	235	0
313	35	0
276	145	0
48	272	0
232	205	0
290	309	0
147	164	0
26	133	0
294	277	0
265	17	0
57	151	0
275	72	0
114	96	0
171	235	0
308	0	0
237	102	0
207	173	0
204	113	0
227	208	0
14	214	0
18	237	0
184	253	0
204	192	0
225	8	0
216	270	0
307	249	0
23	269	0
189	229	0
47	251	0
213	239	0
296	245	0
61	43	0
189	86	0
28	212	0
13	136	0
3	110	0
164	80	0
38	293	0
222	6	0
61	156	0
279	69	0
84	227	0
14	274	0
127	143	0
131	82	0
211	224	0
306	244	0
235	38	0
168	237	0
22	152	0
13	282	0
121	211	0
197	110	0
201	107	0
93	13	0
130	57	0
59	133	0
248	202	0
102	293	0
305	5	0
70	263	0
36	179	0
168	267	0
281	44	0
16	103	0
107	270	0
163	48	0
1	189	0
126	134	0
68	243	0
106	74	0
253	169	0
205	262	0
300	30	0
219	150	0
81	137	0
7	161	0
105	3	0
275	281	0
148	9	0
24	23	0
208	276	0
280	129	0
228	223	0
232	154	0
215	51	0
91	65	0
186	311	0
295	123	0
171	41	0
134	191	0
63	239	0
66	257	0
229	243	0
285	33	0
124	15	0
218	68	0
91	254	0
219	293	0
256	297	0
313	168	0
131	97	0
100	96	0
124	126	0
52	195	0
237	214	0
56	134	0
309	220	0
238	242	0
5	51	0
298	79	0
137	75	0
247	96	0
86	38	0
204	149	0
132	202	0
62	15	0
264	66	0
66	82	0
303	291	0
274	103	0
166	89	0
247	134	0
51	271	0
99	151	0
236	36	0
113	311	0
169	101	0
99	228	0
47	12	0
292	53	0
112	105	0
293	140	0
60	137	0
226	225	0
192	49	0
249	64	0
288	128	0
197	288	0
40	101	0
211	252	0
32	75	0
37	280	0
216	280	0
103	11	0
13	287	0
130	29	0
305	33	0
126	203	0
59	30	0
5	261	0
148	303	0
230	101	0
234	104	0
72	131	0
111	6	0
150	314	0
44	217	0
266	245	0
72	18	0
1	10	0
210	128	0
263	142	0
195	236	0
68	102	0
196	179	0
181	257	0
314	162	0
6	180	0
299	186	0
7	133	0
30	62	0
74	106	0
206	70	0
148	45	0
6	71	0
137	308	0
105	136	0
214	314	0
242	19	0
171	21	0
228	66	0
285	5	0
161	31	0
219	86	0
123	237	0
143	8	0
19	22	0
312	12	0
132	287	0
190	109	0
184	22	0
251	1	0
109	99	0
292	257	0
260	123	0
86	189	0
89	207	0
274	75	0
113	241	0
84	134	0
133	260	0
193	57	0
284	144	0
32	121	0
145	190	0
4	247	0
310	133	0
155	101	0
249	258	0
71	201	0
94	122	0
246	81	0
231	263	0
268	275	0
107	253	0
127	246	0
273	163	0
37	218	0
259	80	0
297	293	0
245	103	0
302	214	0
235	81	0
112	228	0
40	65	0
22	209	0
46	219	0
49	277	0
140	164	0
287	279	0
3	228	0
46	74	0
197	38	0
272	131	0
135	257	0
222	209	0
130	225	0
102	237	0
103	188	0
159	126	0
197	183	0
272	274	0
206	191	0
79	183	0
281	228	0
68	164	0
72	191	0
35	53	0
310	105	0
276	297	0
45	148	0
305	303	0
234	223	0
219	161	0
239	162	0
149	150	0
281	262	0
263	242	0
196	151	0
125	23	0
186	299	0
77	148	0
205	95	0
243	212	0
14	160	0
280	300	0
77	101	0
314	297	0
209	181	0
29	115	0
30	308	0
33	112	0
208	132	0
164	247	0
241	245	0
313	224	0
137	50	0
123	137	0
285	154	0
52	187	0
180	112	0
199	308	0
8	289	0
227	183	0
137	131	0
251	45	0
237	18	0
38	205	0
260	95	0
298	150	0
265	295	0
160	91	0
89	43	0
108	257	0
38	92	0
4	68	0
42	147	0
298	313	0
27	237	0
212	295	0
85	31	0
213	202	0
95	170	0
28	241	0
302	272	0
175	2	0
32	244	0
198	161	0
165	56	0
136	306	0
249	143	0
212	5	0
231	299	0
13	244	0
14	311	0
131	121	0
278	248	0
46	132	0
69	301	0
236	274	0
74	117	0
112	256	0
59	267	0
70	137	0
224	313	0
9	233	0
268	228	0
306	307	0
35	243	0
272	239	0
1	295	0
55	236	0
93	89	0
154	207	0
194	55	0
49	19	0
206	155	0
244	74	0
120	88	0
190	77	0
159	227	0
72	219	0
182	128	0
11	40	0
177	232	0
96	176	0
238	180	0
10	224	0
124	262	0
149	247	0
299	130	0
105	183	0
158	75	0
72	264	0
147	310	0
228	139	0
288	10	0
67	15	0
87	208	0
110	179	0
114	14	0
208	87	0
52	232	0
80	17	0
6	297	0
9	27	0
29	200	0
124	202	0
132	171	0
66	79	0
123	2	0
270	125	0
274	0	0
38	233	0
227	32	0
113	62	0
85	66	0
32	50	0
146	70	0
94	272	0
131	294	0
180	210	0
84	270	0
216	190	0
71	0	0
189	85	0
88	120	0
164	309	0
306	98	0
115	107	0
37	146	0
8	67	0
207	230	0
64	16	0
301	285	0
144	216	0
255	42	0
112	300	0
22	153	0
282	122	0
287	239	0
144	119	0
73	87	0
255	187	0
311	245	0
248	203	0
102	218	0
106	169	0
69	35	0
272	203	0
169	141	0
79	254	0
83	251	0
49	63	0
287	13	0
144	277	0
206	247	0
91	309	0
257	91	0
238	69	0
205	261	0
116	224	0
44	133	0
34	175	0
291	292	0
148	155	0
276	80	0
11	165	0
31	302	0
135	81	0
256	12	0
239	75	0
295	229	0
134	45	0
157	196	0
256	187	0
276	182	0
171	40	0
299	127	0
191	37	0
67	235	0
143	134	0
191	138	0
237	184	0
1	85	0
76	250	0
242	206	0
80	253	0
171	214	0
299	285	0
29	172	0
289	263	0
237	73	0
204	150	0
228	284	0
123	46	0
180	223	0
309	222	0
38	21	0
227	92	0
18	97	0
189	8	0
27	213	0
307	69	0
112	27	0
94	159	0
61	78	0
13	171	0
282	188	0
88	195	0
107	161	0
144	181	0
108	254	0
37	182	0
259	132	0
173	310	0
306	153	0
127	51	0
151	259	0
192	208	0
140	16	0
235	146	0
272	152	0
55	167	0
2	81	0
22	20	0
150	217	0
102	198	0
12	218	0
196	271	0
16	157	0
310	275	0
296	65	0
40	275	0
162	282	0
254	108	0
55	69	0
24	295	0
101	263	0
228	238	0
1	9	0
310	61	0
148	200	0
229	179	0
244	305	0
10	297	0
263	137	0
30	172	0
77	239	0
43	291	0
134	126	0
101	249	0
229	52	0
195	124	0
286	69	0
219	98	0
185	182	0
205	11	0
43	176	0
261	265	0
90	253	0
162	222	0
312	303	0
24	227	0
299	118	0
228	67	0
143	154	0
312	158	0
241	200	0
81	295	0
194	222	0
53	137	0
298	32	0
156	134	0
86	67	0
282	15	0
109	98	0
241	42	0
114	312	0
260	100	0
133	242	0
246	261	0
266	286	0
203	114	0
80	263	0
212	268	0
64	80	0
308	287	0
75	60	0
23	308	0
99	178	0
118	242	0
20	308	0
47	178	0
166	292	0
117	314	0
136	279	0
155	130	0
249	99	0
236	303	0
164	220	0
3	86	0
278	76	0
173	282	0
302	70	0
231	228	0
201	81	0
221	14	0
207	79	0
174	124	0
177	168	0
13	258	0
224	141	0
154	232	0
190	90	0
197	182	0
311	82	0
44	303	0
82	118	0
173	77	0
304	132	0
253	255	0
1	228	0
183	148	0
116	169	0
82	9	0
300	80	0
253	80	0
200	68	0
58	110	0
256	69	0
310	136	0
152	22	0
135	311	0
176	172	0
195	88	0
87	94	0
215	5	0
91	27	0
147	285	0
313	5	0
295	173	0
43	156	0
18	180	0
158	255	0
309	113	0
62	16	0
228	103	0
29	114	0
67	163	0
33	119	0
52	277	0
53	124	0
282	266	0
59	26	0
223	300	0
100	57	0
180	113	0
57	234	0
80	197	0
190	14	0
247	43	0
19	162	0
113	3	0
144	295	0
223	194	0
102	92	0
65	160	0
303	218	0
146	99	0
222	270	0
132	18	0
251	266	0
189	48	0
246	3	0
28	242	0
71	172	0
273	253	0
240	104	0
94	87	0
41	105	0
279	35	0
234	73	0
229	268	0
60	178	0
297	256	0
194	299	0
13	68	0
127	122	0
74	114	0
292	13	0
99	48	0
97	179	0
259	220	0
278	104	0
141	224	0
291	207	0
150	22	0
207	35	0
106	178	0
268	229	0
36	153	0
59	232	0
225	192	0
281	86	0
154	204	0
139	144	0
35	67	0
21	156	0
25	89	0
102	25	0
139	225	0
68	153	0
159	226	0
96	194	0
314	121	0
139	126	0
68	40	0
0	280	0
219	140	0
149	169	0
11	184	0
105	37	0
54	254	0
129	213	0
78	240	0
229	76	0
232	160	0
195	52	0
33	305	0
111	104	0
186	273	0
295	81	0
208	185	0
6	12	0
232	207	0
161	85	0
181	26	0
185	95	0
152	272	0
190	200	0
266	312	0
124	84	0
289	137	0
56	236	0
312	86	0
241	144	0
184	16	0
185	313	0
132	208	0
62	17	0
15	133	0
65	140	0
43	300	0
216	272	0
288	173	0
178	198	0
4	57	0
65	61	0
32	162	0
51	254	0
222	34	0
95	137	0
98	191	0
205	90	0
118	58	0
155	44	0
47	106	0
297	211	0
107	196	0
269	109	0
74	7	0
130	277	0
23	66	0
279	180	0
231	223	0
69	256	0
107	85	0
272	46	0
258	113	0
287	238	0
70	234	0
2	74	0
17	250	0
225	115	0
291	120	0
220	178	0
277	181	0
79	249	0
103	199	0
197	142	0
224	36	0
181	252	0
212	70	0
12	277	0
305	229	0
78	50	0
176	22	0
105	112	0
196	89	0
114	177	0
54	43	0
182	28	0
77	202	0
78	93	0
43	247	0
185	153	0
24	25	0
299	1	0
214	284	0
162	187	0
276	183	0
261	165	0
67	234	0
105	291	0
111	253	0
313	174	0
100	98	0
53	180	0
238	240	0
132	293	0
190	119	0
66	33	0
123	176	0
160	166	0
252	276	0
271	146	0
19	109	0
203	248	0
114	277	0
119	36	0
288	90	0
90	99	0
165	268	0
113	203	0
294	96	0
203	38	0
312	153	0
170	293	0
52	273	0
71	231	0
273	52	0
292	272	0
113	309	0
4	172	0
117	293	0
189	120	0
155	8	0
179	190	0
108	104	0
221	263	0
222	224	0
26	279	0
84	1	0
169	261	0
212	173	0
309	201	0
93	254	0
151	305	0
188	150	0
103	5	0
291	135	0
93	111	0
242	220	0
117	153	0
154	149	0
183	2	0
130	138	0
45	29	0
102	86	0
177	109	0
305	176	0
35	27	0
36	288	0
24	296	0
305	257	0
290	183	0
254	252	0
57	238	0
30	173	0
181	271	0
310	173	0
81	235	0
53	212	0
101	248	0
304	258	0
125	226	0
147	256	0
148	47	0
43	179	0
261	264	0
157	167	0
76	91	0
114	196	0
214	171	0
181	82	0
194	223	0
195	298	0
204	36	0
62	94	0
9	82	0
137	101	0
282	273	0
214	117	0
199	227	0
274	54	0
204	187	0
246	282	0
224	14	0
8	101	0
193	63	0
288	213	0
217	177	0
145	188	0
308	280	0
240	254	0
31	70	0
170	281	0
303	39	0
160	287	0
75	140	0
60	312	0
117	313	0
279	30	0
136	280	0
175	217	0
93	288	0
130	298	0
222	220	0
311	286	0
192	142	0
141	251	0
126	267	0
303	141	0
97	7	0
25	290	0
117	204	0
210	215	0
248	149	0
16	107	0
93	115	0
221	190	0
154	233	0
42	156	0
183	266	0
174	236	0
305	67	0
116	187	0
291	48	0
300	194	0
230	7	0
60	282	0
234	74	0
163	202	0
1	251	0
21	232	0
210	211	0
11	14	0
139	85	0
253	111	0
290	219	0
219	163	0
1	20	0
115	114	0
152	232	0
58	83	0
30	137	0
233	3	0
106	275	0
128	145	0
58	222	0
169	204	0
280	76	0
299	152	0
138	22	0
158	109	0
252	152	0
256	245	0
20	22	0
43	159	0
300	262	0
138	249	0
67	21	0
15	285	0
313	117	0
43	44	0
191	124	0
157	60	0
33	118	0
161	57	0
143	249	0
238	57	0
99	277	0
261	14	0
134	276	0
172	4	0
104	189	0
123	139	0
195	262	0
124	160	0
180	114	0
308	47	0
185	284	0
294	206	0
242	279	0
80	198	0
104	204	0
251	47	0
161	283	0
18	132	0
166	20	0
167	293	0
260	89	0
136	71	0
193	106	0
58	194	0
15	209	0
199	84	0
165	196	0
193	27	0
284	246	0
213	200	0
188	282	0
226	69	0
47	81	0
165	38	0
98	11	0
88	13	0
130	270	0
64	54	0
306	94	0
211	201	0
84	57	0
231	186	0
148	10	0
258	106	0
60	34	0
117	63	0
16	56	0
272	82	0
164	64	0
202	287	0
277	303	0
79	119	0
46	100	0
196	305	0
35	245	0
291	95	0
130	195	0
277	144	0
154	205	0
96	84	0
102	30	0
230	35	0
106	85	0
129	10	0
277	114	0
56	241	0
139	113	0
267	132	0
196	102	0
125	72	0
200	97	0
309	257	0
129	187	0
280	57	0
232	274	0
196	245	0
125	57	0
128	125	0
238	264	0
295	195	0
299	132	0
169	276	0
10	113	0
125	170	0
261	166	0
313	32	0
24	173	0
228	181	0
100	79	0
228	4	0
214	211	0
43	56	0
56	237	0
110	32	0
6	303	0
137	44	0
15	23	0
294	234	0
308	199	0
133	184	0
136	148	0
137	189	0
86	136	0
109	41	0
155	257	0
193	118	0
14	68	0
75	118	0
169	253	0
98	205	0
28	160	0
288	285	0
236	195	0
146	215	0
274	288	0
113	264	0
57	100	0
226	105	0
269	27	0
37	15	0
203	283	0
155	220	0
84	238	0
302	157	0
250	210	0
2	297	0
258	223	0
26	3	0
61	266	0
46	166	0
231	222	0
13	103	0
93	153	0
40	27	0
168	208	0
164	100	0
97	79	0
202	295	0
134	261	0
174	181	0
16	179	0
73	38	0
224	182	0
277	180	0
286	290	0
116	115	0
230	207	0
200	14	0
92	228	0
21	32	0
25	165	0
262	202	0
267	160	0
149	204	0
81	142	0
312	59	0
105	0	0
158	26	0
276	193	0
295	231	0
78	205	0
100	269	0
228	218	0
67	92	0
244	32	0
76	278	0
24	137	0
158	308	0
161	112	0
208	53	0
156	269	0
29	57	0
241	179	0
242	204	0
86	37	0
252	277	0
107	280	0
53	292	0
113	121	0
86	148	0
14	177	0
217	43	0
8	74	0
38	240	0
210	70	0
307	214	0
109	158	0
293	87	0
99	152	0
283	65	0
179	16	0
307	71	0
71	230	0
169	106	0
61	76	0
8	168	0
222	225	0
151	63	0
245	128	0
192	52	0
268	72	0
70	68	0
73	224	0
311	170	0
23	214	0
192	210	0
204	82	0
3	282	0
117	152	0
102	196	0
174	209	0
257	155	0
130	139	0
244	29	0
172	274	0
300	223	0
230	24	0
106	26	0
239	282	0
96	28	0
102	38	0
304	105	0
267	127	0
72	21	0
183	291	0
186	5	0
105	83	0
233	38	0
128	182	0
299	191	0
101	231	0
263	280	0
179	43	0
31	268	0
128	37	0
275	310	0
239	105	0
295	139	0
208	243	0
209	78	0
10	9	0
243	35	0
162	220	0
0	239	0
309	27	0
20	226	0
295	24	0
191	91	0
194	173	0
67	201	0
158	272	0
53	102	0
312	160	0
275	20	0
313	201	0
100	7	0
32	303	0
33	218	0
53	151	0
56	165	0
185	263	0
288	8	0
128	44	0
193	155	0
89	204	0
307	133	0
117	294	0
223	121	0
172	215	0
194	273	0
296	289	0
155	102	0
213	164	0
160	272	0
17	121	0
71	202	0
292	309	0
240	78	0
98	100	0
279	25	0
84	183	0
88	50	0
108	77	0
40	181	0
4	272	0
231	145	0
88	161	0
164	222	0
40	68	0
97	149	0
61	306	0
49	266	0
212	194	0
305	32	0
3	233	0
121	136	0
69	104	0
16	108	0
35	216	0
36	103	0
93	114	0
311	63	0
150	251	0
245	311	0
12	248	0
126	234	0
281	233	0
120	63	0
1	250	0
183	150	0
48	187	0
267	155	0
204	314	0
200	70	0
129	94	0
58	108	0
101	138	0
91	94	0
195	205	0
233	2	0
106	272	0
290	75	0
256	71	0
81	214	0
219	64	0
185	208	0
21	314	0
24	82	0
241	281	0
115	256	0
152	310	0
247	263	0
56	210	0
242	133	0
134	277	0
124	161	0
157	194	0
185	291	0
76	118	0
204	216	0
167	292	0
118	306	0
264	29	0
283	235	0
251	159	0
180	145	0
27	238	0
14	24	0
273	98	0
169	17	0
122	19	0
250	76	0
32	247	0
51	21	0
287	228	0
273	140	0
112	180	0
168	102	0
222	185	0
279	146	0
301	310	0
198	70	0
97	177	0
278	110	0
282	101	0
46	250	0
140	75	0
46	101	0
139	261	0
268	231	0
16	72	0
36	155	0
2	23	0
225	198	0
83	224	0
233	307	0
107	294	0
35	69	0
254	91	0
182	276	0
55	30	0
35	193	0
224	26	0
44	269	0
281	197	0
45	100	0
200	19	0
149	70	0
187	255	0
116	143	0
210	180	0
34	134	0
253	114	0
291	269	0
115	81	0
153	300	0
10	239	0
286	112	0
200	241	0
96	290	0
149	280	0
208	300	0
203	208	0
7	206	0
157	253	0
252	189	0
0	56	0
309	34	0
256	210	0
295	83	0
280	216	0
209	150	0
63	247	0
191	2	0
229	219	0
67	240	0
161	107	0
143	175	0
309	83	0
104	11	0
30	279	0
90	34	0
238	218	0
223	258	0
5	219	0
299	306	0
137	83	0
230	65	0
86	30	0
53	207	0
274	236	0
242	312	0
133	167	0
63	314	0
180	198	0
109	40	0
19	192	0
113	45	0
204	252	0
132	97	0
281	310	0
118	286	0
193	117	0
247	190	0
216	274	0
269	312	0
145	234	0
75	105	0
118	137	0
113	35	0
122	196	0
269	137	0
142	169	0
113	271	0
4	202	0
50	312	0
164	304	0
40	254	0
222	10	0
98	44	0
61	152	0
64	228	0
282	167	0
212	36	0
112	208	0
169	303	0
23	92	0
249	25	0
254	266	0
310	103	0
23	205	0
230	275	0
268	52	0
16	37	0
235	171	0
221	116	0
83	15	0
12	312	0
225	226	0
102	168	0
139	190	0
12	128	0
234	112	0
281	161	0
48	244	0
139	15	0
159	192	0
68	61	0
257	88	0
186	110	0
115	188	0
44	128	0
10	304	0
266	134	0
30	183	0
68	14	0
34	170	0
128	171	0
280	22	0
153	264	0
105	7	0
34	29	0
299	227	0
87	0	0
90	228	0
276	177	0
280	308	0
161	119	0
180	277	0
53	1	0
313	172	0
242	122	0
9	171	0
63	120	0
32	260	0
195	304	0
237	181	0
241	178	0
167	142	0
71	218	0
137	79	0
156	189	0
180	43	0
237	70	0
274	208	0
132	182	0
119	38	0
146	22	0
19	220	0
222	309	0
39	289	0
4	145	0
85	99	0
189	5	0
288	314	0
296	213	0
95	239	0
226	10	0
178	233	0
94	45	0
131	37	0
282	187	0
302	190	0
250	247	0
13	57	0
164	187	0
259	137	0
192	164	0
69	226	0
54	161	0
127	60	0
255	203	0
292	71	0
130	102	0
258	83	0
22	184	0
64	230	0
121	243	0
144	86	0
281	99	0
102	197	0
268	175	0
163	67	0
6	68	0
224	83	0
25	102	0
35	29	0
44	213	0
49	169	0
68	211	0
253	73	0
200	43	0
1	14	0
310	48	0
183	290	0
21	67	0
314	63	0
116	199	0
10	212	0
105	82	0
125	15	0
129	226	0
17	171	0
152	61	0
209	60	0
101	230	0
266	13	0
105	227	0
33	270	0
181	190	0
245	90	0
91	161	0
110	255	0
24	230	0
171	9	0
209	222	0
63	15	0
232	33	0
158	273	0
308	166	0
313	200	0
170	195	0
171	166	0
137	26	0
306	238	0
218	215	0
271	67	0
133	110	0
227	159	0
288	9	0
38	165	0
260	103	0
298	190	0
100	83	0
119	10	0
217	6	0
143	298	0
133	256	0
47	206	0
23	207	0
260	133	0
27	178	0
249	262	0
258	38	0
289	228	0
240	79	0
293	219	0
222	51	0
169	69	0
98	101	0
27	35	0
268	271	0
16	304	0
17	9	0
222	194	0
93	44	0
207	298	0
279	137	0
13	93	0
114	115	0
273	304	0
188	197	0
61	305	0
279	254	0
74	172	0
2	129	0
50	132	0
225	72	0
207	72	0
46	78	0
12	106	0
287	160	0
311	62	0
97	118	0
308	74	0
173	57	0
68	273	0
36	119	0
234	57	0
254	60	0
224	127	0
187	101	0
116	5	0
153	53	0
173	74	0
106	127	0
310	109	0
21	246	0
25	243	0
79	288	0
262	256	0
166	46	0
138	306	0
196	12	0
234	219	0
115	116	0
101	137	0
68	70	0
125	19	0
257	305	0
158	83	0
256	247	0
205	44	0
134	232	0
173	37	0
57	13	0
53	314	0
68	13	0
157	58	0
271	54	0
128	288	0
147	252	0
134	266	0
184	119	0
57	239	0
76	61	0
42	125	0
80	184	0
85	313	0
14	255	0
161	281	0
237	14	0
38	193	0
19	173	0
167	295	0
133	211	0
264	30	0
89	235	0
14	110	0
90	272	0
94	312	0
260	234	0
118	162	0
28	94	0
32	153	0
251	271	0
198	266	0
56	271	0
75	221	0
151	128	0
99	211	0
164	285	0
37	105	0
94	90	0
297	244	0
117	283	0
154	279	0
118	76	0
231	295	0
269	70	0
17	245	0
258	249	0
41	255	0
60	77	0
151	102	0
136	20	0
46	136	0
126	110	0
50	198	0
126	293	0
164	66	0
311	237	0
299	288	0
12	14	0
13	291	0
287	132	0
126	180	0
36	132	0
168	276	0
82	198	0
245	266	0
12	157	0
159	94	0
197	151	0
277	15	0
48	201	0
72	223	0
182	132	0
183	245	0
262	236	0
297	39	0
21	123	0
149	182	0
153	307	0
105	42	0
286	113	0
96	135	0
77	180	0
152	117	0
209	4	0
297	10	0
161	249	0
72	268	0
110	196	0
209	149	0
53	44	0
147	171	0
191	146	0
109	261	0
271	10	0
309	195	0
312	89	0
6	301	0
265	101	0
214	64	0
308	13	0
210	259	0
42	81	0
80	164	0
85	221	0
86	142	0
204	253	0
80	307	0
133	311	0
1	161	0
65	129	0
85	78	0
236	174	0
131	143	0
75	104	0
94	276	0
189	224	0
118	142	0
65	50	0
32	165	0
217	239	0
145	122	0
74	288	0
240	56	0
293	2	0
297	71	0
310	147	0
175	34	0
88	124	0
51	112	0
98	45	0
279	64	0
250	208	0
306	30	0
74	2	0
40	142	0
296	24	0
61	264	0
279	177	0
282	215	0
121	101	0
140	153	0
292	44	0
21	273	0
201	110	0
221	115	0
154	188	0
174	187	0
36	184	0
310	267	0
281	55	0
120	9	0
182	241	0
183	168	0
96	114	0
44	242	0
281	160	0
102	56	0
230	205	0
233	191	0
65	256	0
148	304	0
243	114	0
79	280	0
286	194	0
125	106	0
72	74	0
1	82	0
239	230	0
124	294	0
162	71	0
200	238	0
185	158	0
58	148	0
137	259	0
11	310	0
30	86	0
161	133	0
162	182	0
205	244	0
43	217	0
299	115	0
138	191	0
87	212	0
105	288	0
87	240	0
91	245	0
170	236	0
195	307	0
214	253	0
57	182	0
99	303	0
261	68	0
282	3	0
53	290	0
167	286	0
80	128	0
298	219	0
81	135	0
119	33	0
156	45	0
288	93	0
271	268	0
19	223	0
113	200	0
26	198	0
223	7	0
99	13	0
136	1	0
216	239	0
59	312	0
240	213	0
118	234	0
84	302	0
269	172	0
71	224	0
273	41	0
30	300	0
293	38	0
169	104	0
249	218	0
122	72	0
273	186	0
37	33	0
222	231	0
151	57	0
70	43	0
255	101	0
117	68	0
130	40	0
107	50	0
235	249	0
37	259	0
188	145	0
143	50	0
154	97	0
177	128	0
140	12	0
268	217	0
16	2	0
59	164	0
206	309	0
173	212	0
275	106	0
197	222	0
277	214	0
244	31	0
45	26	0
103	228	0
182	221	0
220	0	0
186	144	0
116	81	0
135	41	0
196	41	0
96	141	0
25	135	0
274	245	0
148	187	0
115	8	0
78	188	0
134	114	0
105	226	0
215	125	0
54	165	0
43	180	0
229	129	0
90	249	0
91	160	0
309	25	0
243	285	0
261	134	0
134	156	0
124	40	0
87	148	0
90	104	0
218	37	0
15	83	0
170	192	0
43	82	0
42	50	0
134	303	0
191	170	0
194	218	0
214	25	0
53	149	0
237	152	0
274	162	0
57	210	0
242	238	0
190	22	0
247	67	0
14	224	0
109	94	0
223	234	0
284	126	0
15	254	0
203	118	0
264	242	0
51	138	0
240	241	0
23	304	0
303	32	0
160	274	0
179	110	0
1	129	0
273	21	0
293	218	0
297	159	0
245	241	0
118	97	0
250	153	0
268	264	0
202	4	0
40	183	0
222	195	0
4	274	0
278	209	0
279	136	0
277	52	0
116	76	0
40	70	0
248	297	0
46	220	0
47	269	0
175	312	0
107	30	0
163	256	0
74	173	0
221	10	0
139	283	0
12	107	0
69	86	0
206	47	0
168	313	0
225	184	0
281	126	0
262	269	0
248	7	0
224	112	0
125	304	0
162	314	0
182	185	0
8	55	0
25	242	0
216	213	0
82	5	0
48	189	0
304	23	0
233	119	0
286	139	0
54	103	0
195	207	0
196	156	0
34	211	0
24	37	0
280	79	0
286	232	0
183	261	0
252	155	0
43	144	0
299	42	0
15	286	0
228	99	0
194	143	0
252	121	0
57	125	0
39	53	0
9	226	0
137	53	0
191	206	0
194	62	0
87	297	0
218	168	0
147	108	0
239	247	0
293	267	0
156	21	0
29	257	0
15	210	0
132	30	0
264	238	0
47	237	0
85	26	0
94	200	0
61	1	0
47	82	0
51	23	0
17	91	0
145	46	0
94	91	0
41	109	0
51	79	0
175	254	0
306	123	0
207	265	0
306	202	0
144	241	0
17	133	0
164	252	0
142	25	0
46	248	0
47	289	0
88	302	0
235	193	0
93	35	0
287	135	0
221	159	0
153	103	0
82	199	0
102	130	0
106	193	0
287	20	0
198	24	0
25	93	0
79	150	0
45	98	0
304	164	0
103	300	0
91	300	0
186	72	0
22	306	0
44	158	0
304	51	0
310	249	0
153	306	0
262	124	0
176	253	0
105	41	0
286	118	0
162	32	0
54	242	0
77	179	0
208	302	0
262	15	0
67	101	0
158	76	0
110	197	0
191	11	0
114	184	0
276	159	0
243	292	0
209	148	0
164	194	0
185	99	0
209	293	0
20	275	0
33	23	0
53	92	0
56	240	0
171	225	0
137	81	0
19	85	0
38	147	0
136	151	0
303	277	0
14	216	0
109	38	0
146	48	0
211	169	0
133	310	0
264	59	0
32	55	0
160	124	0
145	232	0
18	118	0
260	207	0
27	204	0
84	267	0
146	210	0
308	191	0
8	143	0
104	114	0
108	0	0
164	306	0
279	67	0
175	146	0
178	82	0
71	285	0
97	18	0
279	176	0
46	165	0
201	102	0
107	73	0
70	95	0
255	209	0
22	146	0
188	142	0
230	273	0
177	155	0
35	261	0
73	90	0
255	166	0
117	129	0
64	307	0
80	11	0
305	63	0
268	133	0
272	192	0
310	264	0
221	227	0
224	73	0
277	177	0
45	53	0
304	241	0
234	126	0
258	286	0
211	290	0
267	84	0
182	97	0
314	25	0
238	171	0
120	232	0
266	132	0
301	30	0
10	129	0
157	302	0
105	5	0
239	86	0
205	98	0
91	71	0
208	153	0
138	188	0
33	66	0
36	221	0
180	279	0
227	221	0
209	257	0
104	105	0
214	242	0
218	241	0
147	55	0
20	303	0
242	203	0
6	270	0
272	257	0
278	279	0
104	248	0
214	109	0
180	53	0
241	1	0
223	241	0
264	72	0
228	281	0
247	239	0
108	311	0
42	197	0
284	138	0
303	158	0
86	282	0
217	89	0
18	90	0
166	162	0
8	220	0
51	222	0
179	21	0
145	101	0
240	37	0
4	168	0
61	73	0
216	14	0
17	35	0
273	185	0
94	19	0
26	275	0
279	103	0
84	13	0
70	40	0
164	165	0
202	112	0
22	207	0
207	193	0
84	124	0
268	75	0
13	308	0
12	280	0
311	167	0
22	190	0
50	143	0
17	280	0
48	146	0
206	314	0
64	287	0
83	45	0
102	251	0
268	169	0
182	291	0
183	30	0
187	91	0
172	269	0
300	218	0
177	97	0
253	214	0
206	212	0
138	284	0
49	175	0
233	154	0
120	260	0
30	145	0
54	11	0
67	312	0
263	277	0
105	225	0
31	265	0
0	115	0
32	187	0
148	43	0
158	132	0
181	45	0
208	133	0
261	133	0
104	54	0
105	259	0
161	17	0
53	99	0
313	206	0
167	223	0
137	24	0
104	69	0
32	290	0
312	18	0
89	160	0
199	223	0
271	242	0
119	4	0
247	243	0
94	114	0
86	183	0
90	314	0
260	240	0
136	62	0
264	243	0
216	204	0
189	39	0
108	57	0
296	170	0
95	205	0
98	99	0
279	26	0
27	37	0
250	166	0
141	21	0
64	137	0
202	5	0
40	184	0
94	15	0
296	66	0
188	80	0
226	159	0
192	19	0
65	283	0
231	146	0
178	26	0
292	22	0
311	282	0
3	93	0
50	32	0
268	111	0
163	259	0
23	247	0
117	200	0
46	76	0
291	167	0
311	56	0
244	205	0
225	154	0
53	27	0
287	51	0
277	233	0
44	292	0
161	141	0
106	125	0
159	245	0
254	141	0
314	110	0
187	212	0
101	294	0
253	107	0
200	73	0
54	100	0
96	170	0
176	210	0
196	157	0
159	299	0
96	281	0
11	224	0
181	144	0
250	288	0
204	279	0
178	5	0
90	218	0
181	1	0
209	312	0
63	45	0
247	256	0
266	257	0
164	240	0
309	237	0
275	53	0
39	52	0
99	281	0
171	132	0
180	126	0
237	123	0
76	63	0
136	252	0
89	188	0
270	107	0
2	208	0
85	168	0
216	313	0
288	134	0
217	96	0
38	86	0
65	84	0
240	30	0
296	256	0
4	209	0
61	0	0
178	220	0
179	77	0
37	23	0
131	238	0
259	37	0
118	66	0
231	289	0
112	183	0
258	247	0
212	114	0
231	182	0
69	279	0
144	242	0
74	127	0
168	248	0
97	182	0
60	62	0
188	235	0
194	219	0
302	103	0
195	171	0
268	19	0
16	60	0
291	242	0
57	174	0
83	116	0
139	262	0
294	150	0
73	14	0
310	301	0
130	223	0
168	278	0
225	219	0
177	88	0
197	149	0
126	5	0
163	29	0
186	230	0
203	242	0
139	228	0
72	193	0
137	70	0
115	165	0
200	101	0
54	64	0
21	121	0
238	181	0
10	234	0
48	41	0
11	191	0
195	170	0
275	258	0
295	255	0
82	264	0
177	2	0
0	59	0
299	9	0
232	52	0
285	86	0
248	104	0
90	190	0
57	47	0
111	228	0
39	75	0
228	0	0
218	26	0
146	271	0
190	92	0
75	268	0
204	104	0
5	105	0
49	53	0
303	276	0
160	14	0
38	227	0
223	45	0
227	38	0
28	13	0
274	79	0
217	124	0
248	105	0
102	68	0
109	19	0
284	214	0
251	301	0
267	17	0
202	241	0
269	23	0
127	295	0
131	202	0
98	43	0
282	162	0
175	157	0
141	93	0
127	180	0
2	293	0
117	110	0
13	99	0
73	200	0
282	48	0
3	149	0
225	5	0
188	143	0
211	297	0
121	212	0
85	90	0
291	238	0
153	209	0
207	2	0
172	47	0
178	260	0
126	214	0
24	287	0
277	176	0
150	166	0
172	298	0
301	74	0
139	179	0
144	267	0
25	56	0
304	65	0
12	274	0
129	106	0
243	116	0
44	131	0
135	84	0
67	290	0
230	189	0
276	94	0
243	229	0
198	257	0
78	209	0
280	136	0
252	220	0
72	298	0
99	185	0
158	312	0
53	14	0
91	247	0
294	296	0
314	232	0
71	232	0
9	168	0
156	265	0
195	309	0
33	50	0
90	5	0
147	54	0
275	109	0
170	125	0
75	237	0
190	120	0
274	207	0
203	255	0
223	240	0
136	180	0
160	42	0
271	270	0
166	80	0
294	101	0
62	129	0
311	250	0
213	27	0
17	256	0
109	154	0
75	22	0
189	2	0
303	14	0
217	201	0
202	159	0
240	38	0
94	129	0
169	110	0
154	305	0
226	9	0
264	310	0
7	241	0
178	228	0
179	133	0
142	301	0
41	164	0
84	14	0
243	179	0
71	256	0
2	265	0
23	125	0
64	114	0
248	271	0
211	133	0
84	125	0
268	68	0
126	272	0
272	15	0
221	36	0
97	254	0
278	21	0
144	73	0
272	158	0
220	252	0
93	106	0
221	85	0
314	214	0
244	234	0
281	96	0
248	237	0
174	213	0
293	170	0
16	147	0
277	212	0
230	28	0
286	258	0
125	298	0
72	138	0
112	160	0
24	301	0
116	83	0
185	238	0
230	239	0
72	25	0
253	55	0
200	189	0
69	307	0
15	280	0
105	224	0
34	60	0
91	53	0
205	5	0
176	277	0
209	211	0
104	55	0
109	314	0
313	205	0
80	64	0
194	216	0
271	76	0
274	160	0
5	16	0
134	143	0
191	293	0
86	69	0
52	93	0
76	107	0
118	298	0
303	204	0
51	287	0
108	276	0
132	36	0
8	106	0
303	189	0
51	140	0
240	243	0
296	293	0
218	52	0
99	184	0
246	57	0
108	58	0
309	155	0
112	61	0
94	125	0
169	74	0
279	21	0
141	20	0
94	12	0
23	16	0
155	152	0
249	101	0
212	95	0
231	141	0
69	306	0
207	74	0
207	164	0
245	17	0
282	13	0
212	206	0
50	33	0
107	16	0
164	41	0
93	221	0
154	67	0
248	154	0
103	36	0
268	255	0
287	173	0
126	159	0
73	17	0
93	78	0
224	131	0
153	137	0
275	113	0
234	36	0
16	255	0
235	261	0
46	303	0
44	180	0
210	204	0
309	93	0
305	288	0
253	106	0
301	39	0
152	237	0
262	150	0
215	146	0
243	221	0
299	159	0
7	230	0
298	135	0
252	149	0
34	64	0
72	275	0
91	17	0
114	146	0
295	171	0
242	314	0
209	174	0
63	223	0
229	163	0
176	305	0
289	118	0
312	209	0
241	285	0
167	109	0
136	147	0
196	164	0
67	169	0
33	9	0
289	231	0
146	296	0
313	233	0
133	62	0
285	147	0
180	127	0
199	301	0
80	187	0
14	194	0
180	238	0
53	280	0
133	208	0
198	47	0
85	183	0
182	224	0
203	20	0
166	152	0
132	24	0
118	161	0
65	43	0
89	93	0
35	230	0
43	240	0
8	149	0
92	67	0
164	280	0
112	89	0
61	112	0
249	144	0
268	302	0
179	253	0
108	173	0
273	128	0
37	231	0
4	119	0
131	126	0
23	52	0
151	99	0
283	299	0
212	115	0
13	126	0
93	176	0
60	63	0
279	287	0
211	189	0
14	71	0
300	112	0
144	2	0
272	87	0
74	207	0
224	304	0
277	298	0
225	105	0
26	106	0
73	13	0
220	164	0
245	279	0
287	22	0
182	232	0
257	199	0
186	231	0
59	95	0
277	12	0
79	144	0
263	41	0
102	19	0
103	302	0
253	157	0
148	287	0
277	125	0
262	227	0
210	176	0
176	96	0
219	130	0
182	10	0
55	312	0
239	207	0
314	242	0
171	295	0
232	279	0
105	47	0
257	274	0
96	294	0
134	56	0
252	185	0
162	145	0
114	182	0
239	303	0
243	294	0
209	138	0
228	178	0
110	186	0
20	166	0
42	314	0
170	247	0
228	1	0
194	145	0
289	131	0
53	90	0
5	199	0
261	109	0
232	314	0
104	158	0
53	203	0
271	132	0
274	232	0
227	216	0
156	196	0
18	229	0
184	133	0
293	301	0
264	61	0
283	203	0
247	186	0
194	290	0
251	191	0
14	73	0
236	169	0
199	55	0
165	227	0
190	298	0
288	274	0
236	56	0
95	247	0
302	311	0
127	294	0
40	226	0
95	260	0
61	148	0
245	183	0
140	261	0
178	80	0
107	186	0
74	1	0
222	153	0
117	109	0
83	309	0
122	277	0
22	144	0
279	291	0
12	94	0
164	97	0
25	285	0
153	208	0
154	187	0
305	61	0
287	101	0
35	148	0
36	266	0
187	174	0
259	68	0
229	295	0
286	182	0
290	173	0
182	103	0
262	207	0
263	162	0
290	28	0
314	150	0
229	25	0
0	105	0
219	31	0
275	289	0
243	149	0
299	231	0
228	199	0
229	106	0
309	2	0
20	203	0
0	206	0
124	7	0
164	207	0
91	246	0
242	118	0
43	107	0
171	190	0
190	238	0
156	266	0
194	245	0
289	175	0
147	57	0
241	182	0
242	201	0
6	268	0
247	120	0
289	280	0
241	7	0
80	131	0
141	206	0
86	169	0
90	292	0
288	207	0
217	95	0
158	303	0
166	160	0
260	173	0
189	1	0
283	68	0
250	17	0
303	9	0
216	97	0
269	169	0
145	91	0
274	257	0
151	197	0
8	173	0
27	91	0
28	304	0
175	195	0
88	91	0
198	224	0
127	218	0
110	8	0
293	180	0
41	171	0
23	15	0
178	116	0
202	219	0
17	178	0
37	191	0
40	109	0
3	99	0
207	195	0
207	22	0
84	126	0
122	297	0
175	289	0
69	238	0
144	59	0
254	298	0
168	177	0
22	188	0
202	306	0
268	212	0
16	5	0
70	200	0
224	198	0
55	188	0
79	42	0
281	103	0
212	151	0
305	89	0
197	219	0
272	302	0
257	158	0
153	93	0
153	36	0
46	272	0
31	68	0
119	161	0
36	302	0
15	63	0
44	209	0
120	151	0
68	223	0
254	230	0
129	117	0
78	16	0
25	132	0
262	171	0
101	145	0
263	134	0
105	86	0
215	137	0
200	190	0
219	202	0
256	112	0
310	167	0
7	253	0
174	217	0
201	250	0
34	61	0
128	58	0
20	120	0
21	289	0
42	292	0
300	280	0
161	166	0
0	228	0
309	102	0
39	189	0
115	299	0
43	198	0
171	13	0
223	305	0
208	22	0
134	290	0
137	30	0
52	175	0
15	37	0
9	84	0
89	166	0
252	310	0
56	25	0
294	55	0
260	99	0
118	299	0
246	284	0
51	286	0
108	277	0
4	104	0
5	305	0
133	268	0
27	281	0
284	232	0
14	1	0
296	294	0
51	60	0
269	205	0
255	292	0
240	67	0
169	73	0
107	245	0
293	168	0
41	135	0
226	157	0
235	73	0
273	308	0
211	160	0
206	217	0
201	90	0
311	133	0
98	306	0
117	214	0
248	155	0
140	51	0
220	193	0
277	134	0
12	245	0
197	191	0
126	239	0
55	49	0
240	164	0
25	70	0
230	57	0
305	214	0
217	174	0
148	260	0
22	277	0
263	85	0
11	4	0
304	10	0
72	54	0
200	75	0
128	248	0
152	238	0
68	66	0
290	68	0
128	151	0
256	92	0
257	309	0
77	140	0
43	260	0
81	201	0
125	128	0
72	276	0
111	93	0
276	134	0
6	27	0
286	223	0
228	159	0
181	15	0
238	80	0
115	263	0
228	110	0
247	258	0
143	85	0
250	46	0
280	47	0
128	292	0
57	130	0
275	55	0
104	163	0
52	131	0
143	116	0
41	38	0
274	133	0
294	192	0
80	188	0
247	32	0
104	306	0
86	102	0
57	280	0
38	197	0
204	213	0
167	291	0
62	207	0
14	114	0
15	223	0
199	82	0
132	25	0
41	186	0
251	259	0
307	21	0
71	20	0
273	101	0
196	232	0
269	241	0
165	32	0
296	145	0
95	291	0
297	248	0
84	208	0
212	13	0
152	105	0
268	303	0
306	118	0
258	245	0
222	162	0
259	180	0
16	313	0
250	299	0
178	60	0
114	28	0
211	188	0
231	1	0
16	62	0
202	28	0
134	34	0
130	299	0
12	10	0
69	55	0
306	299	0
2	16	0
102	129	0
177	94	0
257	198	0
244	82	0
216	191	0
159	235	0
290	134	0
254	175	0
92	30	0
148	280	0
96	217	0
314	0	0
120	207	0
263	185	0
233	80	0
309	267	0
1	74	0
310	252	0
152	202	0
171	294	0
209	153	0
101	169	0
290	104	0
239	63	0
96	295	0
280	174	0
299	250	0
0	61	0
114	183	0
280	221	0
209	137	0
67	247	0
312	238	0
185	96	0
0	220	0
67	132	0
109	257	0
204	27	0
260	261	0
133	17	0
199	272	0
203	213	0
76	93	0
298	227	0
259	195	0
247	4	0
14	223	0
161	313	0
180	195	0
184	134	0
293	300	0
294	127	0
133	307	0
136	105	0
193	72	0
156	116	0
245	159	0
217	66	0
236	170	0
148	284	0
189	252	0
27	193	0
193	249	0
85	59	0
213	246	0
165	115	0
113	258	0
57	107	0
61	34	0
145	128	0
227	262	0
51	116	0
198	133	0
127	289	0
37	9	0
94	58	0
60	254	0
15	193	0
64	249	0
307	271	0
71	286	0
164	140	0
112	213	0
60	109	0
245	39	0
100	15	0
175	268	0
144	208	0
272	37	0
2	210	0
192	204	0
211	88	0
231	37	0
70	237	0
224	221	0
312	114	0
248	211	0
299	313	0
103	111	0
196	275	0
173	138	0
310	271	0
221	224	0
187	48	0
18	262	0
83	131	0
49	55	0
234	125	0
210	2	0
102	60	0
234	140	0
59	200	0
129	104	0
186	107	0
172	74	0
219	225	0
92	145	0
310	216	0
86	36	0
295	268	0
81	128	0
238	190	0
125	215	0
91	43	0
111	36	0
24	96	0
137	263	0
67	66	0
158	175	0
91	88	0
309	1	0
312	283	0
274	210	0
171	32	0
33	71	0
256	290	0
241	292	0
171	177	0
104	108	0
103	222	0
76	242	0
167	133	0
100	248	0
137	114	0
156	186	0
86	63	0
33	161	0
167	282	0
18	242	0
303	298	0
142	108	0
270	33	0
218	286	0
19	227	0
113	204	0
259	304	0
223	3	0
8	112	0
227	68	0
213	25	0
86	281	0
199	26	0
166	161	0
189	0	0
283	71	0
123	260	0
179	22	0
133	195	0
293	34	0
169	108	0
151	196	0
142	313	0
151	53	0
249	79	0
212	69	0
71	258	0
74	34	0
97	131	0
211	135	0
175	288	0
73	234	0
176	127	0
151	283	0
154	109	0
248	128	0
268	213	0
144	75	0
206	313	0
173	208	0
35	179	0
36	216	0
109	60	0
223	76	0
125	296	0
162	274	0
68	200	0
186	156	0
149	8	0
262	281	0
196	21	0
234	224	0
0	296	0
149	121	0
11	104	0
286	34	0
129	229	0
239	6	0
280	119	0
138	125	0
256	224	0
314	282	0
299	194	0
176	279	0
214	307	0
15	262	0
309	101	0
267	223	0
299	83	0
232	14	0
308	163	0
238	36	0
275	26	0
114	78	0
190	139	0
265	80	0
194	214	0
56	171	0
32	227	0
132	256	0
170	95	0
227	130	0
119	144	0
247	95	0
42	21	0
227	19	0
246	285	0
232	278	0
19	255	0
38	41	0
27	280	0
28	119	0
85	2	0
51	142	0
89	71	0
222	58	0
293	117	0
95	185	0
8	251	0
28	230	0
303	44	0
51	63	0
17	115	0
145	70	0
255	295	0
165	11	0
20	71	0
198	205	0
23	18	0
205	125	0
282	152	0
13	88	0
144	137	0
236	295	0
164	196	0
3	94	0
279	245	0
74	169	0
37	291	0
69	82	0
93	76	0
245	305	0
31	170	0
220	113	0
224	116	0
277	246	0
244	127	0
300	185	0
103	260	0
163	243	0
257	106	0
314	109	0
22	298	0
82	1	0
230	137	0
267	145	0
159	135	0
0	308	0
291	279	0
58	118	0
229	189	0
172	18	0
120	291	0
285	301	0
215	172	0
57	310	0
295	212	0
134	82	0
82	291	0
34	94	0
235	74	0
54	133	0
121	89	0
198	82	0
43	148	0
66	303	0
138	224	0
157	132	0
15	282	0
242	44	0
228	111	0
29	74	0
252	117	0
128	293	0
231	251	0
167	252	0
5	225	0
298	125	0
194	58	0
124	191	0
87	293	0
298	12	0
282	9	0
274	21	0
86	214	0
2	191	0
244	77	0
217	150	0
62	302	0
28	202	0
104	234	0
202	213	0
296	146	0
95	290	0
297	255	0
27	2	0
179	255	0
307	306	0
131	96	0
53	91	0
104	83	0
121	76	0
140	242	0
141	135	0
208	7	0
2	207	0
22	138	0
93	52	0
192	225	0
133	119	0
140	65	0
268	14	0
164	79	0
202	262	0
225	111	0
153	250	0
117	169	0
192	272	0
211	44	0
16	78	0
272	216	0
28	130	0
292	212	0
173	24	0
102	134	0
49	10	0
106	205	0
254	93	0
92	104	0
35	192	0
258	310	0
97	262	0
45	94	0
305	241	0
133	126	0
183	240	0
147	100	0
178	274	0
137	123	0
129	188	0
148	136	0
280	0	0
195	175	0
256	57	0
257	272	0
78	248	0
162	175	0
110	201	0
114	180	0
77	0	0
288	267	0
187	32	0
9	288	0
80	166	0
54	272	0
147	174	0
111	225	0
257	132	0
228	3	0
265	31	0
309	206	0
312	94	0
251	83	0
124	195	0
133	161	0
227	218	0
119	88	0
66	68	0
135	159	0
52	23	0
294	124	0
28	8	0
194	288	0
303	134	0
160	112	0
307	195	0
146	191	0
38	113	0
183	84	0
183	222	0
210	57	0
288	276	0
236	58	0
74	301	0
155	36	0
249	193	0
139	255	0
198	250	0
71	136	0
203	272	0
279	95	0
175	158	0
108	147	0
2	288	0
311	302	0
222	159	0
61	259	0
279	204	0
301	276	0
73	205	0
145	296	0
59	302	0
22	150	0
188	138	0
192	205	0
268	50	0
235	161	0
36	86	0
93	3	0
224	222	0
225	139	0
301	54	0
139	295	0
12	47	0
194	286	0
73	47	0
55	203	0
183	54	0
174	303	0
177	121	0
234	122	0
35	103	0
301	161	0
220	57	0
186	249	0
97	290	0
25	61	0
82	54	0
45	66	0
230	198	0
34	309	0
200	53	0
92	227	0
243	121	0
44	126	0
262	205	0
210	146	0
108	180	0
125	101	0
291	303	0
310	217	0
171	261	0
30	200	0
200	275	0
128	80	0
244	306	0
63	128	0
261	173	0
134	181	0
228	80	0
48	310	0
219	145	0
76	156	0
167	55	0
81	306	0
100	106	0
194	243	0
33	55	0
312	122	0
294	190	0
29	163	0
50	282	0
109	117	0
80	133	0
156	42	0
288	82	0
217	44	0
259	307	0
132	67	0
80	276	0
189	174	0
264	219	0
17	261	0
193	196	0
160	267	0
217	206	0
94	132	0
61	69	0
89	260	0
198	230	0
273	189	0
222	232	0
259	126	0
155	177	0
84	9	0
302	192	0
148	2	0
141	126	0
202	124	0
40	111	0
187	256	0
169	269	0
282	52	0
175	291	0
145	276	0
2	183	0
248	294	0
287	202	0
70	206	0
173	207	0
174	216	0
268	165	0
55	47	0
224	105	0
277	209	0
83	158	0
46	278	0
305	168	0
159	29	0
35	3	0
314	86	0
187	204	0
44	211	0
263	115	0
215	282	0
182	65	0
148	209	0
314	57	0
44	98	0
281	304	0
10	222	0
266	164	0
196	165	0
257	303	0
149	233	0
243	194	0
209	54	0
101	224	0
110	278	0
314	283	0
209	71	0
158	136	0
290	256	0
110	129	0
227	297	0
152	289	0
63	53	0
194	164	0
312	167	0
134	288	0
15	39	0
132	257	0
80	210	0
14	229	0
26	245	0
313	132	0
65	211	0
199	104	0
184	191	0
163	273	0
212	277	0
85	1	0
213	60	0
86	314	0
145	180	0
188	270	0
118	203	0
303	47	0
247	298	0
226	40	0
84	190	0
112	143	0
207	120	0
4	287	0
226	155	0
64	34	0
84	45	0
250	277	0
141	98	0
144	138	0
273	298	0
112	286	0
40	75	0
207	161	0
121	32	0
50	220	0
74	214	0
311	135	0
277	275	0
139	286	0
267	293	0
50	175	0
70	298	0
221	182	0
248	12	0
102	155	0
103	182	0
235	262	0
163	101	0
59	52	0
210	56	0
82	43	0
301	143	0
294	140	0
162	311	0
126	124	0
129	38	0
116	178	0
267	144	0
290	211	0
54	120	0
78	114	0
280	37	0
105	48	0
159	279	0
162	25	0
82	288	0
138	30	0
6	255	0
12	201	0
91	18	0
205	38	0
309	120	0
20	141	0
9	148	0
214	207	0
36	199	0
90	73	0
312	67	0
313	238	0
5	224	0
133	59	0
312	50	0
242	271	0
121	310	0
218	293	0
225	282	0
179	258	0
199	191	0
240	308	0
41	293	0
265	301	0
109	206	0
113	139	0
42	153	0
298	303	0
118	164	0
65	40	0
116	18	0
146	235	0
8	152	0
27	148	0
240	233	0
302	137	0
250	198	0
306	116	0
17	239	0
202	37	0
130	262	0
131	99	0
60	75	0
188	112	0
211	209	0
84	65	0
93	141	0
54	85	0
207	133	0
8	56	0
230	195	0
69	164	0
233	189	0
81	2	0
168	139	0
248	185	0
211	47	0
36	130	0
130	219	0
197	145	0
25	32	0
106	93	0
92	24	0
129	2	0
304	250	0
277	122	0
206	16	0
44	155	0
169	86	0
196	110	0
92	143	0
262	113	0
124	280	0
196	253	0
200	248	0
256	58	0
275	262	0
239	57	0
54	75	0
252	180	0
215	32	0
256	169	0
92	271	0
265	141	0
208	65	0
209	280	0
156	289	0
29	45	0
232	71	0
309	205	0
275	85	0
223	267	0
170	133	0
298	94	0
9	1	0
191	233	0
104	129	0
124	220	0
270	216	0
53	200	0
19	88	0
241	24	0
62	30	0
85	231	0
14	221	0
271	310	0
113	38	0
80	297	0
189	137	0
227	42	0
303	129	0
216	281	0
307	194	0
203	53	0
131	272	0
149	243	0
122	207	0
213	244	0
129	209	0
27	112	0
84	135	0
302	314	0
179	173	0
145	13	0
155	212	0
193	281	0
297	253	0
13	14	0
141	89	0
269	100	0
198	10	0
127	176	0
207	232	0
121	111	0
107	76	0
292	42	0
22	151	0
26	218	0
192	206	0
88	271	0
70	227	0
224	223	0
244	146	0
117	140	0
64	264	0
74	171	0
174	189	0
12	40	0
305	50	0
130	191	0
224	78	0
83	133	0
102	163	0
230	116	0
162	268	0
126	37	0
59	124	0
281	170	0
301	215	0
72	225	0
129	110	0
115	133	0
244	295	0
68	117	0
1	84	0
55	281	0
81	134	0
3	114	0
0	108	0
128	81	0
295	159	0
5	292	0
157	218	0
214	277	0
261	172	0
279	193	0
138	185	0
114	246	0
57	79	0
241	218	0
119	281	0
194	240	0
270	261	0
261	139	0
133	115	0
63	51	0
52	69	0
56	0	0
274	203	0
119	63	0
156	43	0
85	251	0
15	224	0
26	199	0
259	306	0
223	13	0
62	133	0
156	90	0
194	261	0
288	194	0
211	65	0
4	6	0
260	168	0
99	128	0
193	219	0
288	305	0
217	205	0
236	31	0
261	49	0
95	212	0
117	300	0
17	38	0
40	193	0
61	181	0
84	10	0
302	193	0
140	292	0
169	268	0
283	276	0
302	48	0
306	143	0
145	267	0
311	162	0
22	179	0
188	175	0
73	75	0
19	122	0
174	110	0
197	55	0
267	258	0
79	55	0
304	259	0
31	176	0
197	36	0
197	216	0
59	43	0
79	164	0
45	20	0
106	2	0
254	154	0
36	297	0
21	219	0
25	24	0
281	134	0
68	218	0
196	23	0
254	229	0
1	7	0
310	11	0
96	131	0
7	105	0
101	158	0
266	165	0
215	138	0
256	115	0
129	251	0
239	0	0
10	174	0
245	296	0
24	126	0
78	305	0
81	115	0
137	289	0
10	49	0
214	305	0
181	40	0
110	134	0
184	49	0
114	253	0
43	59	0
191	67	0
105	262	0
109	310	0
219	282	0
147	233	0
39	15	0
167	218	0
80	68	0
261	17	0
9	200	0
194	212	0
218	222	0
147	86	0
298	22	0
137	108	0
288	0	0
173	113	0
204	172	0
167	312	0
260	110	0
133	248	0
167	311	0
137	253	0
247	206	0
166	112	0
132	32	0
8	110	0
75	54	0
169	61	0
98	141	0
283	37	0
123	290	0
160	296	0
179	116	0
37	126	0
293	196	0
131	249	0
169	78	0
13	197	0
306	81	0
179	229	0
255	183	0
222	197	0
226	152	0
302	221	0
50	74	0
144	139	0
17	147	0
2	233	0
22	236	0
60	23	0
173	272	0
311	134	0
69	80	0
126	131	0
36	111	0
292	241	0
189	204	0
59	198	0
277	131	0
154	254	0
305	122	0
197	188	0
182	256	0
220	115	0
183	121	0
147	17	0
281	241	0
45	120	0
301	142	0
18	91	0
92	53	0
186	190	0
116	179	0
266	246	0
148	246	0
280	38	0
281	275	0
263	231	0
285	299	0
290	67	0
54	232	0
257	266	0
6	143	0
120	247	0
112	234	0
186	259	0
295	167	0
0	274	0
180	293	0
147	148	0
24	201	0
219	264	0
41	48	0
242	189	0
171	251	0
213	268	0
53	243	0
223	167	0
5	112	0
196	145	0
247	61	0
199	190	0
184	237	0
28	38	0
247	210	0
303	236	0
307	233	0
94	291	0
132	4	0
189	213	0
278	120	0
75	210	0
113	283	0
151	153	0
50	268	0
13	152	0
60	213	0
134	91	0
13	233	0
108	169	0
246	161	0
202	34	0
259	185	0
64	15	0
212	127	0
97	201	0
207	132	0
121	195	0
47	303	0
140	67	0
141	278	0
311	234	0
207	53	0
173	133	0
102	309	0
106	184	0
69	52	0
16	64	0
225	222	0
83	232	0
210	29	0
301	242	0
91	290	0
129	1	0
213	162	0
44	148	0
234	294	0
200	106	0
82	69	0
131	80	0
44	43	0
227	251	0
215	178	0
148	121	0
77	173	0
13	81	0
81	42	0
138	51	0
252	181	0
85	263	0
204	304	0
261	183	0
138	130	0
