141	183
218	116
164	232
2	223
167	13
282	258
226	289
281	185
228	13
230	281
212	252
140	113
88	258
16	47
114	232
308	101
36	34
128	259
138	274
299	201
254	256
99	312
41	1
154	181
302	291
181	178
288	311
31	233
16	190
36	177
55	247
40	308
204	101
292	37
302	265
82	179
135	191
247	1
85	230
160	3
210	202
287	0
199	162
146	42
274	119
132	105
116	118
189	136
118	278
211	282
139	9
217	71
285	231
314	17
98	194
260	181
300	28
28	185
11	83
68	0
51	200
1	89
55	266
283	103
169	198
243	26
226	126
122	197
155	38
125	32
216	56
309	225
285	194
148	15
78	200
193	280
117	289
189	299
178	76
269	99
307	272
110	217
37	135
202	21
26	168
282	222
66	259
296	127
33	74
289	32
204	288
110	72
212	241
167	3
170	229
278	2
226	307
100	102
119	266
132	195
69	135
141	314
35	267
272	183
36	80
2	64
102	258
120	215
26	74
156	167
103	104
106	156
268	131
213	249
180	45
19	105
113	70
232	178
117	185
189	297
265	297
156	214
104	287
103	249
305	130
269	254
142	97
19	214
217	309
96	9
8	69
300	131
156	69
304	70
51	169
195	150
249	289
117	297
75	31
38	97
21	55
282	211
23	279
27	208
28	143
67	297
195	252
213	133
179	167
242	86
37	87
165	98
296	239
224	250
78	171
280	30
179	109
232	300
138	68
266	17
207	106
13	174
216	6
273	270
91	44
202	204
203	256
131	63
205	28
172	161
252	295
161	105
168	265
185	16
39	149
296	13
301	120
23	106
187	39
228	82
191	46
122	291
107	61
284	161
145	280
93	226
220	147
3	134
167	49
43	111
154	102
63	96
89	187
29	48
103	9
90	14
53	186
2	82
22	17
170	102
79	32
83	37
104	273
177	24
31	205
69	26
271	202
180	51
36	213
55	219
31	126
170	9
136	162
82	151
135	163
83	146
274	281
281	255
251	238
114	144
1	155
177	193
276	267
4	112
116	74
120	141
138	276
139	53
149	255
234	253
92	120
71	72
109	149
182	117
133	213
239	140
78	10
120	252
28	157
47	163
30	169
233	35
234	268
71	217
276	105
98	89
280	108
101	252
143	289
11	204
158	13
269	54
74	47
0	123
131	170
215	267
134	10
239	294
171	203
223	269
197	276
289	83
198	119
162	156
74	33
3	103
187	258
115	289
117	77
121	10
84	122
232	3
260	3
110	100
312	211
116	267
264	198
197	54
270	276
201	51
274	171
221	80
59	189
300	61
80	230
8	259
137	97
145	309
177	10
116	184
220	104
113	98
40	286
112	288
116	41
214	149
65	199
221	201
284	103
267	25
31	64
72	143
18	55
182	212
151	195
276	281
4	102
116	88
189	190
27	271
243	109
11	28
308	279
32	103
196	16
71	62
73	299
146	147
310	8
183	314
96	132
4	245
206	73
219	276
120	266
283	86
213	153
34	198
224	271
112	4
148	66
41	8
314	58
280	122
209	52
47	143
84	170
146	294
161	201
34	57
23	235
270	158
36	99
112	147
40	176
148	49
77	117
24	127
43	173
81	114
245	153
63	166
65	259
130	237
278	200
250	150
198	97
311	129
312	314
3	85
242	7
278	73
171	1
47	260
50	40
124	39
182	24
292	295
130	112
150	119
43	75
33	197
154	83
123	249
52	171
143	28
224	217
147	89
150	230
8	305
82	232
139	269
176	158
85	301
103	130
251	29
180	23
109	87
291	12
220	126
165	27
136	85
46	294
85	158
68	186
14	154
142	79
90	260
186	173
149	39
132	33
25	233
62	166
135	20
266	197
249	292
1	16
314	201
98	138
170	271
124	212
28	225
122	4
105	68
233	31
160	297
197	250
108	55
127	277
255	288
57	297
38	270
77	150
4	138
226	38
27	59
208	198
195	87
88	59
167	152
162	116
227	204
219	77
37	206
3	50
299	150
249	200
211	312
154	194
50	75
252	243
108	213
309	116
112	272
22	237
138	24
188	221
117	33
228	100
121	38
212	7
141	241
70	153
175	253
128	298
37	209
290	234
97	29
81	270
190	184
180	312
46	86
12	98
253	190
124	164
35	195
308	35
92	272
41	150
241	64
168	288
223	176
79	10
7	281
234	284
309	204
278	197
107	309
180	229
163	103
182	257
58	275
59	54
88	242
225	290
136	67
85	160
186	211
161	311
41	249
24	270
206	58
8	29
7	63
45	136
266	247
67	60
234	195
74	258
92	165
148	247
202	70
226	73
99	173
118	219
155	79
279	223
122	22
210	45
179	69
219	42
240	117
96	287
95	313
78	227
216	179
10	67
105	199
263	191
16	294
146	126
181	154
110	304
223	256
171	55
204	269
4	271
188	124
27	298
192	103
191	17
176	310
135	197
306	247
144	250
108	203
144	254
93	185
258	110
242	43
24	202
279	260
46	241
194	134
50	204
268	27
87	177
201	310
36	15
74	198
238	199
311	151
39	50
238	166
170	175
133	57
134	258
148	267
139	270
234	128
300	97
266	131
291	91
241	114
80	176
133	74
83	221
305	107
201	299
306	128
18	250
303	180
38	249
166	2
277	5
260	67
133	219
78	70
65	189
28	39
85	178
201	161
31	42
14	118
198	298
310	119
113	137
166	157
205	257
277	118
143	224
44	167
29	67
45	250
212	299
85	35
233	106
284	205
125	76
71	16
237	296
30	292
293	22
169	24
98	174
214	193
246	30
122	24
195	162
124	260
196	137
34	252
236	96
273	234
126	295
75	162
38	298
205	69
78	237
26	290
64	145
300	276
30	112
87	97
34	111
71	310
74	22
314	197
204	259
276	144
24	169
43	135
81	72
46	144
67	13
50	111
88	134
296	290
259	256
313	240
2	202
258	96
43	20
279	282
63	89
150	23
157	4
92	296
250	45
126	301
163	293
36	61
267	249
293	280
99	269
6	299
102	298
123	147
160	135
269	213
299	256
36	140
235	134
76	43
5	97
218	210
9	102
102	133
104	292
123	0
170	224
287	29
270	127
199	175
271	290
258	309
261	91
102	20
216	269
34	300
291	21
145	247
73	274
3	268
75	114
95	127
22	309
65	56
122	187
1	293
269	142
273	75
129	177
58	9
77	219
169	151
297	93
264	274
131	139
102	182
196	255
252	280
119	150
219	54
222	16
275	264
58	248
41	64
259	25
297	238
226	220
64	239
246	155
232	171
259	269
125	160
198	30
110	204
274	214
259	192
77	61
261	182
209	141
121	99
302	8
221	253
161	98
218	117
127	29
167	12
190	124
43	2
117	23
282	124
156	291
230	286
67	136
287	237
272	186
36	35
151	43
57	162
241	141
88	20
170	131
207	58
194	29
239	114
252	267
35	237
53	214
201	245
183	61
204	102
132	219
248	56
204	257
130	148
89	226
144	275
146	43
220	94
258	263
42	232
189	135
28	11
102	6
233	295
186	218
18	113
240	161
148	298
166	185
78	47
7	17
139	260
200	254
233	70
188	119
269	128
253	27
6	10
293	10
77	205
95	242
6	203
10	134
168	252
88	68
215	67
108	127
236	68
256	10
275	278
21	262
60	250
98	37
81	27
100	257
63	159
84	240
195	47
14	287
91	78
117	114
233	71
24	133
43	227
261	184
190	278
249	32
212	156
292	265
146	162
186	160
256	203
217	110
272	204
294	304
171	71
178	268
254	165
267	286
30	270
69	134
278	79
90	61
53	183
74	236
241	191
224	204
170	117
174	195
213	305
210	218
287	96
15	111
143	90
56	116
274	215
294	18
5	69
79	194
282	120
45	46
12	185
125	256
109	17
257	38
224	63
129	109
25	2
165	142
65	107
283	220
272	164
139	6
216	233
14	92
307	210
59	313
235	238
125	60
94	270
183	199
44	121
118	144
135	82
28	136
123	266
236	43
309	145
165	97
94	153
152	42
99	229
190	235
84	151
187	276
197	112
215	81
91	47
128	83
112	104
185	166
94	40
21	264
259	117
81	21
266	142
54	76
268	235
117	206
129	223
190	256
228	83
161	295
67	215
141	307
164	13
76	159
313	187
80	90
288	201
261	59
154	103
174	98
267	299
243	293
236	192
57	259
76	238
204	59
97	87
170	103
129	158
6	257
100	228
247	119
204	256
33	165
180	60
309	211
155	161
270	228
311	76
224	94
285	309
244	17
172	278
65	244
284	18
303	310
305	179
234	107
277	104
18	194
274	155
208	115
153	272
25	12
214	75
259	191
82	227
306	296
293	93
249	209
151	131
167	164
44	111
264	173
67	278
250	26
269	204
244	292
200	181
273	33
218	129
131	159
95	214
117	298
154	292
155	5
11	207
34	36
156	150
273	178
37	41
221	284
228	300
43	190
209	74
181	162
14	179
280	252
158	157
201	233
17	181
312	301
185	33
205	158
280	267
245	7
192	189
46	200
48	295
7	207
175	300
69	233
141	204
107	313
145	265
219	270
57	95
189	261
98	299
207	127
154	105
137	23
121	250
174	108
225	243
273	164
90	17
53	139
241	91
3	260
251	50
298	34
100	234
247	69
177	9
180	185
163	74
113	97
76	115
224	108
167	260
244	103
135	144
228	310
103	284
307	129
307	298
146	1
21	217
186	199
80	261
47	195
49	160
127	137
286	151
215	279
108	310
274	209
293	79
149	133
25	143
27	191
283	41
67	260
139	194
72	110
274	231
273	19
259	204
239	2
276	120
314	183
64	184
27	44
10	172
314	228
157	267
313	75
17	22
181	133
258	292
147	269
94	4
21	300
295	189
61	197
245	152
137	295
84	26
306	44
108	224
285	286
134	248
119	284
242	4
205	144
23	137
282	5
265	203
49	278
67	179
105	260
210	248
107	24
144	46
73	152
172	270
74	163
93	197
39	9
308	237
43	74
261	31
115	310
121	132
267	296
223	218
18	260
8	17
112	304
237	245
298	20
119	108
194	69
123	105
15	81
55	62
294	40
277	224
116	56
244	117
104	37
210	69
119	29
303	202
286	230
72	190
35	50
68	203
116	175
79	293
27	284
241	217
196	7
210	174
72	13
166	173
200	300
217	189
156	297
21	92
95	165
116	222
27	141
10	207
249	269
47	70
201	91
153	228
157	0
273	13
240	120
96	258
152	20
209	37
7	238
176	170
33	279
306	79
181	151
112	130
313	7
60	162
297	272
83	259
219	132
161	75
235	76
43	66
290	273
93	166
220	98
63	36
303	245
50	219
69	205
52	267
120	282
255	150
3	211
298	119
9	248
121	150
139	275
103	34
12	136
16	102
53	239
237	130
274	140
93	72
241	71
126	210
5	12
136	245
236	97
137	156
247	41
177	53
251	42
234	46
161	262
270	96
237	19
240	313
183	123
224	8
10	229
260	94
79	186
44	52
65	162
248	126
66	157
160	90
159	242
126	99
163	247
19	273
305	8
22	302
118	169
11	59
246	228
216	161
159	131
204	219
273	110
310	21
171	305
308	106
62	288
45	280
28	240
302	275
105	53
233	8
196	132
17	97
290	65
164	272
202	175
148	103
41	107
98	12
279	33
27	8
268	177
193	288
157	239
30	7
13	245
87	82
108	181
0	86
219	90
20	25
41	244
295	161
43	136
280	198
46	135
88	185
87	195
255	55
292	3
208	88
26	243
9	153
262	3
114	270
52	281
90	84
155	199
255	132
57	133
275	58
258	30
97	46
260	302
79	106
207	33
134	259
46	97
230	66
208	263
13	296
16	84
70	283
36	159
81	15
76	54
294	197
8	302
190	58
83	220
66	124
159	83
16	227
270	114
298	152
166	3
126	51
79	136
62	240
48	212
156	109
213	108
17	305
15	218
92	5
19	287
220	270
42	132
8	12
10	272
303	95
72	41
0	262
74	309
182	50
266	295
187	309
44	55
132	96
101	162
47	90
105	39
124	261
196	138
179	82
182	218
290	83
202	209
220	272
131	215
259	42
61	138
134	64
262	21
40	106
84	221
232	190
250	197
158	74
269	121
307	151
110	195
185	232
222	167
43	134
207	273
192	118
301	300
84	76
302	255
194	297
88	135
141	131
54	282
261	148
3	190
42	306
208	86
261	212
9	139
46	0
159	211
33	29
141	276
272	77
74	201
22	121
25	267
135	244
26	116
308	289
212	168
214	79
287	143
70	277
272	220
175	292
241	99
224	165
222	184
248	43
185	103
103	215
278	255
287	28
270	124
146	54
55	16
38	232
186	225
258	306
82	78
301	240
68	141
94	275
21	17
314	13
98	206
8	58
300	40
130	103
304	43
233	91
251	276
125	93
72	87
0	276
219	152
129	176
98	161
151	169
99	200
155	42
266	123
285	269
290	101
111	15
78	252
211	237
100	284
94	220
301	67
178	88
107	194
210	130
224	170
20	61
242	134
188	1
207	231
299	14
46	163
48	270
201	103
69	258
175	94
143	177
309	89
57	48
68	100
258	115
171	142
150	77
278	118
119	310
231	50
52	253
144	118
56	248
128	261
270	269
167	156
150	60
261	87
83	11
174	182
56	153
272	202
233	6
204	103
132	196
225	238
102	180
284	15
123	17
144	276
141	243
131	156
257	43
263	198
135	206
156	113
224	199
32	79
72	246
200	11
310	80
203	54
96	236
314	145
25	160
220	260
280	285
10	308
263	170
266	154
195	240
233	69
269	191
142	183
290	4
200	236
55	260
217	282
60	260
98	179
44	27
145	21
47	16
266	109
162	74
71	132
238	289
20	92
21	261
259	6
98	34
164	144
304	213
175	154
252	197
108	143
248	16
312	274
185	4
198	228
188	23
259	29
199	238
158	305
107	65
70	87
300	306
110	78
185	117
258	69
261	200
279	313
192	193
191	139
193	182
135	189
285	210
212	48
221	300
152	298
126	17
247	7
207	11
9	48
213	304
305	55
182	263
126	217
53	295
201	230
129	245
225	246
214	259
170	5
189	295
136	141
161	174
173	120
247	17
284	29
246	271
72	149
199	146
257	37
152	288
42	219
136	28
135	60
263	11
202	276
12	265
286	184
89	28
164	134
91	256
18	96
257	86
120	240
84	289
234	85
51	216
307	185
112	26
222	83
162	195
44	9
118	0
210	289
30	204
278	154
271	152
231	131
238	307
111	35
184	172
309	250
227	43
289	145
273	207
306	9
15	297
74	61
202	118
185	22
131	78
295	105
23	100
259	241
46	191
268	77
147	234
311	169
42	280
208	32
211	109
14	79
214	10
16	13
303	230
53	184
17	281
93	17
20	311
204	52
138	168
154	151
115	260
174	210
106	140
52	64
289	274
164	21
56	3
75	289
147	183
281	8
247	231
304	231
159	252
160	33
101	302
55	74
96	25
115	231
27	307
120	143
28	104
247	148
284	130
213	36
196	44
89	110
200	39
18	82
165	129
222	236
294	102
192	197
120	254
233	33
10	264
54	49
75	156
121	208
60	296
71	28
189	301
27	81
82	186
268	285
47	312
198	218
127	192
192	233
131	47
4	295
130	194
299	293
272	223
311	152
88	208
306	59
144	162
190	194
127	81
309	30
20	231
259	243
191	94
152	259
231	247
69	232
147	220
245	215
43	304
240	61
9	195
173	186
46	56
233	105
13	273
16	123
235	129
237	157
130	239
3	263
244	241
62	88
9	44
137	103
78	91
143	161
227	119
186	269
133	25
291	0
294	159
311	93
132	174
116	43
156	212
82	135
168	106
211	107
269	249
180	178
127	150
204	40
294	214
257	1
233	171
42	191
274	306
189	188
227	121
45	162
47	194
49	167
267	104
1	302
89	120
142	242
242	186
163	171
220	214
58	95
96	134
149	132
27	190
10	218
263	252
11	111
30	153
293	243
286	39
179	107
198	307
145	79
224	145
58	206
295	303
43	286
197	192
105	233
165	188
141	27
215	116
17	21
0	75
93	290
219	204
58	177
296	92
232	228
214	308
161	184
198	103
39	187
295	13
23	136
279	226
127	207
29	97
47	262
214	167
252	110
289	220
271	36
6	103
2	133
111	293
114	75
82	172
81	274
171	185
177	169
52	181
221	183
293	161
19	36
276	231
59	205
97	114
5	25
153	128
281	123
100	153
191	290
104	220
177	58
260	121
16	248
235	268
199	215
182	309
280	226
113	18
40	270
167	309
260	105
282	288
118	301
275	302
284	119
14	152
92	34
257	19
144	279
187	222
99	80
309	253
218	258
12	291
216	212
253	81
71	46
308	161
75	43
21	91
297	117
170	269
8	224
101	141
249	268
47	65
195	200
68	90
114	166
162	3
108	291
310	139
58	208
276	15
152	21
156	122
209	36
10	95
163	216
176	171
175	237
17	7
219	79
93	308
26	170
131	11
151	84
192	107
239	301
269	272
285	120
90	208
144	252
292	30
279	166
259	239
235	215
134	135
247	266
289	238
146	305
57	122
76	178
3	210
129	51
207	82
136	54
252	299
265	69
89	23
69	93
214	222
143	108
292	252
76	1
81	98
154	253
83	209
159	108
260	213
15	166
37	262
291	60
220	78
113	12
223	195
206	137
133	215
248	182
120	74
83	190
49	114
234	190
1	247
75	72
169	131
277	98
116	190
189	192
65	82
283	135
267	148
288	255
0	265
273	109
237	308
99	175
27	154
48	5
122	20
105	52
68	72
204	158
217	312
236	108
164	273
256	82
269	278
239	33
242	159
163	313
291	204
178	181
87	109
269	74
108	182
127	234
260	274
20	26
39	206
242	283
43	139
6	29
64	52
282	247
84	63
302	242
240	301
83	75
258	108
97	45
226	280
9	152
282	102
269	311
73	187
142	127
312	71
130	82
22	108
150	17
298	102
207	32
248	284
191	241
305	24
13	295
180	70
53	240
75	280
312	54
59	233
132	225
295	278
298	9
9	122
199	207
139	145
68	265
106	196
287	41
15	180
203	188
303	165
79	139
82	93
264	8
48	213
311	43
34	280
142	41
92	6
38	78
186	79
191	284
260	220
99	76
300	59
48	164
85	33
68	47
307	27
290	225
129	165
115	76
243	3
226	89
220	282
27	104
263	214
172	184
105	38
51	30
131	209
257	281
138	120
98	31
26	288
118	90
101	50
229	77
157	224
152	106
268	293
306	112
198	34
173	187
37	224
40	156
39	252
305	86
245	211
64	2
268	136
140	239
203	265
107	100
179	150
73	212
185	88
39	77
42	307
152	271
207	129
228	26
302	111
278	293
90	39
73	165
36	63
6	94
114	97
242	170
25	266
185	195
194	9
103	65
126	162
272	221
246	233
310	293
38	158
311	20
277	164
170	46
244	41
82	188
102	187
49	54
278	222
234	3
239	304
109	43
293	292
41	283
294	71
168	153
308	40
135	219
283	242
301	239
269	306
267	35
86	229
34	298
295	266
289	74
168	165
1	211
129	6
204	211
4	56
138	203
27	201
196	106
236	193
222	187
1	76
55	305
58	23
274	107
169	8
297	67
8	138
155	45
266	120
285	268
13	135
204	291
162	57
54	203
128	160
180	191
139	277
209	114
82	256
226	237
195	35
179	208
108	154
71	294
32	36
312	261
222	150
60	85
312	217
61	268
209	131
83	300
302	14
88	150
252	39
70	90
180	303
54	277
263	15
42	293
28	112
279	298
63	73
169	257
30	258
69	146
147	307
110	168
164	122
2	77
20	284
136	61
148	272
139	300
302	22
31	234
33	159
256	223
270	220
310	205
294	239
257	185
259	271
62	2
248	58
123	16
159	54
52	28
254	112
146	41
165	283
38	27
41	261
224	35
82	65
120	116
102	4
284	191
68	252
227	82
182	108
94	258
95	111
260	176
8	41
172	82
215	236
74	162
182	31
233	104
77	203
115	40
243	31
262	295
10	132
84	131
195	128
162	75
54	197
142	216
20	93
58	136
276	199
278	295
81	25
100	259
266	128
212	47
250	230
107	179
14	285
198	14
91	64
208	164
26	183
190	276
282	221
154	122
249	38
232	42
231	210
268	88
161	114
235	23
91	241
238	0
122	105
114	50
22	171
169	30
278	1
261	55
100	97
228	62
265	12
231	35
52	204
151	154
231	201
168	192
207	10
216	122
156	162
194	109
103	101
175	225
214	104
151	230
180	40
254	19
1	285
203	249
275	212
294	16
42	73
308	93
173	119
125	300
85	245
86	150
159	36
163	33
261	255
305	17
223	27
260	23
75	129
27	292
214	53
263	10
7	155
94	127
86	257
288	200
184	265
38	100
251	105
10	295
14	149
108	236
271	182
179	14
238	266
4	163
281	117
106	243
268	184
250	121
178	234
196	221
142	305
246	170
40	215
270	172
138	99
243	154
61	191
245	130
0	168
10	25
157	214
152	113
161	147
289	70
181	208
309	11
202	119
225	180
24	149
208	146
261	168
190	262
228	93
249	48
50	3
252	75
289	55
272	9
246	143
110	89
42	281
247	55
188	149
100	23
255	277
267	270
69	118
266	25
270	265
218	198
160	241
8	280
299	267
210	255
66	50
194	127
252	297
293	116
148	130
56	4
296	138
189	312
300	221
301	180
230	26
35	24
163	47
257	54
222	288
281	230
185	239
32	108
51	184
41	274
142	106
18	83
201	291
186	272
149	113
25	131
276	187
172	54
84	304
11	112
233	32
286	58
288	309
57	274
220	298
296	192
213	285
280	111
299	189
155	7
288	112
175	200
88	34
162	291
221	282
203	307
276	219
4	288
194	160
138	196
67	54
261	211
278	175
309	107
164	277
93	174
60	15
23	117
253	152
63	2
302	52
285	4
124	44
255	185
0	156
256	310
221	60
114	86
116	278
218	253
9	194
83	71
46	57
87	265
129	307
93	98
185	257
3	262
97	103
150	235
8	262
136	219
173	202
66	4
29	176
68	288
223	193
69	9
199	224
201	129
274	57
211	159
271	282
242	91
25	115
82	132
119	9
247	244
32	11
51	281
90	60
109	243
55	91
166	122
4	97
147	202
189	187
176	80
133	138
72	1
161	128
253	198
70	166
129	78
148	222
77	272
260	154
8	243
310	229
120	269
32	233
196	162
43	109
219	274
58	207
78	138
216	183
82	313
210	258
311	136
87	72
45	204
142	269
127	241
202	24
58	190
259	83
308	146
64	41
282	144
246	193
306	42
181	52
237	287
202	107
313	100
260	146
299	73
228	113
174	13
47	257
50	39
52	263
73	158
56	194
198	232
97	0
278	63
261	29
266	84
46	75
50	182
143	25
56	177
202	147
228	68
68	88
59	204
97	113
225	164
153	135
245	297
63	278
287	268
85	298
12	254
89	175
199	214
36	244
274	43
38	208
76	99
294	46
42	31
272	248
192	259
43	311
86	204
314	184
21	233
5	314
62	165
236	221
68	52
72	15
137	113
92	210
303	280
94	218
186	27
95	167
243	38
169	77
194	98
250	60
267	246
103	156
133	95
57	302
75	187
289	119
276	8
205	94
98	120
61	100
113	95
262	47
33	160
263	258
165	229
88	62
107	234
287	85
270	183
37	242
259	65
208	221
280	250
299	54
192	108
67	18
200	192
12	74
17	151
216	207
110	148
312	203
177	268
114	275
247	288
63	38
46	234
297	62
30	309
158	270
252	125
126	308
109	292
164	81
130	65
84	229
99	274
265	68
4	244
231	107
124	167
16	88
92	275
184	116
93	310
194	130
187	1
288	282
136	247
183	99
159	64
144	177
68	260
296	306
138	61
35	85
109	70
56	46
58	286
175	280
300	183
229	279
46	311
29	261
233	236
106	98
34	263
108	258
133	224
113	156
115	208
277	97
79	309
193	4
11	61
155	296
51	226
157	121
198	279
236	222
137	229
55	300
77	2
169	19
152	245
280	42
44	67
27	157
10	255
206	268
122	21
195	185
267	228
160	314
108	32
145	42
113	164
112	35
165	39
168	186
130	110
117	286
299	8
82	285
101	15
67	115
16	281
34	88
198	49
54	159
130	305
22	200
41	250
314	312
280	200
279	144
192	122
301	312
249	127
157	158
212	129
263	161
107	105
187	284
253	309
68	142
157	237
167	101
295	48
208	90
82	40
63	84
104	27
234	146
88	298
276	310
218	15
271	59
74	197
312	72
39	47
97	44
80	36
79	116
100	47
237	303
213	208
305	31
180	71
92	20
310	296
2	25
171	127
294	251
19	300
80	179
244	36
83	222
222	290
103	163
275	204
155	194
144	298
199	186
182	278
257	205
314	10
129	235
122	156
120	89
267	52
106	84
260	194
71	124
129	11
267	257
95	10
42	130
9	179
138	299
179	39
307	26
145	139
309	258
75	214
21	126
22	187
243	2
6	226
99	220
225	45
47	100
195	167
269	310
51	97
125	58
108	22
145	36
219	61
37	30
296	152
205	66
98	28
61	136
135	283
5	306
11	265
17	226
202	46
40	157
283	70
222	165
43	248
9	312
83	289
140	232
178	55
252	18
216	180
20	152
3	160
242	88
63	90
118	192
231	62
88	312
197	122
222	116
210	222
240	144
149	188
117	179
154	175
277	155
46	113
150	58
242	200
87	305
180	85
271	190
75	265
257	174
213	180
5	110
153	109
100	172
63	312
284	59
177	87
288	62
107	274
163	4
166	305
220	83
260	60
153	30
82	76
264	55
283	245
298	148
243	244
267	34
234	147
151	199
92	21
257	72
96	208
8	60
10	256
194	140
11	89
130	245
237	235
269	139
142	171
71	3
223	272
92	132
75	196
94	160
249	221
81	157
282	54
175	277
158	43
51	111
89	288
250	142
71	144
94	51
77	169
282	220
26	307
33	185
84	237
11	263
306	99
16	159
17	220
71	289
110	211
168	261
20	63
3	1
131	84
193	296
61	267
9	298
176	160
297	236
306	242
218	112
181	108
309	167
292	33
20	174
225	2
278	116
154	14
191	135
67	141
161	263
272	189
146	260
128	263
296	106
293	299
94	6
207	7
100	195
0	94
306	5
103	118
161	93
214	95
273	144
73	39
36	189
76	84
224	181
187	59
112	146
257	254
102	170
104	277
264	115
14	166
156	306
199	225
97	298
160	294
44	247
62	146
61	193
139	13
68	253
251	183
142	10
200	13
175	178
203	40
314	29
214	294
253	221
283	112
197	278
68	12
215	229
269	189
72	71
71	241
281	274
221	213
276	81
126	89
152	223
8	185
210	301
249	203
232	269
105	1
297	301
71	134
219	25
196	226
259	8
297	221
280	131
64	240
137	286
138	33
11	309
105	146
13	9
107	178
289	75
110	221
171	163
149	14
108	204
230	127
64	111
198	186
168	291
232	43
85	75
278	185
0	177
93	236
2	225
225	28
106	64
9	165
211	97
177	145
307	246
52	205
235	25
308	214
76	251
259	287
242	207
301	195
154	131
83	27
102	213
29	171
127	260
106	152
197	239
40	294
187	73
283	278
298	220
82	161
171	123
228	285
303	301
251	212
234	100
126	46
254	99
271	259
167	14
187	166
281	173
231	259
247	128
194	268
139	79
89	98
71	86
182	127
285	228
257	84
298	260
149	110
78	60
206	113
258	150
313	151
193	204
67	301
123	271
125	127
307	68
258	45
112	28
75	224
169	107
307	301
61	77
44	11
7	145
264	256
249	213
122	77
231	285
308	120
17	47
0	97
139	263
239	88
6	75
245	129
101	71
241	232
175	170
13	59
108	255
168	152
43	210
280	256
191	42
48	300
219	144
252	68
90	155
272	10
74	138
292	69
59	306
42	262
5	146
312	99
261	56
310	165
130	54
270	146
70	214
272	153
166	279
312	0
241	174
128	234
150	222
8	281
261	73
100	231
248	232
66	51
68	307
291	143
131	266
160	176
36	209
241	63
294	3
25	96
136	189
210	92
137	196
85	134
251	226
253	218
270	40
18	193
204	46
55	68
257	53
243	156
314	78
233	244
136	12
101	262
128	185
225	151
211	110
307	37
236	133
1	8
239	136
160	151
4	3
227	151
116	197
256	229
262	177
10	214
84	305
67	283
105	108
253	60
128	181
296	167
240	95
296	193
314	160
152	59
203	115
27	83
28	264
122	95
268	287
179	140
198	216
127	194
111	51
21	295
259	100
188	70
111	23
285	232
101	73
232	248
175	184
158	128
141	120
144	164
198	107
0	238
235	233
39	135
60	8
245	4
191	88
232	7
140	176
87	155
70	177
0	157
195	234
258	39
242	96
150	121
281	51
117	250
20	115
107	231
174	115
123	239
69	103
306	283
311	46
22	39
170	84
244	243
272	261
104	208
123	92
305	81
69	8
273	137
270	139
53	313
237	44
133	241
210	78
46	280
85	136
160	49
159	27
15	253
228	267
274	73
257	7
218	294
5	311
99	36
136	58
285	211
260	68
89	126
72	2
115	197
199	1
165	177
183	310
256	164
271	167
44	88
240	64
175	104
228	155
34	194
217	62
57	291
257	289
166	293
152	9
64	187
7	245
60	150
11	254
87	75
162	126
273	161
40	180
301	159
60	175
78	314
151	64
118	277
101	123
269	274
0	252
54	291
20	247
313	107
22	215
188	203
249	29
209	202
175	89
121	24
29	127
230	201
268	115
289	210
53	105
233	187
147	236
170	183
208	14
142	156
121	137
177	175
285	134
13	257
306	269
307	198
55	138
247	291
275	144
168	310
97	112
150	250
174	1
295	55
177	56
287	55
180	19
158	202
220	122
186	198
262	212
260	107
27	224
183	221
287	290
216	295
288	116
134	219
35	55
202	194
129	46
211	178
149	93
120	173
212	275
230	150
196	2
236	233
271	187
183	260
4	231
291	203
8	226
7	19
48	9
239	144
213	183
160	301
212	232
192	184
145	63
256	70
94	106
61	99
271	60
7	235
84	196
74	269
14	299
127	230
54	130
111	87
39	218
205	46
201	275
268	48
3	109
258	218
232	212
250	287
107	122
289	115
17	150
168	159
110	149
215	133
3	71
167	249
188	217
221	105
46	235
174	28
273	59
87	191
272	100
164	82
233	47
97	17
73	226
310	192
124	157
265	75
313	279
285	213
93	69
237	200
163	292
82	214
296	280
35	224
152	222
31	147
14	249
252	263
180	225
244	151
182	261
152	292
39	286
277	255
44	286
227	6
264	28
28	45
267	57
216	309
159	255
217	28
119	191
151	244
131	136
186	187
42	145
5	299
8	1
298	121
49	193
198	276
146	243
292	299
149	166
297	101
61	4
8	144
172	9
130	199
216	83
239	209
273	252
129	218
126	215
138	122
134	85
53	221
10	79
229	89
11	282
105	203
158	95
87	111
17	247
91	104
309	216
238	294
39	200
296	58
195	301
245	121
121	75
229	170
212	118
13	67
90	160
173	35
309	66
224	75
3	181
24	206
23	174
42	152
119	303
247	282
104	28
232	81
50	200
124	71
144	13
105	200
74	194
147	8
168	131
180	290
225	86
82	169
83	112
139	258
251	76
69	77
15	1
199	292
36	154
55	238
147	121
185	302
204	126
102	238
225	199
244	37
136	230
218	290
230	80
177	36
234	31
55	31
257	204
41	303
59	88
153	19
281	198
264	10
211	261
233	221
305	248
72	221
290	140
163	230
1	199
310	75
183	251
166	145
7	41
138	296
284	196
177	262
217	159
313	158
273	93
184	190
218	268
243	5
6	227
189	65
120	312
214	19
285	312
88	108
216	33
162	37
145	27
301	308
129	212
220	205
276	45
278	281
151	5
134	71
262	8
84	216
284	89
13	228
215	40
108	166
309	35
202	47
133	294
258	205
60	65
69	296
239	296
283	306
87	210
70	110
218	111
236	258
273	264
57	43
196	215
77	122
208	73
102	63
192	248
265	22
47	298
88	313
53	95
146	275
128	266
280	278
190	240
90	20
251	90
310	168
87	304
168	247
308	3
203	223
204	108
223	144
200	51
62	22
190	43
115	272
121	288
49	3
123	4
52	8
15	132
113	46
39	258
292	86
80	305
79	155
136	99
118	186
174	291
304	95
252	82
119	296
313	175
73	278
198	297
166	131
25	219
65	60
243	119
196	84
235	162
165	73
146	112
131	185
115	92
165	176
251	162
105	22
192	194
162	55
236	82
128	75
95	281
243	128
200	125
100	287
87	222
138	60
67	110
13	22
306	96
72	312
74	193
185	255
3	0
222	148
55	289
280	293
134	192
195	203
232	62
178	38
0	164
110	67
57	53
313	163
95	158
218	223
209	274
228	10
265	0
188	300
8	233
141	259
35	256
218	224
243	225
238	231
151	17
59	134
171	243
298	88
26	69
194	25
165	224
196	277
103	124
197	252
15	101
1	257
183	57
132	199
79	248
76	125
181	224
47	91
139	191
103	198
160	24
14	167
307	62
270	77
226	116
129	266
21	191
224	37
84	90
80	303
263	22
102	58
76	23
125	61
142	11
254	193
186	97
169	239
157	269
116	226
135	88
290	287
291	201
216	142
307	121
189	191
115	193
41	37
314	141
136	196
262	101
122	56
250	117
239	53
125	221
198	253
145	7
54	219
58	150
28	287
243	142
95	303
64	241
282	168
155	170
297	252
161	135
90	231
0	3
110	226
202	67
185	9
114	161
276	176
259	152
232	44
231	204
144	200
73	246
145	289
255	218
106	168
59	295
242	125
43	116
81	313
63	121
191	180
139	148
32	259
197	93
308	112
309	217
93	28
76	244
86	125
5	48
133	11
190	116
161	231
194	107
124	232
126	220
1	275
277	198
156	209
158	307
228	286
304	234
103	244
106	40
288	91
1	171
199	143
232	132
220	48
174	275
204	231
206	199
227	94
66	192
68	236
91	261
254	243
129	96
166	175
149	109
8	217
10	293
84	300
47	152
32	207
188	114
288	313
255	261
57	262
274	260
58	41
194	176
78	172
246	72
229	0
30	51
178	232
51	74
269	63
108	105
108	279
111	44
203	263
17	155
98	51
26	276
100	307
63	137
10	7
302	185
250	246
158	151
17	191
181	222
65	184
185	27
114	211
167	95
259	134
61	302
209	237
282	45
285	48
69	227
235	7
272	11
127	61
3	141
167	44
5	145
98	277
283	261
46	45
194	202
177	130
188	196
144	85
18	284
19	13
207	216
300	301
22	42
6	261
9	39
308	262
287	309
305	38
69	5
287	82
272	297
38	170
281	257
205	284
133	142
45	28
248	88
66	163
51	235
35	26
74	130
95	60
132	74
260	7
286	130
62	143
65	121
247	145
86	273
119	289
290	180
1	15
75	0
77	284
314	62
243	76
25	129
27	165
263	139
106	310
209	249
51	43
21	192
145	82
112	11
165	31
293	42
77	237
314	161
27	82
246	90
275	34
175	202
216	25
282	87
205	162
265	168
111	50
148	40
41	146
4	290
236	200
142	243
84	16
157	166
40	104
158	129
87	37
90	251
108	238
141	115
267	220
313	88
278	176
171	22
244	89
46	204
49	280
232	8
87	154
218	39
296	269
256	264
3	251
188	165
261	41
190	129
116	288
50	130
121	269
235	130
184	287
3	264
117	182
8	264
190	16
248	247
194	79
177	13
305	80
193	115
19	136
76	111
224	96
169	100
82	130
65	218
119	11
243	237
233	246
80	241
108	280
252	292
278	283
165	303
257	6
206	35
310	183
65	75
283	188
100	255
196	29
217	176
200	88
18	67
129	76
77	270
4	242
260	249
62	264
120	271
47	188
225	186
267	250
177	228
255	313
200	263
160	188
115	20
281	39
226	17
257	169
118	99
229	36
185	308
270	38
128	51
111	64
203	291
205	59
6	52
9	272
200	280
146	207
249	97
147	300
50	82
1	278
198	90
236	297
220	158
152	296
117	90
111	34
211	157
182	254
69	199
73	156
147	239
221	12
270	154
22	71
156	243
214	192
60	138
118	281
139	141
50	180
33	212
128	10
291	162
304	253
224	143
22	54
170	71
8	310
82	229
102	224
160	194
103	185
288	6
107	273
199	208
137	220
274	41
203	149
96	73
162	147
182	312
25	67
45	0
173	75
192	178
178	273
305	211
297	20
143	313
201	258
310	108
157	40
256	221
224	228
176	64
230	151
303	71
196	3
273	112
149	147
116	218
62	314
155	116
48	10
176	223
32	249
270	246
92	64
129	207
194	285
165	310
24	35
178	22
117	266
134	88
278	280
229	86
197	266
195	90
13	255
161	222
307	147
256	246
41	142
43	158
151	81
134	235
282	224
300	263
67	242
235	64
255	13
40	50
97	167
209	239
113	224
194	177
89	1
231	20
33	117
289	227
308	185
70	109
110	5
292	104
311	156
313	229
225	91
244	161
151	311
154	73
102	259
145	314
123	138
140	36
73	31
56	65
140	129
224	157
223	191
5	8
305	265
121	267
270	100
241	307
288	89
293	269
39	281
260	90
29	119
187	246
102	109
29	259
213	102
160	94
35	36
222	268
44	174
177	143
28	93
224	18
165	297
161	39
198	277
186	124
187	220
146	240
293	111
115	67
78	117
6	246
27	159
45	276
283	9
266	67
213	184
286	6
307	199
17	101
290	93
128	96
293	240
259	32
297	245
6	129
134	74
84	203
307	241
82	228
313	21
296	59
295	93
78	279
61	229
218	156
83	277
265	154
146	270
108	192
236	269
128	269
226	279
121	59
104	29
275	78
285	248
33	7
144	14
146	286
74	195
147	11
212	262
313	247
260	298
232	311
177	202
31	243
191	61
99	306
271	170
185	307
133	181
63	308
102	140
174	265
239	241
16	231
237	1
17	107
96	85
299	252
247	168
297	160
17	309
199	69
146	83
300	175
113	140
124	282
79	261
27	252
65	33
138	297
51	242
170	242
198	263
240	9
113	285
296	267
95	133
188	297
6	224
218	282
134	245
266	117
43	257
178	211
269	232
198	150
236	93
112	83
185	131
94	71
296	154
259	46
154	260
257	267
209	5
0	118
14	260
162	149
71	301
37	237
20	43
301	126
242	310
245	74
46	149
178	53
36	208
218	108
185	93
3	162
22	130
24	221
276	143
275	130
208	218
50	251
214	208
52	235
289	143
237	209
74	245
312	88
241	150
204	30
170	154
26	112
64	291
119	173
106	162
290	222
52	154
271	184
55	255
130	210
239	59
238	229
203	138
137	188
301	91
85	222
246	267
106	53
35	115
300	298
55	108
223	55
207	185
25	41
44	259
65	130
102	9
139	217
237	226
251	187
236	239
308	290
146	69
207	163
21	29
149	72
297	55
44	146
7	30
283	100
284	219
204	305
200	144
133	314
274	289
58	18
41	58
286	192
280	8
172	238
181	217
195	151
54	206
111	11
260	198
100	280
223	289
203	68
84	239
107	198
258	188
15	284
74	5
265	179
130	275
296	23
24	188
43	232
175	257
185	211
252	34
144	219
127	24
309	165
75	81
258	79
242	72
263	309
9	185
20	134
232	78
50	237
88	264
52	249
307	255
247	136
2	72
120	285
254	257
79	74
207	1
91	225
177	246
160	170
69	32
188	214
237	84
75	313
223	129
136	131
264	88
171	232
49	60
177	71
160	25
89	229
287	14
163	52
257	47
21	190
277	36
8	93
120	119
230	142
307	203
38	105
96	224
205	258
98	220
116	227
268	98
118	143
32	178
251	294
135	103
255	278
92	148
240	53
263	178
131	166
149	203
61	57
176	140
255	307
122	57
30	198
127	296
74	209
20	88
239	84
222	244
78	210
100	270
137	284
71	312
175	166
88	248
306	19
67	308
256	190
185	8
193	223
24	138
64	97
122	283
146	265
299	209
91	242
74	134
238	7
114	49
170	239
165	118
196	188
176	129
74	102
104	103
168	99
35	305
53	178
164	107
57	183
5	63
170	263
308	67
305	43
213	260
18	186
202	135
39	124
224	69
187	75
62	51
299	212
102	90
76	231
159	33
108	309
35	111
284	248
274	99
113	201
96	15
283	23
277	54
260	18
82	46
270	171
247	130
12	261
128	105
17	259
145	214
162	146
182	125
129	285
183	300
45	203
84	301
122	216
105	96
233	59
162	136
142	133
210	272
54	59
112	30
294	238
222	87
152	47
280	100
8	169
172	210
246	73
138	78
47	8
175	199
110	258
239	90
78	220
151	62
279	101
155	187
232	140
195	0
148	1
141	68
90	246
246	185
96	306
313	77
167	94
24	152
277	168
209	236
176	165
52	302
70	69
264	51
243	201
238	17
184	192
97	249
208	36
81	298
265	35
241	198
177	129
183	215
33	207
16	1
76	235
59	165
153	168
82	254
137	121
175	148
103	148
36	228
303	274
292	109
121	193
241	61
1	188
187	89
79	223
82	145
135	153
107	184
284	111
273	251
143	292
137	206
41	247
82	268
135	46
263	117
247	144
139	43
208	214
72	22
124	136
279	308
58	73
134	270
206	65
99	137
283	165
246	40
28	155
82	57
175	100
228	153
96	124
217	214
265	145
95	221
243	252
81	233
279	10
97	277
155	24
229	49
157	131
108	88
37	212
239	104
184	175
259	102
78	302
293	255
138	195
67	59
74	43
313	95
302	156
115	295
208	131
211	285
22	265
46	205
49	287
232	9
285	1
243	281
170	141
312	161
39	22
22	74
150	127
282	235
155	241
87	253
231	64
268	206
52	163
272	137
220	247
2	62
130	235
294	160
97	100
225	175
298	47
82	240
24	200
109	176
305	87
14	227
287	67
180	15
237	42
19	139
224	97
187	87
286	146
136	173
190	213
137	244
103	283
292	156
294	313
142	232
165	302
22	263
71	66
82	18
193	61
213	50
215	274
98	268
109	129
73	105
21	85
297	15
166	282
99	183
262	161
283	44
47	191
250	41
286	43
215	131
198	185
77	279
219	196
78	82
60	314
43	274
6	154
279	24
262	48
166	212
138	98
36	13
306	86
125	242
258	139
181	128
296	64
208	226
280	239
209	191
137	298
229	180
250	267
178	28
248	134
309	108
72	68
311	280
168	26
242	1
223	279
278	67
207	219
64	91
11	105
29	125
67	182
175	313
69	198
295	292
73	131
127	227
182	248
130	74
3	232
97	5
55	261
120	185
172	10
194	47
94	175
140	55
69	87
70	304
238	156
275	146
225	185
190	3
47	80
85	311
106	236
287	49
281	279
19	153
220	289
62	217
216	84
304	135
35	57
1	249
99	169
183	145
96	57
248	272
8	21
281	153
65	68
243	192
68	55
86	306
198	280
219	165
182	43
196	272
127	285
260	139
99	165
283	58
105	78
267	235
101	226
255	302
176	194
131	254
297	138
60	221
279	46
143	93
135	304
104	239
129	299
103	137
3	56
296	78
259	66
154	278
245	117
192	111
210	28
212	98
90	220
181	3
74	79
238	76
20	135
39	165
242	51
152	311
95	259
209	314
282	16
233	311
67	164
199	307
252	120
289	226
153	67
312	189
261	12
203	229
12	24
231	100
293	166
197	20
70	290
56	66
276	226
204	74
132	255
229	99
7	279
173	43
301	118
304	294
254	163
106	222
159	104
126	21
36	229
220	74
293	268
41	291
294	95
141	175
244	64
186	118
303	231
305	204
17	314
15	211
137	247
41	248
222	269
8	3
24	160
268	252
176	278
233	98
286	244
142	210
290	235
55	297
115	66
280	45
227	14
281	276
246	6
48	57
222	181
212	216
310	153
294	106
257	182
205	77
278	269
101	12
138	6
85	180
33	292
252	168
0	43
54	146
93	258
90	301
296	60
23	59
280	203
64	8
228	129
121	73
312	130
50	119
281	73
4	27
144	240
181	21
54	269
59	271
97	176
208	93
247	142
192	236
174	44
67	146
30	298
214	199
218	10
271	4
233	190
241	155
3	196
150	21
133	35
28	80
9	237
235	311
194	51
69	75
308	63
310	303
147	123
76	51
237	229
184	213
7	261
22	293
163	135
103	220
35	68
199	183
105	257
113	50
186	216
224	27
120	92
156	106
139	226
99	227
307	238
91	301
1	197
211	185
166	151
4	54
298	279
300	55
28	172
11	44
284	198
232	82
215	196
198	260
200	99
303	82
81	160
227	276
118	153
48	55
266	114
51	98
17	86
236	94
90	80
296	155
259	17
226	196
134	69
103	201
84	218
175	141
269	120
17	231
0	57
164	65
130	286
204	313
77	5
60	67
55	295
151	116
83	290
46	154
249	14
234	272
216	198
91	233
309	82
2	196
40	47
39	73
259	207
179	312
310	71
226	93
191	259
183	302
97	51
170	155
26	113
154	170
211	55
29	196
86	31
33	129
16	71
70	270
73	58
291	79
220	191
108	60
204	110
132	211
82	184
100	175
83	241
301	90
139	131
12	147
160	12
159	76
161	293
18	230
271	296
55	178
38	237
41	287
97	285
8	80
62	231
155	259
263	34
68	138
89	11
217	126
283	130
3	271
38	124
206	24
99	126
84	266
67	306
230	162
274	312
153	281
71	252
56	299
94	167
115	94
122	39
30	213
125	218
181	173
37	13
20	75
289	257
96	305
301	14
261	303
100	281
137	273
84	232
212	37
178	85
201	231
125	186
189	269
41	219
291	247
299	5
276	270
248	33
57	59
124	216
192	200
265	6
212	251
300	200
16	38
70	233
73	91
255	167
93	8
130	50
59	152
301	189
150	49
299	229
190	72
104	137
196	279
214	82
52	105
308	19
257	189
59	9
5	93
189	272
119	83
156	223
49	51
177	70
16	196
15	148
199	155
36	271
248	245
224	244
187	173
299	56
136	19
65	147
252	195
284	187
267	85
86	267
129	58
163	132
146	180
203	45
131	280
234	152
116	236
172	78
48	68
11	72
269	186
146	199
55	259
222	106
4	185
171	270
220	267
10	128
229	28
161	191
195	132
51	126
185	198
108	117
145	5
202	254
296	119
60	240
297	194
6	92
64	243
240	146
309	187
212	126
150	299
280	310
258	175
186	304
178	58
61	282
282	217
211	245
249	42
122	280
175	278
101	279
141	162
144	202
218	65
309	182
147	199
185	120
258	94
188	131
9	170
187	216
267	276
279	306
116	162
292	249
53	177
291	154
184	64
292	161
294	133
5	62
305	274
6	265
9	59
191	263
103	97
52	127
313	143
56	122
75	310
130	183
277	196
236	148
46	259
251	233
142	104
126	45
314	41
222	314
134	125
277	53
86	292
45	185
255	159
211	305
284	137
288	204
71	83
109	156
142	250
75	20
186	113
115	141
243	64
53	106
194	154
283	67
250	18
158	38
265	292
145	102
292	275
117	226
295	262
152	48
61	74
44	6
190	232
47	11
13	167
51	76
300	19
21	81
140	290
167	214
297	204
6	78
240	221
105	129
141	67
228	246
43	76
71	262
74	38
185	25
114	209
274	303
61	300
185	225
191	87
249	52
302	46
285	14
214	156
252	71
90	102
275	8
191	220
22	185
117	245
161	216
80	29
103	6
255	281
69	114
141	293
235	150
201	10
220	226
147	66
130	22
167	191
274	264
148	175
131	151
126	204
163	66
36	220
42	39
16	282
308	88
65	206
228	270
43	307
14	129
142	122
254	144
1	156
19	237
147	161
227	78
48	145
139	42
27	253
219	284
307	38
240	195
314	60
99	136
172	50
269	222
204	297
196	278
117	259
256	125
240	82
94	141
41	7
4	157
81	232
154	302
262	71
101	229
236	215
178	152
260	291
248	3
168	282
169	177
203	311
41	144
223	170
200	278
122	107
176	275
225	223
178	107
289	84
173	136
110	252
313	94
13	200
278	182
275	292
282	61
288	4
190	33
140	179
148	30
70	180
41	188
144	211
162	120
275	126
137	25
32	289
5	78
33	216
87	261
272	138
129	311
2	63
76	26
178	162
80	221
82	241
9	87
83	56
103	133
86	71
221	208
244	180
287	19
220	103
58	262
241	46
116	48
79	172
137	251
265	270
174	309
213	64
31	73
288	121
142	68
35	10
183	130
142	272
5	308
44	196
27	260
120	162
122	138
142	247
145	177
94	236
77	268
44	91
171	281
193	173
67	266
310	228
286	40
290	55
54	4
165	15
58	203
13	89
82	309
10	86
28	281
195	110
65	137
179	159
17	8
217	188
21	310
43	162
187	186
249	103
232	233
285	97
141	103
198	88
74	90
2	239
114	245
213	190
43	51
64	92
165	80
121	29
174	17
50	35
3	95
308	181
253	154
309	156
229	299
111	288
97	4
5	243
208	1
218	250
9	240
174	128
122	288
197	33
35	218
259	231
201	38
241	79
165	254
80	203
298	30
62	79
12	250
179	305
18	145
38	212
59	49
223	216
79	178
174	20
45	126
60	49
233	201
171	290
217	23
163	207
92	63
140	92
79	258
129	101
124	274
79	291
136	43
135	13
193	14
47	223
68	48
234	216
198	281
273	118
1	105
75	46
239	169
78	105
290	218
172	22
10	201
245	237
175	123
151	313
216	72
206	117
54	22
292	293
38	257
95	304
312	179
216	186
229	84
148	236
231	304
16	55
14	302
162	143
21	90
219	66
185	214
276	251
229	165
232	215
50	66
178	15
198	74
207	233
292	27
20	128
97	165
115	258
208	96
154	36
307	158
49	314
50	213
161	62
109	268
146	298
128	289
292	106
76	175
121	147
99	278
169	264
154	87
46	89
174	146
12	25
105	73
15	60
308	42
202	158
238	175
241	121
277	139
225	202
244	210
119	120
311	223
35	89
115	31
291	35
274	25
21	150
283	28
116	20
244	65
82	100
65	164
48	220
265	298
139	247
32	43
89	46
226	8
240	142
94	313
88	116
129	201
7	52
101	297
122	174
49	198
142	211
54	113
41	127
248	210
152	249
280	46
8	147
27	145
120	301
48	58
11	142
13	158
216	86
108	28
280	75
37	104
75	173
38	307
276	26
95	294
297	251
226	51
250	284
136	311
69	25
11	287
195	74
88	16
17	244
293	214
126	202
60	78
23	58
9	306
282	240
66	293
229	215
213	298
50	116
88	191
141	139
180	301
236	271
309	79
2	243
202	225
39	90
167	97
24	209
208	94
100	68
228	17
252	159
174	45
232	84
231	4
124	66
197	116
70	130
201	113
164	67
292	152
221	110
128	306
25	259
24	107
192	284
104	174
12	15
160	128
13	290
182	269
218	186
291	64
189	314
275	177
168	277
223	175
7	260
281	232
284	33
251	62
36	276
19	180
204	167
21	152
144	282
116	26
135	224
193	121
49	103
32	57
206	135
110	206
276	202
143	287
314	5
277	127
5	282
8	50
300	48
11	47
228	144
215	199
0	284
54	67
291	271
21	122
4	198
178	185
282	166
245	248
109	3
30	232
13	144
31	305
309	22
71	158
233	235
298	137
293	224
295	252
279	77
249	267
255	196
239	238
232	164
107	202
106	142
108	161
71	303
37	235
3	23
63	241
249	13
302	1
260	27
235	46
0	169
110	180
59	284
220	280
190	204
211	73
143	222
144	228
164	113
20	267
115	203
218	119
298	85
100	217
12	61
106	160
252	268
180	81
1	208
291	78
233	207
241	101
120	290
277	175
80	165
214	157
245	283
282	279
85	220
305	158
161	292
270	70
126	275
184	131
38	226
95	122
8	81
62	228
78	38
139	19
230	136
89	10
43	0
241	244
146	67
129	25
8	62
25	216
44	140
171	117
45	229
48	87
230	163
267	183
51	194
72	93
181	293
74	289
198	284
240	57
293	1
276	79
210	311
28	210
297	189
125	200
188	146
128	120
239	64
41	73
184	314
137	272
265	178
212	38
13	19
141	94
14	276
91	73
74	3
289	128
40	143
3	5
276	173
280	296
266	177
229	203
140	154
32	276
235	28
298	117
110	70
195	181
3	146
97	211
208	58
171	78
209	279
228	53
172	17
245	160
20	272
30	263
88	266
155	75
308	109
271	27
256	280
275	92
224	218
22	13
26	64
194	34
66	43
86	46
178	263
197	249
289	264
73	43
55	207
183	58
223	131
5	92
244	4
139	176
287	8
239	259
59	121
138	194
82	58
120	121
229	313
66	205
32	69
201	44
269	296
73	261
129	287
183	216
95	106
177	189
162	65
172	79
288	263
193	246
196	295
215	235
72	75
1	81
274	273
131	168
277	143
51	193
31	277
89	310
6	136
20	90
77	87
259	12
261	272
64	244
136	268
158	168
161	132
70	62
112	192
311	288
223	152
279	198
192	168
183	127
249	41
232	47
105	295
268	85
74	132
55	211
114	47
22	172
80	99
26	35
100	110
205	134
285	172
56	140
184	65
312	118
203	151
313	291
66	69
167	271
9	58
83	31
156	191
4	123
52	120
56	123
217	139
245	261
76	70
125	115
187	77
80	129
244	10
300	228
161	244
284	27
12	176
106	23
135	202
203	77
204	226
132	71
157	202
48	228
164	135
236	147
308	256
75	23
148	199
312	264
214	293
25	180
135	75
193	192
213	141
196	75
166	40
217	202
181	313
165	219
57	267
94	128
222	85
60	272
78	179
81	253
227	289
155	12
122	73
17	123
221	303
288	279
302	260
112	111
269	270
203	312
60	135
226	251
129	140
137	268
40	82
11	295
105	128
88	200
107	164
162	201
255	100
112	254
97	142
187	251
171	29
299	96
248	270
249	286
157	66
304	87
69	224
87	129
21	313
130	100
39	98
170	223
208	38
117	244
121	241
29	8
12	64
231	76
268	218
169	140
70	202
301	171
55	162
265	217
204	50
236	164
244	233
82	252
258	301
137	127
29	185
106	246
33	190
180	59
146	188
271	236
75	295
113	104
238	251
204	129
75	110
260	115
33	85
281	18
169	299
83	154
102	74
286	285
59	296
265	252
95	57
277	70
260	2
262	282
65	126
78	41
159	166
206	98
290	179
121	260
94	227
166	220
256	308
216	163
118	229
246	250
48	97
11	119
32	208
258	134
34	204
296	310
255	308
292	258
310	161
314	172
98	81
143	199
51	93
215	124
194	155
237	307
21	291
24	121
23	3
232	185
63	184
176	276
81	29
90	198
17	174
127	95
256	156
28	149
167	78
60	4
135	192
245	0
67	287
211	144
302	57
69	210
289	196
177	144
57	96
22	72
188	160
26	7
202	144
211	1
230	303
215	143
231	174
73	96
92	260
93	125
121	157
132	261
169	118
79	62
272	148
83	59
156	131
194	74
179	290
15	72
133	24
282	262
19	141
113	26
42	22
281	28
120	52
285	275
46	284
230	9
32	0
305	166
14	144
307	134
254	131
1	237
203	105
82	16
101	308
193	51
47	200
243	254
213	48
86	294
234	215
217	181
0	291
74	278
202	173
276	197
186	18
95	188
98	240
116	215
8	248
178	265
28	235
176	36
175	116
233	21
216	123
179	113
17	126
75	128
66	6
199	147
290	120
30	18
291	122
89	284
17	15
54	180
310	266
314	289
64	134
207	308
101	103
249	102
88	164
10	78
2	236
167	124
295	11
43	50
26	230
247	306
29	123
98	39
214	185
107	17
53	117
36	19
3	234
242	142
150	15
227	194
81	276
67	114
211	15
45	55
255	108
33	233
87	282
184	107
222	214
185	278
204	86
5	3
248	8
180	230
278	196
182	271
183	98
224	113
178	79
194	192
244	124
156	0
284	77
89	35
270	8
165	222
38	36
82	2
266	205
267	156
72	52
115	174
129	83
244	224
169	36
78	110
244	274
38	30
11	147
68	64
198	169
145	51
54	23
129	204
257	311
259	55
6	138
220	187
27	51
10	89
30	28
33	296
102	294
1	148
40	166
175	171
220	173
151	82
279	207
67	25
88	178
235	69
310	276
290	296
147	145
111	192
126	104
43	32
295	21
29	77
231	17
87	187
74	220
93	208
207	215
3	216
167	195
244	172
117	218
100	38
119	202
124	188
275	122
74	104
238	172
254	269
100	181
115	268
102	145
230	90
67	202
275	176
309	174
19	169
58	283
39	282
277	251
298	144
172	112
299	233
66	148
267	61
160	81
65	42
307	226
92	14
4	66
55	18
8	5
193	31
206	174
266	310
198	264
0	271
219	263
182	59
233	102
58	125
149	162
81	180
99	213
283	10
11	129
124	270
17	90
71	171
112	88
123	247
148	110
96	279
223	311
117	281
299	138
135	288
138	4
250	186
178	175
14	313
91	108
110	17
40	148
276	138
205	220
286	137
192	127
301	307
229	214
232	198
235	51
198	69
273	274
147	159
258	102
242	35
23	170
26	250
119	299
211	186
52	224
90	95
109	273
147	12
270	267
39	42
313	181
153	245
261	124
64	296
9	232
104	175
12	8
306	279
143	120
3	294
57	255
311	28
59	239
170	38
244	33
195	223
122	28
86	114
52	6
15	178
36	277
220	90
44	264
62	251
45	97
66	230
196	306
31	18
89	63
200	22
131	141
129	14
35	242
21	8
95	113
313	184
189	236
172	100
10	283
48	90
284	192
286	228
253	15
1	116
169	0
299	169
204	224
189	93
118	111
88	112
31	304
179	91
293	181
185	128
81	55
134	59
200	237
246	129
306	106
34	103
162	144
93	274
130	284
258	201
263	200
24	177
43	255
151	181
209	139
228	177
158	220
232	114
54	285
112	308
3	167
170	246
23	184
272	312
191	156
29	81
157	28
235	190
292	143
3	308
167	231
209	97
64	294
179	265
29	194
123	171
160	159
214	70
16	185
35	231
201	243
108	174
223	156
156	213
103	192
100	169
71	314
156	203
174	300
103	204
31	115
197	135
126	55
274	122
42	238
210	18
48	249
102	12
122	164
282	146
160	125
71	105
308	301
19	306
113	179
131	300
152	167
229	137
79	276
193	251
176	29
236	209
118	209
297	265
125	86
74	55
290	13
233	251
232	142
226	101
99	241
283	22
11	173
13	129
216	51
191	27
224	277
41	72
24	16
278	303
64	231
63	145
163	192
140	260
214	263
306	28
215	58
3	4
222	152
259	174
188	24
213	312
279	196
46	170
141	136
175	258
155	279
235	31
105	161
307	237
93	149
258	74
236	189
279	288
267	280
140	106
69	156
16	24
143	47
231	207
238	235
241	133
57	35
261	80
227	127
119	188
156	170
268	134
197	248
24	12
73	42
291	127
183	53
275	173
59	11
42	65
170	26
194	163
210	117
83	129
31	97
234	127
287	11
15	150
183	170
41	271
132	82
260	47
8	64
62	151
120	122
247	137
284	181
86	265
14	90
200	50
109	168
182	102
94	260
273	290
314	38
109	308
8	47
229	310
300	21
28	178
47	150
105	123
157	8
215	234
262	23
88	268
293	50
115	311
149	200
249	153
10	142
285	280
234	304
89	309
29	21
313	215
243	146
81	19
266	129
133	313
250	224
190	108
107	169
181	200
74	204
301	258
131	73
277	268
23	111
207	242
63	20
138	189
130	42
105	294
33	65
70	78
110	81
2	166
241	294
249	260
97	236
150	86
190	233
228	36
260	279
18	294
291	156
215	207
292	163
8	157
177	165
100	254
123	183
33	163
287	104
180	54
120	308
102	233
5	77
281	7
135	164
119	35
284	20
139	167
210	244
89	244
254	100
182	193
113	206
236	116
204	227
26	84
25	10
99	15
82	45
178	286
150	195
301	205
85	96
86	283
159	179
184	271
217	265
166	163
115	25
48	116
286	50
269	170
195	138
255	257
262	308
264	293
295	216
101	241
229	12
196	219
34	42
137	146
238	314
148	38
21	272
78	291
259	44
249	73
175	177
306	0
175	229
91	84
313	82
187	271
24	155
7	257
117	66
279	215
220	216
229	238
232	30
140	191
221	247
289	201
37	257
256	299
168	176
42	259
249	152
134	307
192	214
211	114
158	204
303	261
268	219
90	23
235	267
2	43
243	123
106	204
245	134
156	142
192	62
243	270
184	63
162	251
59	23
260	124
153	94
281	17
264	119
173	99
12	167
305	171
159	16
18	58
1	146
183	142
55	21
25	20
99	61
135	43
135	134
114	188
307	40
200	46
310	213
1	3
94	224
95	73
25	133
99	138
27	185
155	108
23	76
179	98
109	211
288	107
273	25
112	15
240	84
94	115
312	285
149	236
61	90
279	7
84	173
166	93
108	91
297	165
301	266
93	297
40	203
224	52
131	20
24	122
43	182
81	127
134	3
259	128
212	73
194	215
25	5
108	234
127	94
110	130
37	162
112	282
261	132
279	229
248	285
265	193
29	104
288	193
63	16
141	196
90	118
218	35
37	307
111	284
224	262
167	222
116	284
278	39
261	21
9	196
83	77
197	61
144	71
201	289
213	30
292	199
241	83
59	180
241	239
8	268
281	265
137	104
174	231
103	135
305	84
14	230
59	280
109	92
237	39
132	149
116	50
136	80
301	160
230	14
68	189
31	75
35	12
55	81
272	115
149	28
184	268
206	39
45	155
283	176
209	299
284	239
119	290
145	183
75	50
58	102
186	19
116	208
176	97
285	129
309	288
216	124
188	153
145	64
255	293
290	308
310	176
148	75
276	0
4	141
152	14
64	176
118	103
9	172
28	283
183	267
30	19
87	70
96	147
219	118
202	2
111	76
239	123
130	283
228	232
25	294
157	180
285	127
88	165
141	101
57	0
267	209
295	10
208	116
173	276
174	23
231	226
252	101
173	166
143	246
36	28
309	154
151	166
167	204
170	176
278	49
261	7
119	247
102	277
170	156
12	101
231	115
175	125
92	283
19	7
147	96
59	194
306	300
150	255
292	175
248	9
301	1
174	241
311	221
288	26
197	176
35	173
18	143
187	102
124	186
120	67
174	170
156	1
304	186
128	158
269	286
217	21
18	30
210	209
129	33
113	228
149	46
132	42
292	244
136	45
101	293
122	154
139	72
86	305
0	306
276	14
184	313
58	104
239	258
314	222
280	34
118	198
246	11
311	210
47	78
50	286
68	65
51	11
134	242
71	180
256	91
19	81
98	114
6	139
229	82
274	6
162	141
181	239
204	272
43	146
245	114
228	158
285	113
69	292
87	197
90	219
108	206
189	257
184	53
3	74
187	313
60	41
279	78
121	45
268	178
231	16
221	240
90	74
174	206
56	214
158	148
306	156
111	304
151	307
200	288
102	263
304	239
69	70
70	289
218	182
36	145
81	8
312	47
241	127
237	128
288	127
231	274
209	83
9	113
174	259
135	160
201	221
288	40
274	244
114	295
25	81
153	4
259	95
199	130
247	214
29	287
86	208
288	135
253	139
180	157
75	65
285	279
186	68
24	279
88	198
25	194
189	217
281	278
28	89
11	51
107	283
204	309
145	147
75	222
239	185
266	262
161	240
46	302
24	179
7	232
150	258
71	170
165	33
38	305
276	36
78	232
245	85
7	212
105	206
143	12
114	208
72	257
0	46
121	95
242	29
77	16
169	311
207	267
172	271
192	112
211	204
249	1
50	114
87	219
70	113
73	211
236	265
97	137
207	199
112	273
154	52
119	298
121	63
147	312
146	282
292	154
97	38
298	97
117	171
190	83
83	119
169	248
308	288
86	0
33	244
287	129
15	12
56	83
75	273
93	82
168	279
132	232
112	306
83	228
203	58
230	85
141	213
106	207
179	271
52	7
239	157
96	105
204	202
28	56
233	192
106	94
34	275
199	65
129	13
223	79
8	52
283	106
266	238
233	81
118	202
269	147
72	81
166	167
128	195
92	140
129	190
263	182
296	271
167	47
243	8
172	244
45	258
98	233
286	251
313	204
162	62
202	217
131	223
61	130
214	213
262	13
10	122
138	55
302	148
234	290
17	228
93	273
111	118
41	238
314	209
280	220
9	290
63	243
66	309
297	127
281	52
231	167
152	24
87	233
144	225
181	100
164	236
57	46
3	166
116	293
154	6
211	75
29	80
157	27
124	82
36	38
222	312
93	51
259	155
97	48
80	8
6	288
261	298
247	278
73	63
281	118
79	241
281	42
247	264
287	171
161	314
35	119
305	35
1	187
41	284
80	310
162	230
290	70
45	82
139	310
304	84
273	6
253	175
73	281
178	294
300	188
152	168
116	153
130	232
7	26
47	131
85	60
79	145
274	305
273	66
146	208
310	201
293	15
131	188
115	35
297	68
81	151
278	172
28	300
122	274
178	193
61	127
19	86
58	129
60	253
209	107
123	243
13	17
252	207
14	282
127	183
204	106
20	197
313	53
60	108
43	236
261	189
299	6
228	160
48	262
157	124
273	188
144	223
105	221
133	162
20	180
59	300
97	209
192	203
265	11
194	227
124	96
90	48
6	286
237	191
93	5
275	94
108	190
97	66
121	298
79	86
6	274
299	292
137	65
194	18
213	310
124	215
15	96
73	41
36	187
203	192
76	82
294	25
251	193
225	230
133	149
62	5
130	312
83	128
156	218
284	7
246	270
305	142
159	63
161	308
144	268
199	148
55	126
108	155
97	300
116	120
44	237
167	296
155	274
263	13
156	73
267	86
71	94
254	202
129	105
94	261
23	283
206	105
44	124
176	12
175	76
283	107
179	9
217	254
222	282
293	49
19	167
169	99
78	167
81	129
99	254
118	14
291	174
105	11
293	163
181	166
128	94
238	297
280	292
86	216
226	231
64	246
183	141
232	130
195	22
197	294
162	181
0	24
74	51
256	178
185	12
295	115
188	47
26	190
191	209
249	47
232	17
50	8
158	313
52	292
144	205
73	249
164	0
135	179
40	14
258	93
5	170
228	37
35	309
218	255
124	231
312	120
20	297
22	29
150	198
244	229
64	259
42	146
12	35
31	193
36	169
55	223
203	254
40	300
204	141
132	178
298	198
62	55
45	37
248	79
156	40
31	86
254	101
36	312
184	161
21	204
95	53
227	69
263	3
304	112
51	179
290	191
199	27
92	247
94	247
96	242
95	90
78	6
135	69
146	308
47	167
287	259
75	230
122	142
98	93
226	6
10	177
138	74
11	200
266	301
13	164
31	261
62	8
134	194
54	174
112	97
111	43
24	182
165	168
299	213
289	249
229	156
67	49
298	146
265	171
162	199
127	171
164	167
202	126
313	81
259	141
299	98
63	5
211	132
229	237
213	221
158	299
141	209
218	94
127	56
292	67
311	161
39	28
42	256
154	108
119	274
191	161
29	6
103	3
195	290
269	223
197	74
35	291
18	281
312	147
221	84
132	273
314	133
8	287
7	313
282	218
102	249
85	287
214	125
52	72
244	137
55	45
42	34
79	219
281	16
119	48
12	160
72	139
274	81
126	136
276	285
4	122
42	181
99	60
48	148
212	261
304	110
51	129
159	160
307	43
200	47
182	67
184	286
96	128
297	1
247	163
268	137
176	40
144	270
264	289
75	148
78	131
262	58
155	28
229	61
30	38
268	277
125	252
142	266
191	200
40	204
58	183
77	121
154	266
226	139
108	119
82	287
231	158
275	201
15	263
17	172
54	299
2	280
76	311
162	106
167	72
209	210
254	11
303	278
50	44
268	109
144	41
164	36
2	139
221	53
114	81
178	180
245	182
211	3
103	49
231	124
243	106
126	146
19	30
241	82
204	34
121	307
82	236
190	21
247	92
104	214
177	0
31	165
273	136
237	38
55	35
311	85
88	239
244	104
227	16
173	84
161	143
29	314
286	269
185	180
179	216
163	194
220	17
59	78
22	283
206	36
62	162
193	49
47	202
85	3
78	275
159	150
253	87
290	195
12	163
146	137
207	259
77	265
209	127
120	276
28	229
125	29
198	189
222	143
128	153
38	266
297	156
61	107
136	23
47	40
33	284
141	19
17	13
213	99
192	286
4	285
188	82
9	283
192	21
300	270
176	260
250	279
69	305
90	214
162	235
91	179
256	259
39	179
291	313
207	279
26	228
279	250
173	275
239	280
29	121
190	189
231	29
69	194
74	116
56	201
164	42
37	292
130	70
114	67
276	300
178	32
261	6
82	27
46	82
139	284
12	102
33	239
171	265
244	247
53	228
211	142
76	11
149	49
79	14
120	128
154	243
284	139
103	180
305	69
52	44
180	25
53	277
291	54
96	78
59	50
116	1
184	245
227	30
83	184
148	309
85	164
303	221
269	285
72	167
18	31
209	179
4	94
206	54
189	198
85	21
68	51
216	220
188	137
273	107
56	261
129	81
239	170
188	258
61	12
8	232
27	132
10	244
122	10
51	10
17	110
159	301
165	62
156	309
259	57
61	125
299	158
104	126
246	187
182	296
14	301
37	244
313	14
77	29
259	70
202	272
280	193
279	155
191	21
28	52
285	112
69	291
289	117
127	125
164	201
93	189
20	131
39	161
97	186
295	59
23	150
270	248
190	215
121	44
194	138
237	190
12	116
144	21
53	69
291	198
164	88
47	39
303	24
114	117
126	248
106	292
248	169
265	77
190	234
39	237
214	56
171	287
1	301
183	270
242	212
63	269
284	46
103	170
160	228
254	82
56	53
293	264
166	14
39	276
223	203
244	76
300	174
288	152
142	39
270	24
163	254
1	207
310	115
113	149
4	76
42	155
5	277
79	306
236	106
10	279
98	106
303	80
291	90
288	247
167	230
219	183
165	95
183	272
280	49
62	297
101	167
11	131
50	273
196	141
162	45
256	42
220	283
126	212
131	208
278	257
155	246
229	67
11	272
107	209
105	228
0	47
128	20
274	219
178	146
191	167
64	12
121	77
212	124
252	27
181	17
54	257
93	143
278	99
302	101
201	134
271	0
164	78
275	69
150	41
244	188
117	170
119	218
148	48
16	77
215	22
218	185
291	69
180	244
153	100
281	95
0	45
66	117
251	51
219	83
146	61
98	212
113	54
173	193
97	263
80	313
298	128
62	249
102	16
106	95
234	168
252	282
200	24
109	194
109	153
224	6
175	223
132	15
262	224
254	120
11	32
230	180
251	273
182	245
0	287
219	133
146	223
140	169
4	193
81	164
155	87
263	206
178	204
286	117
253	234
219	50
278	275
247	172
64	235
223	29
101	58
193	265
212	19
87	123
182	174
233	216
20	48
313	42
60	95
266	119
256	35
64	26
265	314
66	306
50	101
69	263
176	217
150	241
238	108
59	273
97	198
253	304
279	285
282	112
117	210
104	112
232	69
30	280
268	3
90	47
201	314
164	124
221	125
312	222
25	274
35	112
248	197
104	159
269	293
86	19
287	118
35	233
143	72
184	23
28	122
59	255
153	118
268	194
173	11
66	71
123	26
305	147
218	314
146	47
32	125
41	259
224	45
223	47
264	62
263	30
183	213
49	150
159	217
254	217
235	237
19	308
148	302
135	308
115	181
23	260
116	154
79	278
67	310
148	262
200	149
309	285
240	60
248	192
60	271
151	160
190	228
111	280
164	256
197	115
224	282
202	200
121	227
41	78
107	305
6	102
134	43
11	76
212	33
225	262
13	16
87	9
125	182
185	45
127	182
276	39
90	230
117	108
286	198
63	224
84	91
67	229
69	265
73	206
255	210
46	71
170	230
98	267
190	253
228	48
191	140
29	33
201	27
250	280
73	95
291	144
3	292
189	68
261	94
9	13
83	18
221	72
305	60
301	297
287	100
15	99
36	164
220	137
203	195
59	13
79	198
120	13
248	66
212	196
284	0
172	285
226	117
92	115
265	302
203	80
294	105
132	92
62	149
264	44
247	139
139	2
68	228
162	133
34	253
254	203
38	98
166	183
115	131
206	110
27	223
120	235
104	244
67	292
250	12
209	118
269	182
181	308
117	263
55	287
149	214
78	164
61	52
311	235
262	95
51	66
61	20
7	247
175	60
13	177
216	3
276	207
205	31
297	198
245	184
65	290
197	293
162	178
276	190
60	99
297	188
207	252
299	119
63	22
87	69
118	69
221	249
70	76
308	207
91	201
39	105
154	27
282	84
156	267
123	216
237	35
35	308
18	292
270	219
202	303
20	298
313	288
257	175
66	56
85	268
300	232
167	179
35	133
184	51
38	178
59	27
135	166
230	96
103	242
92	109
165	309
183	186
95	52
116	79
120	138
211	309
198	286
206	263
200	34
163	182
1	55
247	248
186	125
270	94
23	296
25	185
288	308
262	190
264	169
11	122
105	107
106	308
202	157
240	88
41	25
297	167
167	297
82	87
155	1
229	10
122	84
105	244
179	135
91	57
37	45
221	256
272	210
6	66
279	96
295	114
232	241
70	47
162	196
185	29
39	142
310	106
13	120
279	209
238	102
267	207
269	259
50	59
241	160
57	91
3	243
5	155
171	175
42	162
174	104
212	166
90	21
143	13
271	120
184	82
15	293
204	45
225	144
298	38
64	274
119	130
104	233
68	314
31	182
282	14
166	149
55	44
221	196
132	161
244	27
210	87
83	159
159	168
230	18
106	4
288	111
171	314
143	291
146	5
38	63
96	18
95	58
8	126
135	37
291	108
304	111
12	304
51	128
288	222
307	42
114	42
75	6
28	174
96	129
115	159
0	312
44	97
264	275
49	148
175	99
213	156
51	49
260	167
71	210
219	275
4	153
214	220
136	273
222	278
111	289
30	39
51	94
183	147
91	55
110	273
93	295
94	0
276	227
277	265
278	219
109	266
10	51
249	89
225	309
282	271
38	121
181	42
311	257
301	210
293	141
278	74
173	181
245	13
191	65
157	81
231	238
151	203
109	312
127	41
267	252
308	126
263	208
119	227
235	120
174	122
12	113
306	274
15	36
73	101
201	56
37	83
275	139
59	182
207	55
8	270
234	108
190	26
143	162
194	73
234	48
52	95
180	20
237	37
220	99
38	222
224	102
295	261
244	105
82	124
246	307
251	137
199	105
182	163
274	64
13	143
188	273
42	164
206	37
165	9
136	33
263	102
221	188
208	199
215	183
198	291
290	192
94	208
77	264
102	204
154	265
243	171
189	36
172	28
44	283
286	44
159	294
202	177
58	215
96	270
314	189
134	96
27	38
238	225
195	82
290	119
162	121
0	68
256	254
180	213
3	49
41	134
61	219
176	168
67	44
15	276
108	218
92	123
164	225
112	285
148	139
114	241
178	132
295	4
130	119
185	171
282	11
191	119
261	312
302	78
214	188
90	70
83	234
219	278
312	180
25	299
26	20
134	285
174	132
140	44
13	314
296	207
73	23
291	168
280	145
76	4
224	133
7	284
100	130
102	154
304	301
106	233
258	236
199	206
10	6
55	48
113	9
132	133
25	69
153	56
281	243
264	21
139	253
193	254
177	116
146	105
75	85
148	261
166	108
187	233
116	177
215	103
203	171
28	69
177	275
196	9
200	76
54	123
129	80
239	181
162	205
61	11
99	168
262	148
122	11
23	75
179	64
17	109
145	48
219	41
37	98
222	38
98	112
81	200
154	270
118	119
237	211
13	249
141	4
303	41
221	233
256	204
185	218
314	71
60	180
208	213
265	146
0	245
158	231
144	135
201	257
229	118
147	146
312	199
259	214
43	37
100	82
194	139
69	179
107	0
186	183
308	135
56	216
66	273
221	24
170	160
9	230
191	202
29	251
33	248
185	246
272	234
201	212
147	112
298	307
244	222
9	119
83	216
113	186
174	257
278	311
300	83
161	284
237	9
166	15
59	67
218	84
209	185
264	3
28	36
66	147
261	245
143	277
1	206
257	100
186	66
149	62
57	82
206	1
47	233
230	187
286	249
275	219
0	258
128	247
146	234
112	283
183	275
186	53
314	238
152	253
49	293
187	155
263	219
237	243
51	27
179	78
162	42
75	161
77	189
312	182
249	150
111	302
179	51
17	232
0	32
142	165
168	108
296	33
23	54
81	75
279	168
282	252
301	304
152	234
284	250
12	68
235	52
170	265
255	57
57	34
189	59
268	222
63	92
67	153
231	0
16	63
192	310
271	3
311	232
168	138
80	28
198	241
218	199
119	213
33	138
197	1
210	285
220	166
312	63
147	65
82	195
63	306
230	75
305	96
89	147
126	8
190	237
220	85
58	296
21	164
191	237
42	251
152	219
136	124
232	285
156	103
230	218
91	288
201	288
244	135
311	233
262	225
268	144
84	257
118	287
233	87
217	224
264	312
273	86
75	206
263	288
98	165
226	110
153	310
232	281
276	198
162	60
298	261
151	227
40	246
209	24
280	175
100	272
7	196
28	108
302	154
158	176
34	98
155	228
138	36
111	112
235	290
156	238
61	241
134	201
282	206
229	197
238	239
231	161
271	224
287	250
112	98
167	19
188	244
9	177
297	151
104	113
212	242
144	114
36	32
147	31
130	61
294	146
25	273
298	81
29	223
33	132
70	259
308	10
61	183
242	306
170	23
100	313
210	126
301	85
123	29
305	146
161	312
179	209
163	12
146	44
304	245
58	314
193	214
42	237
189	138
62	232
300	147
193	79
49	149
86	242
89	14
72	242
109	179
205	266
297	57
116	155
118	312
300	34
283	122
230	167
303	119
309	284
75	252
148	158
41	60
98	183
277	31
210	307
163	46
47	114
208	181
127	288
233	232
58	143
222	12
95	262
98	38
61	146
64	31
88	240
313	80
181	195
19	148
193	74
40	115
313	59
274	138
23	90
66	248
265	184
122	275
158	205
90	143
53	57
70	280
74	158
39	122
93	161
116	309
209	267
119	264
113	152
174	77
50	231
45	174
35	265
143	40
138	272
275	285
97	64
133	2
26	76
208	114
104	142
196	284
197	229
255	43
237	78
40	288
310	89
79	193
264	94
301	71
85	234
303	295
31	98
288	68
142	99
166	135
142	230
19	212
38	16
258	282
281	171
210	3
28	30
156	75
14	89
290	171
254	200
94	267
96	230
151	158
289	188
7	10
10	314
11	79
192	243
307	126
71	233
273	50
274	269
139	209
296	237
314	49
186	168
47	128
101	204
47	0
125	214
0	107
150	179
20	102
148	19
77	83
196	212
67	69
105	154
166	275
192	296
270	300
283	92
204	193
314	218
188	41
265	170
84	106
157	76
309	287
252	78
272	20
127	52
93	228
275	1
240	190
23	217
171	176
63	102
191	189
231	90
143	62
237	175
270	273
76	243
8	275
261	79
122	9
191	258
85	267
12	221
251	127
69	28
52	68
15	112
61	36
56	127
216	234
127	142
311	115
5	74
290	26
282	39
135	161
265	277
104	267
221	83
89	249
15	225
199	132
274	93
21	202
314	68
223	2
136	6
45	180
48	152
66	219
194	260
12	259
1	297
215	126
133	103
239	130
31	235
154	291
25	184
310	134
48	119
267	215
216	99
215	245
253	34
292	280
151	225
58	48
131	154
180	110
280	106
101	254
28	306
176	139
105	251
240	293
54	172
20	116
77	69
314	265
23	9
134	20
124	244
105	132
178	114
306	63
2	260
185	28
22	195
156	229
208	139
242	302
190	271
63	7
207	146
122	120
212	181
140	186
214	145
107	41
293	278
285	276
164	48
39	30
22	178
100	283
117	240
134	310
121	245
104	91
50	139
197	72
73	122
271	123
184	83
222	210
59	187
170	106
133	102
250	114
23	188
137	99
156	137
78	296
201	162
235	282
233	299
237	50
240	282
183	26
40	284
260	127
279	281
75	121
246	256
119	50
66	186
139	208
262	266
44	50
270	48
185	209
257	13
75	83
260	14
210	231
28	98
284	100
267	116
200	81
129	75
293	66
160	58
206	75
268	234
27	186
263	128
161	172
55	264
203	280
34	200
253	52
188	283
129	228
222	75
78	129
229	175
55	290
266	55
250	144
23	89
215	120
198	208
20	122
58	181
131	25
10	48
24	303
13	37
289	111
2	278
12	143
180	146
208	121
48	234
266	93
121	22
104	58
302	61
87	147
90	117
53	111
267	94
43	73
209	216
265	87
29	22
13	263
287	184
180	102
143	18
180	258
55	140
147	87
241	80
294	218
22	63
218	125
153	188
62	70
190	27
156	292
247	94
68	297
289	314
53	257
203	156
40	266
44	306
82	125
265	305
85	144
160	73
217	8
168	212
109	234
253	68
19	254
4	106
25	235
99	44
227	99
264	247
263	97
47	212
284	234
267	98
51	145
260	183
177	266
58	101
78	96
62	307
101	129
58	82
233	25
51	62
179	117
3	248
129	246
293	197
41	116
280	70
64	179
262	42
229	45
11	246
236	2
192	163
272	196
54	136
185	207
258	239
205	52
240	28
81	110
124	103
154	116
197	87
87	48
168	158
292	18
311	278
168	0
199	276
192	134
104	40
212	201
312	286
30	148
126	307
255	149
238	55
130	68
97	31
286	178
106	294
203	84
199	312
312	36
130	247
28	205
206	282
298	27
200	191
245	304
29	249
247	44
171	274
289	308
237	22
184	222
38	201
206	133
44	288
136	65
45	121
247	221
241	88
234	178
257	105
96	63
249	197
277	102
314	171
8	27
101	290
176	71
304	12
72	56
145	166
129	87
77	313
229	244
244	286
193	178
266	88
288	122
106	283
179	67
108	43
71	177
54	235
38	314
98	113
81	207
118	116
101	4
95	121
231	303
158	85
141	3
195	100
93	266
111	95
204	275
251	3
43	151
221	311
95	3
121	65
67	29
158	228
198	79
246	177
255	10
147	149
295	53
117	53
134	268
254	12
243	141
271	246
272	92
201	74
215	190
111	53
224	293
167	255
80	47
154	80
119	198
288	44
194	59
213	269
69	67
107	288
143	118
56	72
275	166
161	273
8	299
122	192
83	219
66	97
284	40
12	229
14	193
126	31
18	252
201	164
55	1
293	310
21	145
39	278
153	9
136	79
65	191
263	52
102	100
29	284
303	237
160	85
215	232
217	100
270	30
143	276
38	74
166	159
270	81
132	27
175	238
263	69
47	232
68	35
43	143
106	170
71	22
309	263
291	260
75	211
94	205
166	238
250	309
243	63
6	233
299	25
10	228
178	192
11	133
30	227
124	266
186	250
162	43
200	202
202	210
257	261
96	299
259	41
226	204
64	159
0	229
158	71
107	211
108	168
219	87
37	228
181	284
168	109
207	276
301	303
48	285
67	11
50	113
69	275
161	82
280	303
73	208
127	109
309	74
150	156
59	261
242	95
147	305
265	236
174	54
214	217
43	57
70	135
143	215
44	201
22	122
150	47
153	249
9	23
174	161
103	69
69	53
313	133
165	88
271	179
247	313
221	154
242	37
187	22
197	314
9	96
296	203
66	115
234	83
12	155
16	222
144	291
146	178
1	174
220	86
166	62
260	55
120	98
229	256
183	219
68	130
86	225
288	168
72	197
91	291
142	240
310	67
4	60
42	139
158	73
99	118
7	33
10	263
230	170
51	251
215	194
200	105
219	135
1	72
310	242
94	191
298	265
81	154
151	286
172	247
246	106
48	45
266	124
195	174
13	139
180	216
199	151
122	220
84	282
77	174
261	295
279	72
262	0
10	121
249	167
302	155
140	274
127	291
174	93
209	313
74	26
151	297
61	240
279	185
138	133
239	197
285	82
234	273
161	108
235	37
73	194
127	297
168	234
42	313
225	15
23	180
128	174
268	61
35	282
218	230
249	273
76	200
204	21
156	302
26	123
46	126
123	175
86	17
214	90
287	112
70	256
128	161
36	176
184	25
38	148
40	307
187	36
80	154
153	116
272	142
29	242
301	84
49	59
286	312
144	273
18	224
220	36
21	181
118	273
196	136
85	72
106	79
89	13
71	101
1	41
310	93
166	187
213	214
23	262
22	62
292	52
309	293
45	224
49	229
51	201
125	82
217	241
290	9
1	90
240	62
95	240
154	309
247	123
245	303
275	174
216	55
215	91
236	74
276	32
239	79
295	233
152	73
226	208
134	41
109	127
229	101
302	165
250	218
88	241
197	305
74	12
310	256
3	8
226	276
295	126
171	52
64	106
159	115
232	38
69	247
141	170
53	56
181	115
110	75
57	61
126	226
242	67
150	88
289	202
160	106
156	311
140	102
214	229
36	206
90	63
143	43
312	109
204	11
228	224
153	213
6	273
221	297
228	198
178	256
125	175
200	261
237	77
310	269
204	178
286	267
80	136
153	70
82	164
45	48
247	20
85	233
18	210
207	296
183	166
96	8
134	205
44	232
38	243
161	155
200	249
17	266
146	174
184	261
94	264
166	181
140	194
78	59
206	108
45	210
200	195
47	146
121	120
291	302
165	99
239	236
269	236
43	305
226	115
44	14
251	297
263	300
252	144
50	293
51	68
251	286
238	41
127	209
155	277
77	39
261	283
279	108
63	131
246	225
302	183
243	259
90	239
198	4
181	212
213	119
112	197
280	311
77	35
60	125
160	186
82	50
282	35
191	47
285	54
268	82
166	114
272	21
144	247
76	157
258	88
97	224
5	151
43	108
81	305
100	107
132	121
214	247
90	1
255	59
55	171
93	20
221	95
313	294
147	162
225	132
8	276
6	259
9	61
173	220
191	269
12	222
173	281
310	280
180	50
272	307
201	147
55	216
130	177
114	266
187	64
236	149
79	214
194	190
264	77
123	56
31	83
234	109
90	291
74	133
239	284
115	226
147	201
300	139
189	173
65	103
139	50
267	121
51	180
14	40
214	274
131	268
205	301
78	5
176	109
135	70
106	306
179	24
181	260
75	155
124	190
131	157
169	82
284	116
268	8
246	64
221	236
47	17
231	276
210	142
128	47
37	43
185	178
58	160
81	1
245	136
11	67
176	283
195	9
295	137
198	118
290	271
309	17
311	269
258	187
278	190
117	78
134	164
46	202
249	62
212	182
105	276
69	235
70	188
313	255
219	268
241	212
191	223
242	103
208	27
173	189
87	77
105	71
73	121
280	59
312	9
300	125
202	289
281	100
106	296
103	141
86	79
227	116
270	134
109	102
204	190
132	163
167	139
114	250
223	225
46	279
123	54
177	194
126	65
146	3
166	70
24	305
251	277
8	96
27	268
135	39
154	140
173	264
72	29
163	166
296	182
239	147
169	51
23	312
25	137
99	142
200	242
131	184
167	166
68	105
86	220
269	216
219	207
77	229
60	291
279	23
154	296
262	57
155	17
138	123
7	242
30	37
88	44
218	208
252	273
162	101
93	293
221	272
58	178
188	95
24	0
64	213
199	250
230	225
13	36
90	195
0	231
164	208
40	94
64	151
261	128
64	68
274	124
50	43
124	38
289	223
73	154
91	215
309	148
238	42
76	129
313	209
146	62
138	8
188	189
127	249
265	86
104	74
140	56
13	262
180	103
312	23
150	249
62	71
107	260
45	225
123	87
293	309
270	144
199	218
56	28
296	69
241	32
59	57
258	180
210	71
228	314
49	67
267	20
31	55
89	212
307	141
298	213
19	257
203	108
149	24
277	83
189	177
62	161
300	84
304	31
216	209
159	147
72	11
289	71
128	237
294	64
276	141
260	140
27	139
48	20
47	68
212	89
205	310
23	73
200	175
202	191
75	135
131	169
60	305
136	126
82	303
101	17
266	38
33	273
186	140
127	251
248	305
93	311
27	199
6	44
187	189
10	35
131	115
181	58
54	312
112	287
114	239
252	265
208	104
245	201
192	135
284	309
312	272
90	68
271	41
164	85
265	174
44	99
258	14
123	281
207	81
100	61
119	243
29	231
103	32
50	172
306	258
270	243
306	66
185	281
224	135
42	114
79	11
111	218
123	101
105	122
15	165
272	269
145	224
257	255
41	314
311	203
187	122
260	92
62	192
155	302
132	10
247	220
203	296
232	124
34	267
254	182
1	242
75	87
67	120
252	212
28	71
122	166
216	223
215	313
200	78
273	104
230	250
293	101
115	125
133	132
61	9
45	282
193	177
47	74
30	246
32	241
106	280
71	176
273	249
165	59
131	231
262	37
266	40
306	67
34	92
72	279
91	21
72	85
156	256
46	129
249	123
13	72
252	0
0	195
312	213
115	264
202	271
154	46
228	105
29	72
28	217
213	299
52	209
144	8
308	5
258	210
258	0
22	105
170	174
48	29
143	58
154	81
137	63
121	162
194	56
86	10
69	66
16	82
35	206
6	216
271	172
57	240
311	5
82	207
268	249
119	118
284	41
275	114
14	198
52	61
264	273
291	41
257	201
21	144
294	86
79	142
210	43
267	157
305	197
72	216
102	282
75	69
196	289
298	300
118	165
65	47
193	18
148	92
186	242
269	157
219	136
165	92
15	17
144	239
28	311
171	301
99	216
118	212
155	90
176	197
36	138
179	80
17	93
127	270
81	215
240	98
128	243
77	187
295	196
299	129
27	4
4	101
9	69
250	199
14	258
17	238
273	132
112	172
168	110
222	161
278	247
223	146
209	156
67	10
306	196
235	54
272	60
127	108
74	120
57	32
241	259
42	308
172	314
152	178
154	221
308	255
88	308
125	134
73	160
116	12
187	230
114	98
5	209
171	233
12	5
33	136
291	57
261	257
38	155
275	183
294	241
150	159
79	239
136	239
9	103
248	41
160	245
14	208
35	77
271	291
19	186
166	63
59	83
42	249
265	281
133	206
259	64
65	136
189	77
294	178
139	27
133	236
203	6
186	82
4	61
51	264
116	151
99	121
27	244
210	172
193	236
47	249
284	221
233	85
216	187
307	100
219	134
185	279
58	8
188	289
280	2
192	290
60	90
103	154
263	203
105	19
208	179
157	211
145	18
219	55
257	278
305	213
272	112
114	69
161	310
228	190
107	192
258	191
108	159
112	218
114	178
295	75
43	242
192	66
14	44
48	268
